binary_comb,PTM_1,PTM_2,avg_interplay,avg_abundance_corrected_interplay,avg_normalized_interplay
K14acK18ac,K14ac,K18ac,-inf,-inf,-0.331135699764118
K14acK18me1,K14ac,K18me1,3.5973618325082732,8.993163505261066,0.30036509940262196
K14acK18me2,K14ac,K18me2,inf,inf,0.2138006098748163
K14acK18un,K14ac,K18un,0.48630504925677775,1.5759765413816742,-0.03540152028042752
K14acK23ac,K14ac,K23ac,-inf,-inf,-0.31920512055717093
K14acK23me1,K14ac,K23me1,2.8553994837468086,7.9619078097863145,0.09462886041626364
K14acK23me2,K14ac,K23me2,-inf,-inf,-0.11965811305159604
K14acK23me3,K14ac,K23me3,inf,inf,0.37136789200614545
K14acK23un,K14ac,K23un,0.3695158068122113,1.2380639003714566,-0.03799710255286945
K14acK27ac,K14ac,K27ac,-inf,-inf,-0.4642672509714487
K14acK27me1,K14ac,K27me1,0.6950475289121537,3.290201491431381,-0.18244339854996378
K14acK27me2,K14ac,K27me2,1.6848441735868114,4.491990477223381,0.12764362154065995
K14acK27me3,K14ac,K27me3,0.6662276863548194,2.3103583182190497,-0.057589044860959754
K14acK27un,K14ac,K27un,-inf,-inf,-0.08296473568560501
K14acK36me1,K14ac,K36me1,0.06061953221611036,2.1610256238003966,-0.26062771401251084
K14acK36me2,K14ac,K36me2,2.3699489856844926,5.887894212976024,0.2787109589490365
K14acK36me3,K14ac,K36me3,-inf,-inf,-0.16800790846746255
K14acK36un,K14ac,K36un,0.7215984488517079,2.394711440927942,-0.04712266825537871
K14acR17me1,K14ac,R17me1,-inf,-inf,-0.23501866320366316
K14acR17me2,K14ac,R17me2,2.324074472498238,6.185273164723984,0.13651338371065327
K14acR17un,K14ac,R17un,0.5506528175140791,1.7515354292333498,-0.02424485369744333
K14acR26me1,K14ac,R26me1,-inf,-inf,-0.6552913738217528
K14acR26me2,K14ac,R26me2,2.7804985325448874,7.615102741182531,0.1069936336664282
K14acR26un,K14ac,R26un,1.2438613835352104,3.649808676238585,0.02441826253428615
K14me1K18ac,K14me1,K18ac,3.336925218573604,8.043921874644457,0.38618068714656684
K14me1K18me1,K14me1,K18me1,3.571730698969285,8.982955632353482,0.26543624458719517
K14me1K18me2,K14me1,K18me2,-inf,-inf,-1.0
K14me1K18un,K14me1,K18un,0.17037935225942194,0.8283272191465539,-0.0802787598167087
K14me1K23ac,K14me1,K23ac,-inf,-inf,-0.2697274543618863
K14me1K23me1,K14me1,K23me1,-inf,-inf,-1.0
K14me1K23me2,K14me1,K23me2,-inf,-inf,-1.0
K14me1K23me3,K14me1,K23me3,-inf,-inf,-1.0
K14me1K23un,K14me1,K23un,inf,inf,0.019371726988945074
K14me1K27ac,K14me1,K27ac,-inf,-inf,-0.45727342902750057
K14me1K27me1,K14me1,K27me1,-inf,-inf,-0.8806612407567928
K14me1K27me2,K14me1,K27me2,2.7865263223872456,6.719931363882079,0.4526897929089666
K14me1K27me3,K14me1,K27me3,-0.1735124846056173,0.9811195358084878,-0.28526297415904284
K14me1K27un,K14me1,K27un,-inf,-inf,-0.8067261781895841
K14me1K36me1,K14me1,K36me1,-inf,-inf,-1.0
K14me1K36me2,K14me1,K36me2,2.865090493842979,6.784613580311474,0.4387147756440439
K14me1K36me3,K14me1,K36me3,-inf,-inf,-1.0
K14me1K36un,K14me1,K36un,0.7146579521422294,2.4071452173917707,-0.0691515160392949
K14me1R17me1,K14me1,R17me1,2.681952459759701,7.198306551281803,0.1737265019666239
K14me1R17me2,K14me1,R17me2,-inf,-inf,-0.8645335086764167
K14me1R17un,K14me1,R17un,0.9439062332429433,2.83284974011899,-0.0020924162866079754
K14me1R26me1,K14me1,R26me1,-inf,-inf,-0.35973405054478713
K14me1R26me2,K14me1,R26me2,-inf,-inf,-1.0
K14me1R26un,K14me1,R26un,inf,inf,0.0292552319045972
K14me2K18ac,K14me2,K18ac,-inf,-inf,-0.5481525370272217
K14me2K18me1,K14me2,K18me1,-inf,-inf,-1.0
K14me2K18me2,K14me2,K18me2,-inf,-inf,-1.0
K14me2K18un,K14me2,K18un,inf,inf,0.01724759165878595
K14me2K23ac,K14me2,K23ac,-inf,-inf,-0.48095975839023103
K14me2K23me1,K14me2,K23me1,-inf,-inf,-0.6665203771076712
K14me2K23me2,K14me2,K23me2,-inf,-inf,-1.0
K14me2K23me3,K14me2,K23me3,-inf,-inf,-1.0
K14me2K23un,K14me2,K23un,inf,inf,0.008516685251614201
K14me2K27ac,K14me2,K27ac,-inf,-inf,-0.577452353729835
K14me2K27me1,K14me2,K27me1,2.028913935082547,5.7659758558450065,0.05989819483221305
K14me2K27me2,K14me2,K27me2,-inf,-inf,-0.6883548823306944
K14me2K27me3,K14me2,K27me3,1.772868082074394,4.903097091183444,0.0918000454135326
K14me2K27un,K14me2,K27un,-inf,-inf,-0.5180612871475898
K14me2K36me1,K14me2,K36me1,1.0187216682368976,4.103402012269596,-0.1242817361667465
K14me2K36me2,K14me2,K36me2,-inf,-inf,-1.0
K14me2K36me3,K14me2,K36me3,-inf,-inf,-0.5376512708113732
K14me2K36un,K14me2,K36un,1.9942688789575758,5.603745544245451,0.0873589038338828
K14me2R17me1,K14me2,R17me1,-inf,-inf,-0.8017105366808098
K14me2R17me2,K14me2,R17me2,-inf,-inf,-1.0
K14me2R17un,K14me2,R17un,inf,inf,0.024824368471308502
K14me2R26me1,K14me2,R26me1,-inf,-inf,-0.13979597510535172
K14me2R26me2,K14me2,R26me2,-inf,-inf,-0.7261412259365552
K14me2R26un,K14me2,R26un,0.9484435723913259,2.9341171567532993,-0.019780849982920325
K14me3K18ac,K14me3,K18ac,-inf,-inf,-1.0
K14me3K18me1,K14me3,K18me1,-inf,-inf,-1.0
K14me3K18me2,K14me3,K18me2,-inf,-inf,-1.0
K14me3K18un,K14me3,K18un,inf,inf,0.012149687850390126
K14me3K23ac,K14me3,K23ac,-inf,-inf,-1.0
K14me3K23me1,K14me3,K23me1,-inf,-inf,-1.0
K14me3K23me2,K14me3,K23me2,-inf,-inf,-0.663176616249191
K14me3K23me3,K14me3,K23me3,-inf,-inf,-1.0
K14me3K23un,K14me3,K23un,inf,inf,0.0028852501241803004
K14me3K27ac,K14me3,K27ac,-inf,-inf,-0.6992390577347298
K14me3K27me1,K14me3,K27me1,-inf,-inf,-1.0
K14me3K27me2,K14me3,K27me2,,,-0.06712367942011614
K14me3K27me3,K14me3,K27me3,-inf,-inf,-1.0
K14me3K27un,K14me3,K27un,,,-0.6413314144720852
K14me3K36me1,K14me3,K36me1,-inf,-inf,-1.0
K14me3K36me2,K14me3,K36me2,-inf,-inf,-0.5015332420720581
K14me3K36me3,K14me3,K36me3,-inf,-inf,-1.0
K14me3K36un,K14me3,K36un,inf,inf,0.0637287630588604
K14me3R17me1,K14me3,R17me1,-inf,-inf,-1.0
K14me3R17me2,K14me3,R17me2,-inf,-inf,-1.0
K14me3R17un,K14me3,R17un,inf,inf,0.0132477101227098
K14me3R26me1,K14me3,R26me1,-inf,-inf,-1.0
K14me3R26me2,K14me3,R26me2,-inf,-inf,-1.0
K14me3R26un,K14me3,R26un,inf,inf,0.014623740344215925
K14unK18ac,K14un,K18ac,0.6035323029528329,2.389865669891088,-0.1075476646893357
K14unK18me1,K14un,K18me1,-inf,-inf,-0.5269973990452315
K14unK18me2,K14un,K18me2,-inf,-inf,-0.24237972637648483
K14unK18un,K14un,K18un,0.4370886843091956,1.1837963428094391,0.09670572875625605
K14unK23ac,K14un,K23ac,1.2867909800405581,4.138382649670121,-0.028324236181794277
K14unK23me1,K14un,K23me1,1.6779367067313453,5.254591100625371,-0.02979723866578318
K14unK23me2,K14un,K23me2,1.5895548476424564,4.754901517528889,0.002123998214508099
K14unK23me3,K14un,K23me3,-inf,-inf,-0.5944795143100405
K14unK23un,K14un,K23un,0.16534230113914464,0.4789316838812955,0.01426064085711525
K14unK27ac,K14un,K27ac,inf,inf,0.03757839620133215
K14unK27me1,K14un,K27me1,1.2988129411788376,3.614448120884106,0.0866586648027107
K14unK27me2,K14un,K27me2,0.01662910908735588,0.6146952353616388,-0.18076951199803995
K14unK27me3,K14un,K27me3,0.5314915457104984,1.3856687715548635,0.11643142001668746
K14unK27un,K14un,K27un,1.1556713005779191,3.5940067664446653,-0.02023192851368875
K14unK36me1,K14un,K36me1,1.4062511620993279,3.8699258204757765,0.12223365446667347
K14unK36me2,K14un,K36me2,-0.1739795206217832,0.5488988764428033,-0.24742845210296155
K14unK36me3,K14un,K36me3,1.313517557713242,3.8579111642195443,0.028840205736561826
K14unK36un,K14un,K36un,0.32320896771970903,0.9126650667243075,0.0330132276501617
K14unR17me1,K14un,R17me1,0.9166657407939794,3.164476422802389,-0.07713034458568968
K14unR17me2,K14un,R17me2,1.2492982232005234,3.6678454657009025,0.022837230605751678
K14unR17un,K14un,R17un,0.15401077828806578,0.45062216727965565,0.009009567451088
K14unR26me1,K14un,R26me1,1.351384595518506,3.838716767657127,0.05657022252651828
K14unR26me2,K14un,R26me2,1.6269402950763154,4.937724643811125,-0.0016305770953990231
K14unR26un,K14un,R26un,0.04943758109251295,0.19968778557147815,-0.0356035628123774
K18acK23ac,K18ac,K23ac,-inf,-inf,0.05977890887439681
K18acK23me1,K18ac,K23me1,-inf,-inf,-0.1532319672651474
K18acK23me2,K18ac,K23me2,3.7785324085881253,9.303769056668944,0.3076804846327113
K18acK23me3,K18ac,K23me3,-inf,-inf,-1.0
K18acK23un,K18ac,K23un,0.41556056818204873,1.5761270204674545,-0.07191851107569233
K18acK27ac,K18ac,K27ac,-inf,-inf,-0.14279512506081313
K18acK27me1,K18ac,K27me1,0.7077948638633763,3.8639876593788633,-0.206726151620229
K18acK27me2,K18ac,K27me2,2.6769420041691827,6.784481696438616,0.2577026091968799
K18acK27me3,K18ac,K27me3,0.2048328804124607,1.9962165176819495,-0.21684903517983461
K18acK27un,K18ac,K27un,-inf,-inf,-0.3474716671914246
K18acK36me1,K18ac,K36me1,0.9960018616302123,4.073422320222289,-0.14779522859529265
K18acK36me2,K18ac,K36me2,3.183823861968021,7.749825890364898,0.3642257158881652
K18acK36me3,K18ac,K36me3,-inf,-inf,-0.4262345812101125
K18acK36un,K18ac,K36un,0.4883762391537721,2.4097307604190297,-0.16045671889773858
K18acR26me1,K18ac,R26me1,-inf,-inf,-1.0
K18acR26me2,K18ac,R26me2,-inf,-inf,-0.30733772787436603
K18acR26un,K18ac,R26un,inf,inf,0.01123182094295205
K18me1K23ac,K18me1,K23ac,-inf,-inf,-0.22931426633777036
K18me1K23me1,K18me1,K23me1,-inf,-inf,-0.13040017770882834
K18me1K23me2,K18me1,K23me2,-inf,-inf,-0.43123432038883974
K18me1K23me3,K18me1,K23me3,-inf,-inf,-0.369988917517805
K18me1K23un,K18me1,K23un,0.8573275012020704,2.867895296925418,-0.04480339348881495
K18me1K27ac,K18me1,K27ac,-inf,-inf,-0.3512161876499886
K18me1K27me1,K18me1,K27me1,-inf,-inf,-0.5793307635238277
K18me1K27me2,K18me1,K27me2,3.3070204654439177,8.481117908047807,0.25194202954017636
K18me1K27me3,K18me1,K27me3,-inf,-inf,-0.4413489158070155
K18me1K27un,K18me1,K27un,-inf,-inf,-0.49761358778955994
K18me1K36me1,K18me1,K36me1,-inf,-inf,-1.0
K18me1K36me2,K18me1,K36me2,-inf,-inf,-0.02969238128257376
K18me1K36me3,K18me1,K36me3,-inf,-inf,-0.7736727731105513
K18me1K36un,K18me1,K36un,inf,inf,-0.051098799804875375
K18me1R26me1,K18me1,R26me1,-inf,-inf,-0.7881465765120201
K18me1R26me2,K18me1,R26me2,-inf,-inf,-1.0
K18me1R26un,K18me1,R26un,inf,inf,0.01928857843293945
K18me2K23ac,K18me2,K23ac,-inf,-inf,0.1681904581625875
K18me2K23me1,K18me2,K23me1,-inf,-inf,-0.5973005406271528
K18me2K23me2,K18me2,K23me2,-inf,-inf,-0.4133381530305622
K18me2K23me3,K18me2,K23me3,-inf,-inf,-1.0
K18me2K23un,K18me2,K23un,0.44968832535619335,2.0688023433486156,-0.1099635298383207
K18me2K27ac,K18me2,K27ac,-inf,-inf,-0.33187075166135155
K18me2K27me1,K18me2,K27me1,-inf,-inf,-0.515643222717155
K18me2K27me2,K18me2,K27me2,-inf,-inf,-0.7559969618999205
K18me2K27me3,K18me2,K27me3,inf,inf,0.0341788692513718
K18me2K27un,K18me2,K27un,-inf,-inf,-0.653570660963329
K18me2K36me1,K18me2,K36me1,-inf,-inf,-0.5418520084898708
K18me2K36me2,K18me2,K36me2,-inf,-inf,-0.8172197713526297
K18me2K36me3,K18me2,K36me3,-inf,-inf,-1.0
K18me2K36un,K18me2,K36un,inf,inf,0.09258368293107858
K18me2R26me1,K18me2,R26me1,-inf,-inf,-1.0
K18me2R26me2,K18me2,R26me2,-inf,-inf,-1.0
K18me2R26un,K18me2,R26un,inf,inf,0.019940326759090098
K18unK23ac,K18un,K23ac,-0.28157623202451026,0.6763145472848249,-0.19652578138801585
K18unK23me1,K18un,K23me1,1.1722013156491888,3.7952008282675154,-0.04439931512291338
K18unK23me2,K18un,K23me2,0.7018407659403113,2.396886866288733,-0.05572367505896571
K18unK23me3,K18un,K23me3,inf,inf,-0.004456965305332725
K18unK23un,K18un,K23un,0.2975438416251541,0.7302028499138093,0.1465620241109176
K18unK27ac,K18un,K27ac,1.104484321989506,3.4195156290583464,-0.021226384319757426
K18unK27me1,K18un,K27me1,1.2466591423518316,3.6638236193599143,0.024087163446910524
K18unK27me2,K18un,K27me2,0.1104808591160698,0.4936568555544179,-0.06170151656069658
K18unK27me3,K18un,K27me3,0.5447107370459191,1.5362735264958023,0.06231237356606607
K18unK27un,K18un,K27un,inf,inf,-0.0254390482437342
K18unK36me1,K18un,K36me1,1.110750476569134,3.2648923094071773,0.02520580202065625
K18unK36me2,K18un,K36me2,0.11124797757854354,0.620122093173872,-0.08536778005436167
K18unK36me3,K18un,K36me3,inf,inf,0.0012014094336507005
K18unK36un,K18un,K36un,0.33725964045823886,0.9420255676403229,0.0479922811510651
K18unR26me1,K18un,R26me1,inf,inf,0.024566198469160853
K18unR26me2,K18un,R26me2,inf,inf,-0.0338841587445051
K18unR26un,K18un,R26un,0.005631590758553791,0.047378168081173205,-0.026194648687558948
K23acK27ac,K23ac,K27ac,4.756932108994325,11.295173875923238,0.4508197406291918
K23acK27me1,K23ac,K27me1,-inf,-inf,-0.2810082385589669
K23acK27me2,K23ac,K27me2,1.916471989029854,5.643506736090055,0.0184739401717676
K23acK27me3,K23ac,K27me3,0.8958043863848975,3.426057978940054,-0.11574899352938725
K23acK27un,K23ac,K27un,3.1531151013972694,8.487617475323638,0.14617797896132906
K23acK36me1,K23ac,K36me1,2.158373546325732,6.196023690824082,0.06081694477555493
K23acK36me2,K23ac,K36me2,2.3137565844422854,6.55926454205798,0.05435590741981725
K23acK36me3,K23ac,K36me3,-inf,-inf,-0.23557785286433472
K23acK36un,K23ac,K36un,1.3647401401903432,4.248658026272064,-0.030177207699802477
K23acR26me1,K23ac,R26me1,-inf,-inf,-0.7895467859127036
K23acR26me2,K23ac,R26me2,-inf,-inf,-0.03831785059008827
K23acR26un,K23ac,R26un,inf,inf,-0.004709835602607876
K23me1K27ac,K23me1,K27ac,-inf,-inf,-1.0
K23me1K27me1,K23me1,K27me1,inf,inf,0.3718096065904106
K23me1K27me2,K23me1,K27me2,-inf,-inf,-0.5063879275636365
K23me1K27me3,K23me1,K27me3,-inf,-inf,-0.4535019730086308
K23me1K27un,K23me1,K27un,-inf,-inf,-0.7316860827559674
K23me1K36me1,K23me1,K36me1,3.7577308725128726,9.561060345965254,0.268368778583127
K23me1K36me2,K23me1,K36me2,2.13379934424516,6.735053941827303,-0.03856734552139463
K23me1K36me3,K23me1,K36me3,-inf,-inf,-1.0
K23me1K36un,K23me1,K36un,-inf,-inf,-0.37427435341045046
K23me1R26me1,K23me1,R26me1,-inf,-inf,-0.7846546769610965
K23me1R26me2,K23me1,R26me2,-inf,-inf,-0.6144725998722628
K23me1R26un,K23me1,R26un,inf,inf,-0.014337287566025647
K23me2K27ac,K23me2,K27ac,-inf,-inf,-0.681774029548071
K23me2K27me1,K23me2,K27me1,-inf,-inf,-0.5813312002025153
K23me2K27me2,K23me2,K27me2,2.7676354910399588,7.286754862731467,0.18316905281461449
K23me2K27me3,K23me2,K27me3,-inf,-inf,-0.3147232876252074
K23me2K27un,K23me2,K27un,-inf,-inf,-0.6873594430563992
K23me2K36me1,K23me2,K36me1,-inf,-inf,-0.5523844340435073
K23me2K36me2,K23me2,K36me2,-inf,-inf,-0.33126446622573047
K23me2K36me3,K23me2,K36me3,-inf,-inf,-0.714426763858712
K23me2K36un,K23me2,K36un,2.195097550865059,6.153035136518159,0.08238699040517328
K23me2R26me1,K23me2,R26me1,-inf,-inf,-0.2906067419009785
K23me2R26me2,K23me2,R26me2,-inf,-inf,-1.0
K23me2R26un,K23me2,R26un,inf,inf,0.006228299694158177
K23me3K27ac,K23me3,K27ac,-inf,-inf,-1.0
K23me3K27me1,K23me3,K27me1,-inf,-inf,-1.0
K23me3K27me2,K23me3,K27me2,-inf,-inf,-0.7713764824525855
K23me3K27me3,K23me3,K27me3,inf,inf,0.05253221977383605
K23me3K27un,K23me3,K27un,-inf,-inf,-0.3690293303240559
K23me3K36me1,K23me3,K36me1,-inf,-inf,-0.5180047470512504
K23me3K36me2,K23me3,K36me2,-inf,-inf,-0.7384038043010973
K23me3K36me3,K23me3,K36me3,-inf,-inf,-1.0
K23me3K36un,K23me3,K36un,inf,inf,0.06562675861534073
K23me3R26me1,K23me3,R26me1,-inf,-inf,-1.0
K23me3R26me2,K23me3,R26me2,-inf,-inf,-1.0
K23me3R26un,K23me3,R26un,inf,inf,0.016889295173200175
K23unK27ac,K23un,K27ac,0.6950012765901534,2.412837589122177,-0.05813019438190238
K23unK27me1,K23un,K27me1,0.5956040198301391,1.8202691645858584,-0.009942918283439874
K23unK27me2,K23un,K27me2,0.36416857976612776,1.1235535344105574,-0.0106948536729943
K23unK27me3,K23un,K27me3,0.4679666932680761,1.3466093281673244,0.03886139965610608
K23unK27un,K23un,K27un,0.9053336630443617,2.825692718177565,-0.02220734805292242
K23unK36me1,K23un,K36me1,0.4986285058913818,1.5635226117135466,-0.01658328245522058
K23unK36me2,K23un,K36me2,0.8312997281964448,2.4761728465609742,0.006049019497709299
K23unK36me3,K23un,K36me3,inf,inf,0.003205328416697
K23unK36un,K23un,K36un,0.16401860712425984,0.49244675008253813,0.00019921933771397445
K23unR26me1,K23un,R26me1,inf,inf,0.014992641007095825
K23unR26me2,K23un,R26me2,inf,inf,-0.025023777097140352
K23unR26un,K23un,R26un,0.035840913432596606,0.1143999389613486,-0.00606030404685955
K27acK36me1,K27ac,K36me1,3.8222136829045303,9.62478526002251,0.3417583914858102
K27acK36me2,K27ac,K36me2,-inf,-inf,-0.8112594393252868
K27acK36me3,K27ac,K36me3,-inf,-inf,-1.0
K27acK36un,K27ac,K36un,0.07467132616580442,2.2183935243172623,-0.22314166744345504
K27me1K36me1,K27me1,K36me1,3.013078870747803,7.15299903132759,0.5074345488059264
K27me1K36me2,K27me1,K36me2,-0.088599445174043,2.0716827333514054,-0.30135740512802106
K27me1K36me3,K27me1,K36me3,2.6675796113010386,6.78224013137752,0.268742585298306
K27me1K36un,K27me1,K36un,-0.8639549343902152,-0.2287419649500244,-0.39645729433398186
K27me2K36me1,K27me2,K36me1,-0.8876168926235347,0.3173002119995859,-0.42208224828950114
K27me2K36me2,K27me2,K36me2,3.663874316140167,8.926699215209247,0.6444250229098956
K27me2K36me3,K27me2,K36me3,-inf,-inf,-1.0
K27me2K36un,K27me2,K36un,0.24472933848777645,1.2067131602003143,-0.13475583574557545
K27me3K36me1,K27me3,K36me1,-0.551241179377778,0.33013440422515783,-0.24387910620779132
K27me3K36me2,K27me3,K36me2,-inf,-inf,-0.6835926694491948
K27me3K36me3,K27me3,K36me3,-inf,-inf,-1.0
K27me3K36un,K27me3,K36un,1.4856806451750961,3.782918810607195,0.3950255609327262
K27unK36me1,K27un,K36me1,-inf,-inf,-1.0
K27unK36me2,K27un,K36me2,-inf,-inf,-0.35772838758136033
K27unK36me3,K27un,K36me3,5.67903800824227,13.191599392396451,0.8340599739992708
K27unK36un,K27un,K36un,-0.9844217535113778,0.21069643245112368,-0.4068681971499599
K4me1K14ac,K4me1,K14ac,inf,inf,0.3464222612573008
K4me1K14me1,K4me1,K14me1,-inf,-inf,-1.0
K4me1K14me2,K4me1,K14me2,-inf,-inf,-1.0
K4me1K14me3,K4me1,K14me3,-inf,-inf,-1.0
K4me1K14un,K4me1,K14un,-inf,-inf,-0.8222226652381197
K4me1K18ac,K4me1,K18ac,,,-0.6388112310791281
K4me1K18me1,K4me1,K18me1,,,-0.3190648819152847
K4me1K18me2,K4me1,K18me2,-inf,-inf,-1.0
K4me1K18un,K4me1,K18un,,,-0.5098919041487404
K4me1K23ac,K4me1,K23ac,-inf,-inf,-1.0
K4me1K23me1,K4me1,K23me1,-inf,-inf,-0.6408744393050859
K4me1K23me2,K4me1,K23me2,-inf,-inf,-1.0
K4me1K23me3,K4me1,K23me3,-inf,-inf,-0.6493564944050482
K4me1K23un,K4me1,K23un,inf,inf,-0.016031748568688726
K4me1K27ac,K4me1,K27ac,-inf,-inf,-1.0
K4me1K27me1,K4me1,K27me1,-inf,-inf,-1.0
K4me1K27me2,K4me1,K27me2,inf,inf,0.19765715328788058
K4me1K27me3,K4me1,K27me3,-inf,-inf,-0.5708805526915552
K4me1K27un,K4me1,K27un,-inf,-inf,-1.0
K4me1K36me1,K4me1,K36me1,-inf,-inf,-1.0
K4me1K36me2,K4me1,K36me2,inf,inf,0.31956873773288647
K4me1K36me3,K4me1,K36me3,-inf,-inf,-1.0
K4me1K36un,K4me1,K36un,-inf,-inf,-0.8101235046376357
K4me1K9ac,K4me1,K9ac,-inf,-inf,-1.0
K4me1K9me1,K4me1,K9me1,inf,inf,0.3168464235378426
K4me1K9me2,K4me1,K9me2,-inf,-inf,-1.0
K4me1K9me3,K4me1,K9me3,-inf,-inf,-1.0
K4me1K9un,K4me1,K9un,-inf,-inf,-1.0
K4me1R17me1,K4me1,R17me1,-inf,-inf,-1.0
K4me1R17me2,K4me1,R17me2,-inf,-inf,-1.0
K4me1R17un,K4me1,R17un,inf,inf,0.0127871736980318
K4me1R26me1,K4me1,R26me1,-inf,-inf,-1.0
K4me1R26me2,K4me1,R26me2,-inf,-inf,-1.0
K4me1R26un,K4me1,R26un,inf,inf,0.0141845639723678
K4me1R8me1,K4me1,R8me1,-inf,-inf,-1.0
K4me1R8un,K4me1,R8un,inf,inf,0.004925738451350074
K4unK14ac,K4un,K14ac,-0.02113016748383234,-0.009516590430297175,-0.013810228912186476
K4unK14me1,K4un,K14me1,inf,inf,0.0011198988739846405
K4unK14me2,K4un,K14me2,inf,inf,0.0009334215053567172
K4unK14me3,K4un,K14me3,inf,inf,0.00036214987370803526
K4unK14un,K4un,K14un,inf,inf,0.012092322310320975
K4unK18ac,K4un,K18ac,inf,inf,-0.0004914647458066006
K4unK18me1,K4un,K18me1,inf,inf,-0.000641379397287325
K4unK18me2,K4un,K18me2,inf,inf,0.0005618656470650962
K4unK18un,K4un,K18un,inf,inf,0.0023215774957246003
K4unK23ac,K4un,K23ac,inf,inf,0.0006118529702455313
K4unK23me1,K4un,K23me1,inf,inf,-0.0018517626398607938
K4unK23me2,K4un,K23me2,inf,inf,0.0006896085432391345
K4unK23me3,K4un,K23me3,inf,inf,-0.0017355479202679305
K4unK23un,K4un,K23un,0.05765809722403704,0.17271162934933124,0.00016081547386638458
K4unK27ac,K4un,K27ac,inf,inf,0.0006511207137246845
K4unK27me1,K4un,K27me1,inf,inf,0.0012612326278754144
K4unK27me2,K4un,K27me2,0.03841080066757177,0.12978279254323644,-0.005556366633869701
K4unK27me3,K4un,K27me3,inf,inf,0.0050902435286866
K4unK27un,K4un,K27un,inf,inf,0.0007640497828716197
K4unK36me1,K4un,K36me1,inf,inf,0.0021828970051121503
K4unK36me2,K4un,K36me2,-0.010826381397167123,0.004342598187849048,-0.010608524564737024
K4unK36me3,K4un,K36me3,inf,inf,0.0007940324786420657
K4unK36un,K4un,K36un,inf,inf,0.004974049048098125
K4unK9ac,K4un,K9ac,inf,inf,0.0005759859125151512
K4unK9me1,K4un,K9me1,-0.017710156786900765,-0.0216341723365331,-0.0098621256668931
K4unK9me2,K4un,K9me2,inf,inf,0.00742268341339255
K4unK9me3,K4un,K9me3,inf,inf,0.0009278681052014539
K4unK9un,K4un,K9un,inf,inf,0.0015145060295760253
K4unR17me1,K4un,R17me1,inf,inf,0.0008444709188266512
K4unR17me2,K4un,R17me2,inf,inf,0.000930298735900184
K4unR17un,K4un,R17un,-0.0010758828295712628,-0.0002567295905694161,-0.0027141892868792535
K4unR26me1,K4un,R26me1,inf,inf,0.0011256333547422488
K4unR26me2,K4un,R26me2,inf,inf,0.0006254155011230579
K4unR26un,K4un,R26un,-0.0011096961823420337,-0.0002857869744354451,-0.0027575145778977322
K4unR8me1,K4un,R8me1,inf,inf,0.0009149982434754188
K4unR8un,K4un,R8un,-0.0009336078430385639,-0.00013556703829460074,-0.002529689431773293
K9acK14ac,K9ac,K14ac,-inf,-inf,-1.0
K9acK14me1,K9ac,K14me1,-inf,-inf,-0.43061722895493937
K9acK14me2,K9ac,K14me2,-inf,-inf,-0.7316449717087474
K9acK14me3,K9ac,K14me3,-inf,-inf,-0.6761830978502513
K9acK14un,K9ac,K14un,inf,inf,0.02277254847695645
K9acK18ac,K9ac,K18ac,-inf,-inf,-1.0
K9acK18me1,K9ac,K18me1,-inf,-inf,-0.2949152269592501
K9acK18me2,K9ac,K18me2,-inf,-inf,-0.2197013881718024
K9acK18un,K9ac,K18un,inf,inf,-0.06707285516815908
K9acK23ac,K9ac,K23ac,-inf,-inf,-1.0
K9acK23me1,K9ac,K23me1,-inf,-inf,-0.6519856094431806
K9acK23me2,K9ac,K23me2,-inf,-inf,-0.7800357651518354
K9acK23me3,K9ac,K23me3,-inf,-inf,-1.0
K9acK23un,K9ac,K23un,inf,inf,0.002976612242571825
K9acK27ac,K9ac,K27ac,-inf,-inf,-1.0
K9acK27me1,K9ac,K27me1,-inf,-inf,-0.7698887867465609
K9acK27me2,K9ac,K27me2,inf,inf,0.2573818472228029
K9acK27me3,K9ac,K27me3,-inf,-inf,-0.5408946343094162
K9acK27un,K9ac,K27un,-inf,-inf,-1.0
K9acK36me1,K9ac,K36me1,-inf,-inf,-0.75538700975397
K9acK36me2,K9ac,K36me2,inf,inf,0.36036905098208744
K9acK36me3,K9ac,K36me3,-inf,-inf,-1.0
K9acK36un,K9ac,K36un,-inf,-inf,-0.33947772812260935
K9acR17me1,K9ac,R17me1,-inf,-inf,-1.0
K9acR17me2,K9ac,R17me2,inf,inf,0.5029670774815498
K9acR17un,K9ac,R17un,-inf,-inf,-0.3325569233955575
K9acR26me1,K9ac,R26me1,-inf,-inf,-1.0
K9acR26me2,K9ac,R26me2,-inf,-inf,-1.0
K9acR26un,K9ac,R26un,inf,inf,0.020169670628809526
K9me1K14ac,K9me1,K14ac,1.2076285430969131,3.992603446528515,-0.05849529768254598
K9me1K14me1,K9me1,K14me1,4.275387920202953,10.042715689630754,0.7951735437156465
K9me1K14me2,K9me1,K14me2,-inf,-inf,-1.0
K9me1K14me3,K9me1,K14me3,-inf,-inf,-1.0
K9me1K14un,K9me1,K14un,-0.5771826447930543,-0.11323230236005903,-0.3401851417574395
K9me1K18ac,K9me1,K18ac,3.026095166537378,7.424387208370149,0.3290717782020218
K9me1K18me1,K9me1,K18me1,3.6639045916565767,9.112655385235989,0.3204420256821228
K9me1K18me2,K9me1,K18me2,-inf,-inf,-1.0
K9me1K18un,K9me1,K18un,0.13380308920110115,0.6682716690621423,-0.07941507816744668
K9me1K23ac,K9me1,K23ac,-inf,-inf,-0.2837606168560926
K9me1K23me1,K9me1,K23me1,-inf,-inf,-0.24798735217490758
K9me1K23me2,K9me1,K23me2,-inf,-inf,-0.792471545529137
K9me1K23me3,K9me1,K23me3,-inf,-inf,-0.498250346353577
K9me1K23un,K9me1,K23un,inf,inf,0.015785421439226677
K9me1K27ac,K9me1,K27ac,-inf,-inf,-0.49613408762811667
K9me1K27me1,K9me1,K27me1,-inf,-inf,-0.7069483159228404
K9me1K27me2,K9me1,K27me2,2.806538237934473,6.647804688568384,0.5315150849823495
K9me1K27me3,K9me1,K27me3,-0.32796790551789023,0.5758107334563316,-0.3178499174490564
K9me1K27un,K9me1,K27un,-inf,-inf,-0.8149890925131417
K9me1K36me1,K9me1,K36me1,-inf,-inf,-1.0
K9me1K36me2,K9me1,K36me2,3.04482870590996,7.081675936502824,0.5571155809735275
K9me1K36me3,K9me1,K36me3,-inf,-inf,-1.0
K9me1K36un,K9me1,K36un,0.4422952699400868,1.796455473893607,-0.119742052306285
K9me1R17me1,K9me1,R17me1,2.584284484721404,6.801194595916899,0.1635600142066249
K9me1R17me2,K9me1,R17me2,-inf,-inf,-1.0
K9me1R17un,K9me1,R17un,0.8170959364719169,2.429127399868951,0.009468549053191673
K9me1R26me1,K9me1,R26me1,-inf,-inf,-0.3914467313990159
K9me1R26me2,K9me1,R26me2,-inf,-inf,-1.0
K9me1R26un,K9me1,R26un,inf,inf,0.035623868595851524
K9me2K14ac,K9me2,K14ac,0.537486443960214,2.020462653241431,-0.08424179143183741
K9me2K14me1,K9me2,K14me1,-inf,-inf,-1.0
K9me2K14me2,K9me2,K14me2,-inf,-inf,-1.0
K9me2K14me3,K9me2,K14me3,,,-0.7394233301242401
K9me2K14un,K9me2,K14un,1.0715408398426933,2.6435275239215525,0.37114572342763863
K9me2K18ac,K9me2,K18ac,0.18777366445468432,1.874808330803054,-0.20962414680615654
K9me2K18me1,K9me2,K18me1,-inf,-inf,-0.6752072872673811
K9me2K18me2,K9me2,K18me2,-inf,-inf,-1.0
K9me2K18un,K9me2,K18un,0.8036859450580374,2.2520168127143636,0.1083768697675281
K9me2K23ac,K9me2,K23ac,-inf,-inf,-0.37840066945883893
K9me2K23me1,K9me2,K23me1,1.7453341041903332,5.5749240963923175,-0.0314272106923621
K9me2K23me2,K9me2,K23me2,-inf,-inf,-0.6989361206684384
K9me2K23me3,K9me2,K23me3,inf,inf,0.046675716902480194
K9me2K23un,K9me2,K23un,0.4662179347873971,1.3142079398746143,0.057542394942801674
K9me2K27ac,K9me2,K27ac,1.8877201798766323,5.432804993757406,0.0421112649269649
K9me2K27me1,K9me2,K27me1,1.523688673254681,4.10249820927661,0.1423467342695158
K9me2K27me2,K9me2,K27me2,-inf,-inf,-0.8712435725088563
K9me2K27me3,K9me2,K27me3,1.124648427108067,2.7012960605388288,0.38712251780699103
K9me2K27un,K9me2,K27un,1.8754793627002992,5.2636465941474455,0.07887973715567757
K9me2K36me1,K9me2,K36me1,1.5772083412511264,4.197420261759687,0.18633122286838838
K9me2K36me2,K9me2,K36me2,-inf,-inf,-0.8239902149331089
K9me2K36me3,K9me2,K36me3,inf,inf,0.12943447286614126
K9me2K36un,K9me2,K36un,0.41021913240939095,1.1434337317818104,0.048100798214575774
K9me2R17me1,K9me2,R17me1,0.5474871864613344,2.622771500818852,-0.16519525693348167
K9me2R17me2,K9me2,R17me2,-inf,-inf,-1.0
K9me2R17un,K9me2,R17un,0.9328089365553452,2.584433972092804,0.14425593701406864
K9me2R26me1,K9me2,R26me1,1.3988841862489887,3.920673936302924,0.07253748418810953
K9me2R26me2,K9me2,R26me2,-inf,-inf,-1.0
K9me2R26un,K9me2,R26un,0.17252114668692695,0.5305443557540942,-0.008717316525412001
K9me3K14ac,K9me3,K14ac,2.325089213847373,6.1048931999281,0.16090162096669597
K9me3K14me1,K9me3,K14me1,-inf,-inf,-1.0
K9me3K14me2,K9me3,K14me2,-inf,-inf,-1.0
K9me3K14me3,K9me3,K14me3,-inf,-inf,-0.7132630007566702
K9me3K14un,K9me3,K14un,1.168221091868848,3.42960422354883,0.020684357264086725
K9me3K18ac,K9me3,K18ac,-inf,-inf,-0.5650123863533904
K9me3K18me1,K9me3,K18me1,-inf,-inf,-1.0
K9me3K18me2,K9me3,K18me2,-inf,-inf,-1.0
K9me3K18un,K9me3,K18un,inf,inf,0.022938113606795273
K9me3K23ac,K9me3,K23ac,-inf,-inf,-1.0
K9me3K23me1,K9me3,K23me1,-inf,-inf,-1.0
K9me3K23me2,K9me3,K23me2,-inf,-inf,-0.7608730454013353
K9me3K23me3,K9me3,K23me3,-inf,-inf,-1.0
K9me3K23un,K9me3,K23un,inf,inf,0.019357336794014777
K9me3K27ac,K9me3,K27ac,-inf,-inf,-0.7915937485582037
K9me3K27me1,K9me3,K27me1,1.2170734591520456,4.4001475000965256,-0.10255632531082906
K9me3K27me2,K9me3,K27me2,3.347939793976615,8.213824959496847,0.4529707463068562
K9me3K27me3,K9me3,K27me3,-inf,-inf,-1.0
K9me3K27un,K9me3,K27un,-inf,-inf,-0.5188791198697207
K9me3K36me1,K9me3,K36me1,0.5288842883409292,3.2078766401363126,-0.20731010248351917
K9me3K36me2,K9me3,K36me2,3.16783373611814,7.580700795066173,0.4287283495233035
K9me3K36me3,K9me3,K36me3,-inf,-inf,-1.0
K9me3K36un,K9me3,K36un,0.43302916387396134,2.1527261584232034,-0.15865009886971834
K9me3R17me1,K9me3,R17me1,-inf,-inf,-1.0
K9me3R17me2,K9me3,R17me2,-inf,-inf,-1.0
K9me3R17un,K9me3,R17un,inf,inf,0.0281487981980967
K9me3R26me1,K9me3,R26me1,-inf,-inf,-1.0
K9me3R26me2,K9me3,R26me2,-inf,-inf,-1.0
K9me3R26un,K9me3,R26un,inf,inf,0.031142145626911297
K9unK14ac,K9un,K14ac,1.891072715283636,4.9474192787544355,0.1534463254163435
K9unK14me1,K9un,K14me1,0.6925961288785193,3.1792978563960435,-0.17139102616852658
K9unK14me2,K9un,K14me2,inf,inf,0.581191366610227
K9unK14me3,K9un,K14me3,,,-0.02133105352926952
K9unK14un,K9un,K14un,0.06888459001177376,0.8594445955387333,-0.1676806037882383
K9unK18ac,K9un,K18ac,2.1236614142114845,5.803333667266925,0.09956253893003736
K9unK18me1,K9un,K18me1,2.52419847783808,7.044035081665442,0.07245284283880929
K9unK18me2,K9un,K18me2,inf,inf,0.353865042317438
K9unK18un,K9un,K18un,0.3096342044566749,1.0495435462732305,-0.038835470628918074
K9unK23ac,K9un,K23ac,inf,inf,0.30579211553608493
K9unK23me1,K9un,K23me1,-inf,-inf,-0.22929114462560585
K9unK23me2,K9un,K23me2,inf,inf,0.4521287011948092
K9unK23me3,K9un,K23me3,-inf,-inf,-0.3110183318470388
K9unK23un,K9un,K23un,0.030507501064187554,0.34468804647093104,-0.08243189956874142
K9unK27ac,K9un,K27ac,1.980289619834788,5.984439671318507,0.01058435662352225
K9unK27me1,K9un,K27me1,0.8134402193158342,3.243849071478537,-0.14163874490197878
K9unK27me2,K9un,K27me2,1.804740780202457,4.529752237935371,0.24461921749083704
K9unK27me3,K9un,K27me3,0.41065754964323076,1.6874320600006565,-0.11964029914366191
K9unK27un,K9un,K27un,-inf,-inf,-0.26914246898482097
K9unK36me1,K9un,K36me1,0.41708466557375407,2.47800928799973,-0.19744305332192366
K9unK36me2,K9un,K36me2,1.0404701867780672,3.548979677800739,-0.07531110218302345
K9unK36me3,K9un,K36me3,-inf,-inf,-0.3524088921929648
K9unK36un,K9un,K36un,1.25116254071621,3.3756748710059616,0.12498515251766681
K9unR17me1,K9un,R17me1,2.6296290166170357,6.837977127477707,0.19380193717383237
K9unR17me2,K9un,R17me2,3.643759276975342,8.740521718822036,0.5148734985386849
K9unR17un,K9un,R17un,-0.10789809461312301,0.12921342669362362,-0.14136474286797704
K9unR26me1,K9un,R26me1,1.543537284459897,4.589449215841224,0.007977596715167852
K9unR26me2,K9un,R26me2,inf,inf,0.4164374474466104
K9unR26un,K9un,R26un,0.3792171975560757,1.2592667261620454,-0.04159361249463395
R17me1K18ac,R17me1,K18ac,-inf,-inf,-1.0
R17me1K18me1,R17me1,K18me1,3.6569988752265257,9.580307366273704,0.18196539480009616
R17me1K18me2,R17me1,K18me2,-inf,-inf,-1.0
R17me1K18un,R17me1,K18un,1.4321868892365786,4.274407702428196,0.005002422600597651
R17me1K23ac,R17me1,K23ac,-inf,-inf,-0.4370822072005692
R17me1K23me1,R17me1,K23me1,-inf,-inf,-1.0
R17me1K23me2,R17me1,K23me2,-inf,-inf,-1.0
R17me1K23me3,R17me1,K23me3,-inf,-inf,-1.0
R17me1K23un,R17me1,K23un,inf,inf,0.010839618232479526
R17me1K27ac,R17me1,K27ac,-inf,-inf,-0.7194528356335499
R17me1K27me1,R17me1,K27me1,2.766282780940648,7.14690025595964,0.19548858184252044
R17me1K27me2,R17me1,K27me2,2.4658694546189257,6.527398677856369,0.17876723738008266
R17me1K27me3,R17me1,K27me3,-0.28617069372845705,1.430630249963527,-0.3097359531008343
R17me1K27un,R17me1,K27un,-inf,-inf,-0.7858385508344063
R17me1K36me1,R17me1,K36me1,2.3801601272705204,6.3812057250487335,0.124299269033297
R17me1K36me2,R17me1,K36me2,1.7612316323269894,5.609473755480138,0.0025318654115483894
R17me1K36me3,R17me1,K36me3,-inf,-inf,-1.0
R17me1K36un,R17me1,K36un,1.0964447893089837,3.676363755877298,-0.061646867099567904
R17me1R26me1,R17me1,R26me1,-inf,-inf,-0.4855335805698394
R17me1R26me2,R17me1,R26me2,-inf,-inf,-1.0
R17me1R26un,R17me1,R26un,inf,inf,0.014917290914514075
R17me2K18ac,R17me2,K18ac,1.63330326690751,5.686966943997668,-0.08093767233528545
R17me2K18me1,R17me2,K18me1,-inf,-inf,-0.7983964434592181
R17me2K18me2,R17me2,K18me2,-inf,-inf,-1.0
R17me2K18un,R17me2,K18un,1.356727872328385,4.015981610834832,0.014392405505314175
R17me2K23ac,R17me2,K23ac,-inf,-inf,-1.0
R17me2K23me1,R17me2,K23me1,-inf,-inf,-0.6844694961298701
R17me2K23me2,R17me2,K23me2,-inf,-inf,-1.0
R17me2K23me3,R17me2,K23me3,-inf,-inf,-1.0
R17me2K23un,R17me2,K23un,inf,inf,0.017606018468063027
R17me2K27ac,R17me2,K27ac,-inf,-inf,-1.0
R17me2K27me1,R17me2,K27me1,-inf,-inf,-1.0
R17me2K27me2,R17me2,K27me2,3.0766110204645813,7.611317786771139,0.37389708782988107
R17me2K27me3,R17me2,K27me3,-0.19975012835665099,1.2737488046983705,-0.29416908576617007
R17me2K27un,R17me2,K27un,-inf,-inf,-0.287282731213897
R17me2K36me1,R17me2,K36me1,-inf,-inf,-1.0
R17me2K36me2,R17me2,K36me2,2.1806139091148773,5.942608883838451,0.12322606390551055
R17me2K36me3,R17me2,K36me3,-inf,-inf,-0.5321641164440846
R17me2K36un,R17me2,K36un,1.4364903697592883,4.176351717188714,0.0379105935621397
R17me2R26me1,R17me2,R26me1,-inf,-inf,-0.7921562217455438
R17me2R26me2,R17me2,R26me2,-inf,-inf,-0.6923445552919056
R17me2R26un,R17me2,R26un,inf,inf,0.021164909154249748
R17unK18ac,R17un,K18ac,1.5526491942425062,4.601904562585563,0.01396415658945575
R17unK18me1,R17un,K18me1,1.369416451013607,4.233000007387109,-0.014789686358859225
R17unK18me2,R17un,K18me2,inf,inf,0.018045540388550826
R17unK18un,R17un,K18un,0.019143525498906053,0.07884924924365617,-0.017630352527530146
R17unK23ac,R17un,K23ac,inf,inf,0.014009164299359824
R17unK23me1,R17un,K23me1,inf,inf,0.004661971731970251
R17unK23me2,R17un,K23me2,inf,inf,0.021549633407610826
R17unK23me3,R17un,K23me3,inf,inf,0.015089070786563701
R17unK23un,R17un,K23un,-0.004106821804339907,0.019843990020611324,-0.02721368271187255
R17unK27ac,R17un,K27ac,inf,inf,0.016828927581093573
R17unK27me1,R17un,K27me1,0.792474195510278,2.36266360782457,0.005155235406236301
R17unK27me2,R17un,K27me2,-0.027965894076442982,0.204338062400173,-0.10778366406431458
R17unK27me3,R17un,K27me3,0.8581240095174582,2.393492622482413,0.11489012515275232
R17unK27un,R17un,K27un,inf,inf,0.011440584386711349
R17unK36me1,R17un,K36me1,0.8076919277518164,2.382977429578916,0.016696573472645224
R17unK36me2,R17un,K36me2,0.5357778529786389,1.7356057529860183,-0.029847983720891525
R17unK36me3,R17un,K36me3,inf,inf,0.020859778151239475
R17unK36un,R17un,K36un,0.1844435383932287,0.5699581350316962,-0.011400588348107425
R17unR26me1,R17un,R26me1,inf,inf,0.021733799598373724
R17unR26me2,R17un,R26me2,inf,inf,0.009393538555470926
R17unR26un,R17un,R26un,0.007946517203782486,0.057510578236990524,-0.0276486230713821
R26me1K27ac,R26me1,K27ac,-inf,-inf,-1.0
R26me1K27me1,R26me1,K27me1,3.885506032813684,9.058546434146509,0.6765241019429311
R26me1K27me2,R26me1,K27me2,-inf,-inf,-0.36063898684627255
R26me1K27me3,R26me1,K27me3,-0.5946081343453501,0.46099033951269247,-0.3687607616106899
R26me1K27un,R26me1,K27un,-inf,-inf,-0.2680308643399713
R26me1K36me1,R26me1,K36me1,2.8690082562287613,6.876774039303643,0.40064510530179936
R26me1K36me2,R26me1,K36me2,-inf,-inf,-0.6501830481124979
R26me1K36me3,R26me1,K36me3,-inf,-inf,-0.31610299256288077
R26me1K36un,R26me1,K36un,0.4317623477146217,2.022033733225714,-0.15125307552718545
R26me2K27ac,R26me2,K27ac,-inf,-inf,-1.0
R26me2K27me1,R26me2,K27me1,-inf,-inf,-0.2546542428008704
R26me2K27me2,R26me2,K27me2,3.532077900299314,9.023641891192318,0.27395993365427895
R26me2K27me3,R26me2,K27me3,-inf,-inf,-0.6328016989019071
R26me2K27un,R26me2,K27un,-inf,-inf,-0.7166961441427686
R26me2K36me1,R26me2,K36me1,-inf,-inf,-0.34390851770442676
R26me2K36me2,R26me2,K36me2,-inf,-inf,-0.8181340534832456
R26me2K36me3,R26me2,K36me3,-inf,-inf,-0.7581449047969049
R26me2K36un,R26me2,K36un,2.524214038292311,7.08677365357378,0.08736311412461359
R26unK27ac,R26un,K27ac,inf,inf,0.02229080162340795
R26unK27me1,R26un,K27me1,-0.4234009606761588,-0.2767868143477926,-0.23385485007918994
R26unK27me2,R26un,K27me2,0.6297177376539215,1.8583829510677554,0.0125911908375638
R26unK27me3,R26un,K27me3,0.9880874260475575,2.7372845649609983,0.14988496293599668
R26unK27un,R26un,K27un,inf,inf,0.0084767787197934
R26unK36me1,R26un,K36me1,0.04555972424747476,0.5130148092802029,-0.1081427445958017
R26unK36me2,R26un,K36me2,inf,inf,0.039707196334062625
R26unK36me3,R26un,K36me3,inf,inf,0.017333407359903474
R26unK36un,R26un,K36un,0.3547445329260428,0.993061926544366,0.04538396701173833
R8me1K14ac,R8me1,K14ac,-inf,-inf,-0.47051448953774416
R8me1K14me1,R8me1,K14me1,1.8949900854903057,5.868773761300112,-0.016134128659342946
R8me1K14me2,R8me1,K14me2,-inf,-inf,-1.0
R8me1K14me3,R8me1,K14me3,-inf,-inf,-1.0
R8me1K14un,R8me1,K14un,1.613427189958607,4.719185900114568,0.0235612264383273
R8me1K18ac,R8me1,K18ac,-inf,-inf,-1.0
R8me1K18me1,R8me1,K18me1,-inf,-inf,-0.4586992132090228
R8me1K18me2,R8me1,K18me2,-inf,-inf,-1.0
R8me1K18un,R8me1,K18un,inf,inf,0.0133703223866747
R8me1K23ac,R8me1,K23ac,-inf,-inf,-1.0
R8me1K23me1,R8me1,K23me1,-inf,-inf,-1.0
R8me1K23me2,R8me1,K23me2,-inf,-inf,-1.0
R8me1K23me3,R8me1,K23me3,-inf,-inf,-1.0
R8me1K23un,R8me1,K23un,inf,inf,0.0153692056391065
R8me1K27ac,R8me1,K27ac,-inf,-inf,-1.0
R8me1K27me1,R8me1,K27me1,-inf,-inf,-0.7866222040715536
R8me1K27me2,R8me1,K27me2,3.306877980417239,8.2511715845907,0.35621867083182074
R8me1K27me3,R8me1,K27me3,-0.026422442635820106,1.7859433184612792,-0.2737931334407567
R8me1K27un,R8me1,K27un,-inf,-inf,-1.0
R8me1K36me1,R8me1,K36me1,-inf,-inf,-0.7726795498655967
R8me1K36me2,R8me1,K36me2,3.2531824119900192,8.010500619923382,0.3346094493705333
R8me1K36me3,R8me1,K36me3,-inf,-inf,-1.0
R8me1K36un,R8me1,K36un,0.9488207374494917,3.3518095035970186,-0.07914578169603317
R8me1K9ac,R8me1,K9ac,-inf,-inf,-1.0
R8me1K9me1,R8me1,K9me1,inf,inf,0.5357740540237566
R8me1K9me2,R8me1,K9me2,-inf,-inf,-1.0
R8me1K9me3,R8me1,K9me3,-inf,-inf,-1.0
R8me1K9un,R8me1,K9un,-inf,-inf,-0.5009324084021718
R8me1R17me1,R8me1,R17me1,3.516266696276706,8.950090178091486,0.2564421973223546
R8me1R17me2,R8me1,R17me2,-inf,-inf,-1.0
R8me1R17un,R8me1,R17un,1.073064167853929,3.317891469437804,-0.022509556339224447
R8me1R26me1,R8me1,R26me1,-inf,-inf,-0.7742334468653049
R8me1R26me2,R8me1,R26me2,-inf,-inf,-1.0
R8me1R26un,R8me1,R26un,inf,inf,0.022273264512097924
R8unK14ac,R8un,K14ac,inf,inf,-0.0050144125150056
R8unK14me1,R8un,K14me1,0.8651763623323703,2.594063526039818,0.00015726540895532508
R8unK14me2,R8un,K14me2,inf,inf,0.009292616639090624
R8unK14me3,R8un,K14me3,inf,inf,0.004427353865263901
R8unK14un,R8un,K14un,0.07508847658819111,0.23088494244912805,-0.0038500235901787992
R8unK18ac,R8un,K18ac,inf,inf,0.008562032030919101
R8unK18me1,R8un,K18me1,inf,inf,-0.003068632518366351
R8unK18me2,R8un,K18me2,inf,inf,0.006204272930564125
R8unK18un,R8un,K18un,0.005671299374872642,0.030444508636271975,-0.01220563567943205
R8unK23ac,R8un,K23ac,inf,inf,0.0070046888250915006
R8unK23me1,R8un,K23me1,inf,inf,0.005893048486192775
R8unK23me2,R8un,K23me2,inf,inf,0.007331958556977325
R8unK23me3,R8un,K23me3,inf,inf,0.0052428457726153245
R8unK23un,R8un,K23un,-0.006706149287498641,-0.0015178792886505002,-0.017082689284869175
R8unK27ac,R8un,K27ac,inf,inf,0.0070007596016576
R8unK27me1,R8un,K27me1,inf,inf,0.012298940360875626
R8unK27me2,R8un,K27me2,-0.030991008991115152,0.0661601446085063,-0.057534581400293106
R8unK27me3,R8un,K27me3,0.7689100251355155,2.2330313166320614,0.05033858715740515
R8unK27un,R8un,K27un,inf,inf,0.0084281613934589
R8unK36me1,R8un,K36me1,inf,inf,0.01872479384475775
R8unK36me2,R8un,K36me2,0.1525315006088875,0.6104422090182358,-0.04482307835872443
R8unK36me3,R8un,K36me3,inf,inf,0.00934926725043365
R8unK36un,R8un,K36un,0.3201171843012816,0.9452160502950201,0.010337585711927576
R8unK9ac,R8un,K9ac,inf,inf,0.006248267859436425
R8unK9me1,R8un,K9me1,-0.14126125996098124,-0.11562830949477335,-0.08914532934918491
R8unK9me2,R8un,K9me2,inf,inf,0.0746047802108776
R8unK9me3,R8un,K9me3,inf,inf,0.009879667179086725
R8unK9un,R8un,K9un,inf,inf,0.0024236976593625744
R8unR17me1,R8un,R17me1,0.6571279305108676,2.1893409259876293,-0.04414993701740338
R8unR17me2,R8un,R17me2,inf,inf,0.00954982560555055
R8unR17un,R8un,R17un,0.08873366435136217,0.23455612934941683,0.0282436004826391
R8unR26me1,R8un,R26me1,inf,inf,0.010064304463633126
R8unR26me2,R8un,R26me2,inf,inf,0.0065892834969541
R8unR26un,R8un,R26un,-0.0038797174917445747,0.011185764626098875,-0.020253437161331322
