binary_comb,binary_abundance,PTM_1,PTM_2,discrete_mod_x,discrete_abundance_1,discrete_mod_y,discrete_abundance_2,a,b,c,d,delta_I_(2|1)_PTM_combo,delta_I_(2|1),delta_I_(1|2)_PTM_combo,delta_I_(1|2)
K4unR8un,0.9659015879174624,K4un,R8un,K4un,0.9854087270389876,R8un,0.9804928608784704,0.9659015879174624,0.01950713912152524,0.01459127296100804,4.440892098500626e-15,R8un|K4un,-0.019795987782492586,K4un|R8un,-0.014881569813483098
K4unK9me2,0.2573097651334811,K4un,K9me2,K4un,0.9854087270389876,K9me2,0.2573097651334811,0.2573097651334811,0.7280989619055065,0.0,0.014591272961012258,K9me2|K4un,0.2611198359351456,K4un|K9me2,0.019646512470484656
K4unK14un,0.5173574685175177,K4un,K14un,K4un,0.9854087270389876,K14un,0.5253972140548472,0.5173574685175177,0.4680512585214699,0.008039745537329446,0.0065515274236829235,K14un|K4un,-0.025978705060234475,K4un|K14un,-0.0014979904224307061
K4unR17un,0.925106246944182,K4un,R17un,K4un,0.9854087270389876,R17un,0.9396975199051898,0.925106246944182,0.060302480094805655,0.014591272961007817,4.440892098500626e-15,R17un|K4un,-0.06119539886327785,K4un|R17un,-0.015527627403348676
K4unK18un,0.9153022351981516,K4un,K18un,K4un,0.9854087270389876,K18un,0.9198808027903744,0.9153022351981516,0.07010649184083606,0.00457856759222286,0.01001270536878962,K18un|K4un,0.6150673336887987,K4un|K18un,0.11999526349581224
K4unK23un,0.9571545572762082,K4un,K23un,K4un,0.9854087270389876,K23un,0.9637060846998868,0.9571545572762082,0.02825416976277939,0.006551527423678594,0.008039745537333665,K23un|K4un,0.5223243181386907,K4un|K23un,0.21471946168354272
K4unR26un,0.931435672995465,K4un,R26un,K4un,0.9854087270389876,R26un,0.946026945956473,0.931435672995465,0.053973054043522595,0.014591272961007928,4.3298697960381105e-15,R26un|K4un,-0.054772250906901854,K4un|R26un,-0.015423739274339154
K4unK27me1,0.0876538894460947,K4un,K27me1,K4un,0.9854087270389876,K27me1,0.0876538894460947,0.0876538894460947,0.897754837592893,0.0,0.01459127296101248,K27me1|K4un,0.08895180958005325,K4un|K27me1,0.01599313329910923
K4unK36un,0.3294036769690442,K4un,K36un,K4un,0.9854087270389876,K36un,0.3294036769690442,0.3294036769690442,0.6560050500699435,0.0,0.01459127296101248,K36un|K4un,0.33428126616947584,K4un|K36un,0.021758653395328786
R8unK9me2,0.2573097651334811,R8un,K9me2,R8un,0.9804928608784704,K9me2,0.2573097651334811,0.2573097651334811,0.7231830957449894,0.0,0.01950713912152957,K9me2|R8un,0.26242900422849075,R8un|K9me2,0.02626551179178427
R8unK14un,0.5079627193837754,R8un,K14un,R8un,0.9804928608784704,K14un,0.5253972140548472,0.5079627193837754,0.4725301414946951,0.017434494671071832,0.002072644450457628,K14un|R8un,-0.37568068153177603,R8un|K14un,-0.02881634077927564
R8unR17un,0.9211467300971762,R8un,R17un,R8un,0.9804928608784704,R17un,0.9396975199051898,0.9211467300971762,0.05934613078129425,0.018550789808013612,0.0009563493135159584,R17un|R8un,-0.011501230361810832,R8un|R17un,-0.0038820315858490995
R8unK18un,0.9011662574215914,R8un,K18un,R8un,0.9804928608784704,K18un,0.9198808027903744,0.9011662574215914,0.07932660345687903,0.01871454536878303,0.0007925937527465399,K18un|R8un,-0.04027386701341118,R8un|K18un,-0.010451850864150014
R8unK23un,0.9441989455783616,R8un,K23un,R8un,0.9804928608784704,K23un,0.9637060846998868,0.9441989455783616,0.03629391530010884,0.01950713912152524,4.3298697960381105e-15,K23un|R8un,-0.03701599139373002,R8un|K23un,-0.02024179304365925
R8unR26un,0.9274761561484594,R8un,R26un,R8un,0.9804928608784704,R26un,0.946026945956473,0.9274761561484594,0.05301670473001108,0.018550789808013612,0.0009563493135159584,R26un|R8un,-0.005045878870916454,R8un|R26un,-0.0018901415893366469
R8unK27me1,0.0866975401325831,R8un,K27me1,R8un,0.9804928608784704,K27me1,0.0876538894460947,0.0866975401325831,0.8937953207458873,0.0009563493135116008,0.018550789808017942,K27me1|R8un,0.03939680252028879,R8un|K27me1,0.009422544041107095
R8unK36un,0.3272478076487601,R8un,K36un,R8un,0.9804928608784704,K36un,0.3294036769690442,0.3272478076487601,0.6532450532297103,0.0021558693202841095,0.01735126980124546,K36un|R8un,0.2232415409496598,R8un|K36un,0.019329624537450796
K9me2K14un,0.2400355109616556,K9me2,K14un,K9me2,0.2573097651334811,K14un,0.5253972140548472,0.2400355109616556,0.017274254171825487,0.2853617030931916,0.45732853177332733,K14un|K9me2,0.5486388369425947,K9me2|K14un,0.4204675461987636
K9me2R17un,0.2462176622496089,K9me2,R17un,K9me2,0.2573097651334811,R17un,0.9396975199051898,0.2462176622496089,0.01109210288387219,0.693479857655581,0.04921037721093802,R17un|K9me2,0.023151651170595366,K9me2|R17un,0.078076924472011
K9me2K18un,0.2568688038226688,K9me2,K18un,K9me2,0.2573097651334811,K18un,0.9198808027903744,0.2568688038226688,0.0004409613108122823,0.6630119989677057,0.07967823589881329,K18un|K9me2,0.10556953134782954,K9me2|K18un,0.2737375847807717
K9me2K23un,0.2504964392952973,K9me2,K23un,K9me2,0.2573097651334811,K23un,0.9637060846998868,0.2504964392952973,0.006813325838183781,0.7132096454045895,0.02948058946192944,K23un|K9me2,0.013215247633016847,K9me2|K23un,0.0722039347709888
K9me2R26un,0.2227864305238508,K9me2,R26un,K9me2,0.2573097651334811,R26un,0.946026945956473,0.2227864305238508,0.03452333460963028,0.7232405154326221,0.01944971943389684,R26un|K9me2,-0.10798212551974351,K9me2|R26un,-0.4041432727999654
K9me2K27me1,0.0792656266111792,K9me2,K27me1,K9me2,0.2573097651334811,K27me1,0.0876538894460947,0.0792656266111792,0.1780441385223019,0.008388262834915505,0.7343019720316034,K27me1|K9me2,0.2967608300947783,K9me2|K27me1,0.7091526704567472
K9me2K36un,0.1641611188857582,K9me2,K36un,K9me2,0.2573097651334811,K36un,0.3294036769690442,0.1641611188857582,0.09314864624772287,0.165242558083286,0.5774476767832329,K36un|K9me2,0.4154983448431079,K9me2|K36un,0.35945428877992336
K14unR17un,0.4797364596304532,K14un,R17un,K14un,0.5253972140548472,R17un,0.9396975199051898,0.4797364596304532,0.04566075442439399,0.4599610602747366,0.014641725670416328,R17un|K14un,-0.05605662777167986,K14un|R17un,-0.24667308328433302
K14unK18un,0.4982619073182658,K14un,K18un,K14un,0.5253972140548472,K18un,0.9198808027903744,0.4982619073182658,0.027135306736581377,0.4216188954721086,0.05298389047304408,K18un|K14un,0.0599911667237808,K14un|K18un,0.20297250541064443
K14unK23un,0.4989994177416336,K14un,K23un,K14un,0.5253972140548472,K23un,0.9637060846998868,0.4989994177416336,0.026397796313213595,0.46470666695825324,0.009896118986899682,K23un|K14un,-0.029392131180884462,K14un|K23un,-0.20954181611454892
K14unR26un,0.48360115400943,K14un,R26un,K14un,0.5253972140548472,R26un,0.946026945956473,0.48360115400943,0.041796060045417194,0.462425791947043,0.012176993998110008,R26un|K14un,-0.0538941220868796,K14un|R26un,-0.2631957976621939
K14unK27me1,0.0856031351991375,K14un,K27me1,K14un,0.5253972140548472,K27me1,0.0876538894460947,0.0856031351991375,0.4397940788557097,0.0020507542469572065,0.4725520316981957,K27me1|K14un,0.15860932732235306,K14un|K27me1,0.4945565469166496
K14unK36un,0.2617344067082354,K14un,K36un,K14un,0.5253972140548472,K36un,0.3294036769690442,0.2617344067082354,0.2636628073466118,0.06766927026080882,0.4069335156843441,K36un|K14un,0.3555839630289741,K14un|K36un,0.40139374843884207
R17unK18un,0.8595783226955688,R17un,K18un,R17un,0.9396975199051898,K18un,0.9198808027903744,0.8595783226955688,0.08011919720962102,0.060302480094805655,4.551914400963142e-15,K18un|R17un,-0.08526062430986692,R17un|K18un,-0.06555466742194349
R17unK23un,0.903403604605081,R17un,K23un,R17un,0.9396975199051898,K23un,0.9637060846998868,0.903403604605081,0.03629391530010884,0.06030248009480588,4.3298697960381105e-15,K23un|R17un,-0.03862297657623193,R17un|K23un,-0.06257351805916012
R17unR26un,0.8866808151751787,R17un,R26un,R17un,0.9396975199051898,R26un,0.946026945956473,0.8866808151751787,0.05301670473001108,0.05934613078129425,0.0009563493135159584,R26un|R17un,-0.04055970093361416,R17un|R26un,-0.04501295235878555
R17unK27me1,0.0756054372487109,R17un,K27me1,R17un,0.9396975199051898,K27me1,0.0876538894460947,0.0756054372487109,0.8640920826564789,0.012048452197383805,0.04825402789742639,K27me1|R17un,-0.11934307018131678,R17un|K27me1,-0.08456480352063589
R17unK36un,0.3066325822166039,R17un,K36un,R17un,0.9396975199051898,K36un,0.3294036769690442,0.3066325822166039,0.633064937688586,0.022771094752440324,0.03753138534236977,K36un|R17un,-0.05130468730250126,R17un|K36un,-0.01316105454781824
K18unK23un,0.9072977665656872,K18un,K23un,K18un,0.9198808027903744,K23un,0.9637060846998868,0.9072977665656872,0.01258303622468726,0.056408318134199664,0.023710879075425906,K23un|K18un,0.28226605508776303,K18un|K23un,0.5947690702110128
K18unR26un,0.8669981334602322,K18un,R26un,K18un,0.9198808027903744,R26un,0.946026945956473,0.8669981334602322,0.052882669330142185,0.07902881249624072,0.001090384713384851,R26un|K18un,-0.04387907947481362,K18un|R26un,-0.0633352009496444
K18unK27me1,0.0876538894460947,K18un,K27me1,K18un,0.9198808027903744,K27me1,0.0876538894460947,0.0876538894460947,0.8322269133442797,0.0,0.08011919720962557,K27me1|K18un,0.09528831255115297,K18un|K27me1,0.08781666988308134
K18unK36un,0.3170191470031765,K18un,K36un,K18un,0.9198808027903744,K36un,0.3294036769690442,0.3170191470031765,0.602861655787198,0.012384529965867697,0.06773466724375776,K36un|K18un,0.19005436919390176,K18un|K36un,0.06340980129287832
K23unR26un,0.909733030656364,K23un,R26un,K23un,0.9637060846998868,R26un,0.946026945956473,0.909733030656364,0.05397305404352282,0.03629391530010895,4.218847493575595e-15,R26un|K23un,-0.05600572093536049,K23un|R26un,-0.03836456821358336
K23unK27me1,0.0818197502971854,K23un,K27me1,K23un,0.9637060846998868,K27me1,0.0876538894460947,0.0818197502971854,0.8818863344027015,0.005834139148909304,0.030459776151203766,K27me1|K23un,-0.0758458863074136,K23un|K27me1,-0.03317260951238443
K23unK36un,0.3276858222014095,K23un,K36un,K23un,0.9637060846998868,K36un,0.3294036769690442,0.3276858222014095,0.6360202624984773,0.0017178547676346967,0.034576060532478414,K36un|K23un,0.29269496662518124,K23un|K36un,0.04634512587346229
R26unK27me1,0.0594122644537801,R26un,K27me1,R26un,0.946026945956473,K27me1,0.0876538894460947,0.0594122644537801,0.8866146815026928,0.0282416249923146,0.025731429051212396,K27me1|R26un,-0.4604522854581125,R26un|K27me1,-0.29399118998996465
R26unK36un,0.2998930937186748,R26un,K36un,R26un,0.946026945956473,K36un,0.3294036769690442,0.2998930937186748,0.6461338522377982,0.029510583250369427,0.024462470793157554,K36un|R26un,-0.22976242032776967,R26un|K36un,-0.053109215564614454
K27me1K36un,0.0134938791728541,K27me1,K36un,K27me1,0.0876538894460947,K36un,0.3294036769690442,0.0134938791728541,0.0741600102732406,0.3159097977961901,0.5964363127577152,K36un|K27me1,-0.19231590038234306,K27me1|K36un,-0.06962358769860869
K4unK36me1,0.0784892400283331,K4un,K36me1,K4un,0.9854087270389876,K36me1,0.0784892400283331,0.0784892400283331,0.9069194870106545,0.0,0.01459127296101237,K36me1|K4un,0.07965145616700803,K4un|K36me1,0.01583407768506251
R8unK36me1,0.0775328907148215,R8un,K36me1,R8un,0.9804928608784704,K36me1,0.0784892400283331,0.0775328907148215,0.9029599701636489,0.0009563493135116008,0.018550789808018053,K36me1|R8un,0.030049820218398013,R8un|K36me1,0.007946380569892497
K9me2K36me1,0.067678005293935,K9me2,K36me1,K9me2,0.2573097651334811,K36me1,0.0784892400283331,0.067678005293935,0.18963175983954608,0.0108112347343981,0.7318790001321208,K36me1|K9me2,0.24846466314869847,K9me2|K36me1,0.6564748296729179
K14unK36me1,0.0753859458621166,K14un,K36me1,K14un,0.5253972140548472,K36me1,0.0784892400283331,0.0753859458621166,0.4500112681927306,0.0031032941662165053,0.47149949177893624,K36me1|K14un,0.1369449994944201,K14un|K36me1,0.47212140719801626
R17unK36me1,0.0664407878309493,R17un,K36me1,R17un,0.9396975199051898,K36me1,0.0784892400283331,0.0664407878309493,0.8732567320742405,0.012048452197383805,0.0482540278974265,K36me1|R17un,-0.12909583553786033,R17un|K36me1,-0.10114046656164599
K18unK36me1,0.0784892400283331,K18un,K36me1,K18un,0.9198808027903744,K36me1,0.0784892400283331,0.0784892400283331,0.8413915627620413,0.0,0.08011919720962557,K36me1|K18un,0.08532544628634836,K18un|K36me1,0.08694331166799285
K23unK36me1,0.0713811120842192,K23un,K36me1,K23un,0.9637060846998868,K36me1,0.0784892400283331,0.0713811120842192,0.8923249726156677,0.007108127944113904,0.029185787355999304,K36me1|K23un,-0.12177964564368769,K23un|K36me1,-0.05889014095117129
R26unK36me1,0.0610964209369943,R26un,K36me1,R26un,0.946026945956473,K36me1,0.0784892400283331,0.0610964209369943,0.8849305250194787,0.0173928190913388,0.03658023495218832,K36me1|R26un,-0.2576679300292973,R26un|K36me1,-0.1818990093260464
K27me1K36me1,0.0615544523968792,K27me1,K36me1,K27me1,0.0876538894460947,K36me1,0.0784892400283331,0.0615544523968792,0.026099437049215503,0.016934787631453903,0.8954113229224514,K36me1|K27me1,0.683682591349486,K27me1|K36me1,0.7559182030173239
K4unK9me1,0.2391741314540806,K4un,K9me1,K4un,0.9854087270389876,K9me1,0.2537654044150885,0.2391741314540806,0.746234595584907,0.0145912729610079,4.551914400963142e-15,K9me1|K4un,-0.7572843380704857,K4un|K9me1,-0.057499062942161894
K4unK14me1,0.1457701065149934,K4un,K14me1,K4un,0.9854087270389876,K14me1,0.1457701065149934,0.1457701065149934,0.8396386205239943,0.0,0.01459127296101248,K14me1|K4un,0.1479285726979623,K4un|K14me1,0.017081201527008538
K4unK27me2,0.6550624663267082,K4un,K27me2,K4un,0.9854087270389876,K27me2,0.6616139937503867,0.6550624663267082,0.33034626071227946,0.006551527423678483,0.008039745537333998,K27me2|K4un,0.21575904967671006,K4un|K27me2,0.013856754721197406
R8unK9me1,0.2363309097440167,R8un,K9me1,R8un,0.9804928608784704,K9me1,0.2537654044150885,0.2363309097440167,0.7441619511344537,0.017434494671071804,0.002072644450457739,K9me1|R8un,-0.6527166707549771,R8un|K9me1,-0.06592572706042676
R8unK14me1,0.1457701065149934,R8un,K14me1,R8un,0.9804928608784704,K14me1,0.1457701065149934,0.1457701065149934,0.834722754363477,0.0,0.01950713912152957,K14me1|R8un,0.14867023752155725,R8un|K14me1,0.02283593593516864
R8unK27me2,0.643063203942373,R8un,K27me2,R8un,0.9804928608784704,K27me2,0.6616139937503867,0.643063203942373,0.3374296569360974,0.018550789808013612,0.0009563493135159584,K27me2|R8un,-0.2951172945375916,R8un|K27me2,-0.0252124819846421
K9me1K14me1,0.145329145204181,K9me1,K14me1,K9me1,0.2537654044150885,K14me1,0.1457701065149934,0.145329145204181,0.10843625921090749,0.0004409613108123933,0.7457936342740992,K14me1|K9me1,0.5721000138794883,K9me1|K14me1,0.8700345832258563
K9me1R17un,0.2473227807538035,K9me1,R17un,K9me1,0.2537654044150885,R17un,0.9396975199051898,0.2473227807538035,0.00644262366128498,0.6923747391513863,0.0538598564335252,R17un|K9me1,0.04678739318973957,K9me1|R17un,0.15635558113391038
K9me1K18un,0.1966505589147774,K9me1,K18un,K9me1,0.2537654044150885,K18un,0.9198808027903744,0.1966505589147774,0.057114845500311096,0.7232302438755971,0.023004351709314363,K18un|K9me1,-0.19424223336719504,K9me1|K18un,-0.4990951071342138
K9me1K23un,0.2332681335025407,K9me1,K23un,K9me1,0.2537654044150885,K23un,0.9637060846998868,0.2332681335025407,0.0204972709125478,0.7304379511973461,0.01579664438756534,K23un|K9me1,-0.05960404920489648,K9me1|K23un,-0.3227045851635296
K9me1R26un,0.2512685109822613,K9me1,R26un,K9me1,0.2537654044150885,R26un,0.946026945956473,0.2512685109822613,0.0024968934328272185,0.6947584349742117,0.051476160610699706,R26un|K9me1,0.05914182685272318,K9me1|R26un,0.21934211641710308
K9me1K27me2,0.2231062379776204,K9me1,K27me2,K9me1,0.2537654044150885,K27me2,0.6616139937503867,0.2231062379776204,0.030659166437468105,0.43850775577276624,0.3077268398121452,K27me2|K9me1,0.2915558200432524,K9me1|K27me2,0.24661099311532966
K9me1K36un,0.0438564544012219,K9me1,K36un,K9me1,0.2537654044150885,K36un,0.3294036769690442,0.0438564544012219,0.20990895001386659,0.28554722256782233,0.4606873730170892,K36un|K9me1,-0.20982791688145386,K9me1|K36un,-0.17987940925242754
K14me1R17un,0.1402183509911848,K14me1,R17un,K14me1,0.1457701065149934,R17un,0.9396975199051898,0.1402183509911848,0.005551755523808599,0.7994791689140051,0.0547507245710015,R17un|K14me1,0.02600797194588178,K14me1|R17un,0.05715134688478753
K14me1K18un,0.1349996212363343,K14me1,K18un,K14me1,0.1457701065149934,K18un,0.9198808027903744,0.1349996212363343,0.010770485278659092,0.7848811815540402,0.06934871193096637,K18un|K14me1,0.007295936432617278,K14me1|K18un,0.01232696416101639
K14me1K23un,0.144174794790392,K14me1,K23un,K14me1,0.1457701065149934,K23un,0.9637060846998868,0.144174794790392,0.0015953117246013948,0.8195312899094949,0.03469860357551169,K23un|K14me1,0.029675723427330825,K14me1|K23un,0.10564917958714065
K14me1R26un,0.1432732130821661,K14me1,R26un,K14me1,0.1457701065149934,R26un,0.946026945956473,0.1432732130821661,0.002496893432827302,0.8027537328743068,0.051476160610699706,R26un|K14me1,0.04313133150161175,K14me1|R26un,0.10518543371193043
K14me1K27me2,0.1388954881070204,K14me1,K27me2,K14me1,0.1457701065149934,K27me2,0.6616139937503867,0.1388954881070204,0.006874618407972988,0.5227185056433663,0.33151138784164025,K27me2|K14me1,0.3409214793251365,K14me1|K27me2,0.1896184200534432
K14me1K36un,0.0343979290015242,K14me1,K36un,K14me1,0.1457701065149934,K36un,0.3294036769690442,0.0343979290015242,0.1113721775134692,0.29500574796752,0.5592241455174867,K36un|K14me1,-0.10937319897316555,K14me1|K36un,-0.06165446600459906
R17unK27me2,0.6173546754117449,R17un,K27me2,R17un,0.9396975199051898,K27me2,0.6616139937503867,0.6173546754117449,0.32234284449344486,0.04425931833864172,0.01604316175616849,K27me2|R17un,-0.0769834935480308,R17un|K27me2,-0.019485151785368693
K18unK27me2,0.6078451079510109,K18un,K27me2,K18un,0.9198808027903744,K27me2,0.6616139937503867,0.6078451079510109,0.31203569483936355,0.053768885799375776,0.026350311410249794,K27me2|K18un,-0.01032432302326014,K18un|K27me2,-0.0033986985918895707
K23unK27me2,0.6511015602937115,K23un,K27me2,K23un,0.9637060846998868,K27me2,0.6616139937503867,0.6511015602937115,0.31260452440617537,0.010512433456675185,0.02578148184343798,K27me2|K23un,0.3859752785799436,K23un|K27me2,0.06030048908733354
R26unK27me2,0.6497943783726283,R26un,K27me2,R26un,0.946026945956473,K27me2,0.6616139937503867,0.6497943783726283,0.29623256758384464,0.01181961537775833,0.042153438665768705,K27me2|R26un,0.4678756276802981,R26un|K27me2,0.1067072298096704
K27me2K36un,0.1473891396428062,K27me2,K36un,K27me2,0.6616139937503867,K36un,0.3294036769690442,0.1473891396428062,0.5142248541075805,0.182014537326238,0.15637146892337528,K36un|K27me2,-0.31511816000452975,K27me2|K36un,-0.3193749861020632
K4unK9un,0.0923009060207872,K4un,K9un,K4un,0.9854087270389876,K9un,0.0923009060207872,0.0923009060207872,0.8931078210182004,0.0,0.01459127296101237,K9un|K4un,0.09366763606624251,K4un|K9un,0.016075011044735632
K4unR17me2,0.0401573467827301,K4un,R17me2,K4un,0.9854087270389876,R17me2,0.0401573467827301,0.0401573467827301,0.9452513802562575,0.0,0.014591272961012258,R17me2|K4un,0.040751969899228704,K4un|R17me2,0.015201734276033885
R8unK9un,0.0902282615703339,R8un,K9un,R8un,0.9804928608784704,K9un,0.0923009060207872,0.0902282615703339,0.8902645993081365,0.002072644450453298,0.017434494671076384,K9un|R8un,-0.014227185397127348,R8un|K9un,-0.003247948557375424
R8unR17me2,0.0401573467827301,R8un,R17me2,R8un,0.9804928608784704,R17me2,0.0401573467827301,0.0401573467827301,0.9403355140957403,0.0,0.01950713912152957,R17me2|R8un,0.04095628676658718,R8un|R17me2,0.02032326762740133
K9unK14un,0.043101116090968,K9un,K14un,K9un,0.0923009060207872,K14un,0.5253972140548472,0.043101116090968,0.049199789929819195,0.4822960979638792,0.4254029960153336,K14un|K9un,-0.06437609836508151,K9un|K14un,-0.02162989788394129
K9unR17me2,0.0271393269566466,K9un,R17me2,K9un,0.0923009060207872,R17me2,0.0401573467827301,0.0271393269566466,0.06516157906414059,0.013018019826083499,0.8946810741531293,R17me2|K9un,0.2796892129419916,K9un|R17me2,0.6079369309880217
K9unK18un,0.0775625056343581,K9un,K18un,K9un,0.0923009060207872,K18un,0.9198808027903744,0.0775625056343581,0.014738400386429096,0.8423182971560164,0.06538079682319653,K18un|K9un,-0.08764859049657436,K9un|K18un,-0.09963792116505364
K9unK23un,0.0888717845948393,K9un,K23un,K9un,0.0923009060207872,K23un,0.9637060846998868,0.0888717845948393,0.0034291214259478953,0.8748343001050476,0.0328647938741653,K23un|K9un,-0.0009448411536120416,K9un|K23un,-0.0022632276734057127
K9unR26un,0.0771191869170156,K9un,R26un,K9un,0.0923009060207872,R26un,0.946026945956473,0.0771191869170156,0.015181719103771599,0.8689077590394574,0.038791334939755506,R26un|K9un,-0.12174481898762013,K9un|R26un,-0.19976428926926815
K9unK27me2,0.0767401496241705,K9un,K27me2,K9un,0.0923009060207872,K27me2,0.6616139937503867,0.0767401496241705,0.015560756396616693,0.5848738441262161,0.32282524985299665,K27me2|K9un,0.1870650220943123,K9un|K27me2,0.07000408419487927
K9unK36un,0.0328880943119205,K9un,K36un,K9un,0.0923009060207872,K36un,0.3294036769690442,0.0328880943119205,0.05941281170886669,0.2965155826571237,0.6111835113220891,K36un|K9un,0.029646616495751288,K9un|K36un,0.011244325032060715
K14unR17me2,0.0336777834030453,K14un,R17me2,K14un,0.5253972140548472,R17me2,0.0401573467827301,0.0336777834030453,0.4917194306518019,0.006479563379684798,0.468123222565468,R17me2|K14un,0.05044705825796287,K14un|R17me2,0.32635392392381135
K14unK27me2,0.2322126678733913,K14un,K27me2,K14un,0.5253972140548472,K27me2,0.6616139937503867,0.2322126678733913,0.2931845461814559,0.42940132587699537,0.045201460068157395,K27me2|K14un,-0.4627839416727919,K14un|K27me2,-0.515441346036503
R17me2K18un,0.0401573467827301,R17me2,K18un,R17me2,0.0401573467827301,K18un,0.9198808027903744,0.0401573467827301,0.0,0.8797234560076443,0.08011919720962557,K18un|R17me2,0.08347117826143302,R17me2|K18un,0.04365494601139241
R17me2K23un,0.0401573467827301,R17me2,K23un,R17me2,0.0401573467827301,K23un,0.9637060846998868,0.0401573467827301,0.0,0.9235487379171567,0.036293915300113166,K23un|R17me2,0.0378123593262506,R17me2|K23un,0.0416697034710907
R17me2R26un,0.0401573467827301,R17me2,R26un,R17me2,0.0401573467827301,R26un,0.946026945956473,0.0401573467827301,0.0,0.9058695991737429,0.053973054043527036,R26un|R17me2,0.056231147743451726,R17me2|R26un,0.04244841751534819
R17me2K27me2,0.0361626372239498,R17me2,K27me2,R17me2,0.0401573467827301,K27me2,0.6616139937503867,0.0361626372239498,0.003994709558780299,0.6254513565264368,0.3343912966908331,K27me2|R17me2,0.2489049365444319,R17me2|K27me2,0.04285302547504701
R17me2K36un,0.018545611932956,R17me2,K36un,R17me2,0.0401573467827301,K36un,0.3294036769690442,0.018545611932956,0.0216117348497741,0.3108580650360882,0.6489845881811818,K36un|R17me2,0.13796007014823153,R17me2|K36un,0.024072924410257296
K4unR26me2,0.0126651244877978,K4un,R26me2,K4un,0.9854087270389876,R26me2,0.0126651244877978,0.0126651244877978,0.9727436025511899,0.0,0.01459127296101237,R26me2|K4un,0.012852661175281742,K4un|R26me2,0.014778443791365947
R8unR26me2,0.0126651244877978,R8un,R26me2,R8un,0.9804928608784704,R26me2,0.0126651244877978,0.0126651244877978,0.9678277363906727,0.0,0.01950713912152957,R26me2|R8un,0.01291710015761921,R8un|R26me2,0.019757368655097696
K9unR17un,0.0625511722972222,K9un,R17un,K9un,0.0923009060207872,R17un,0.9396975199051898,0.0625511722972222,0.029749733723565,0.8771463476079676,0.030552746371245276,R17un|K9un,-0.28865292413751764,K9un|R17un,-0.42677657402046526
K9unR26me2,0.0120590605267702,K9un,R26me2,K9un,0.0923009060207872,R26me2,0.0126651244877978,0.0120590605267702,0.080241845494017,0.0006060639610276,0.9070930300181852,R26me2|K9un,0.12998173487984682,K9un|R26me2,0.8708758642488438
K14unR26me2,0.0056098487561637,K14un,R26me2,K14un,0.5253972140548472,R26me2,0.0126651244877978,0.0056098487561637,0.5197873652986835,0.0070552757316341,0.4675475102135187,R26me2|K14un,-0.00418829557374069,K14un|R26me2,-0.08351825868596524
R17unR26me2,0.0126651244877978,R17un,R26me2,R17un,0.9396975199051898,R26me2,0.0126651244877978,0.0126651244877978,0.927032395417392,0.0,0.06030248009481021,R26me2|R17un,0.01347787369820412,R17un|R26me2,0.06107601543349406
K18unR26me2,0.0120725735177745,K18un,R26me2,K18un,0.9198808027903744,R26me2,0.0126651244877978,0.0120725735177745,0.9078082292726,0.0005925509700233002,0.07952664623960226,R26me2|K18un,0.005728195360956295,K18un|R26me2,0.03376074526760753
K23unR26me2,0.0126651244877978,K23un,R26me2,K23un,0.9637060846998868,R26me2,0.0126651244877978,0.0126651244877978,0.9510409602120891,0.0,0.036293915300113166,R26me2|K23un,0.01314210285570825,K23un|R26me2,0.03675947867362117
R26me2K27me2,0.0086829176029375,R26me2,K27me2,R26me2,0.0126651244877978,K27me2,0.6616139937503867,0.0086829176029375,0.0039822068848603,0.6529310761474492,0.33440379936475306,K27me2|R26me2,0.024270357979417123,R26me2|K27me2,0.0013556046368488634
R26me2K36un,0.0086829176029375,R26me2,K36un,R26me2,0.0126651244877978,K36un,0.3294036769690442,0.0086829176029375,0.0039822068848603,0.3207207593661067,0.6666141161460954,K36un|R26me2,0.3607421316610678,R26me2|K36un,0.020421197120954054
K4unR8me1,0.0195071391215252,K4un,R8me1,K4un,0.9854087270389876,R8me1,0.0195071391215252,0.0195071391215252,0.9659015879174624,0.0,0.01459127296101237,R8me1|K4un,0.019795987782796853,K4un|R8me1,0.014881569813715245
R8me1K9me1,0.0174344946710719,R8me1,K9me1,R8me1,0.0195071391215252,K9me1,0.2537654044150885,0.0174344946710719,0.002072644450453298,0.2363309097440166,0.7441619511344582,K9me1|R8me1,0.6527166707551821,R8me1|K9me1,0.06592572706043313
R8me1K14un,0.0174344946710719,R8me1,K14un,R8me1,0.0195071391215252,K14un,0.5253972140548472,0.0174344946710719,0.002072644450453298,0.5079627193837752,0.4725301414946995,K14un|R8me1,0.3756806815319771,R8me1|K14un,0.028816340779284886
R8me1R17un,0.0185507898080136,R8me1,R17un,R8me1,0.0195071391215252,R17un,0.9396975199051898,0.0185507898080136,0.0009563493135116008,0.9211467300971762,0.05934613078129858,R17un|R8me1,0.011501230362027437,R8me1|R17un,0.0038820315859213507
R8me1K18un,0.0187145453687831,R8me1,K18un,R8me1,0.0195071391215252,K18un,0.9198808027903744,0.0187145453687831,0.000792593752742099,0.9011662574215913,0.07932660345688347,K18un|R8me1,0.04027386701363389,R8me1|K18un,0.010451850864205543
R8me1K23un,0.0195071391215252,R8me1,K23un,R8me1,0.0195071391215252,K23un,0.9637060846998868,0.0195071391215252,0.0,0.9441989455783616,0.036293915300113166,K23un|R8me1,0.03701599139395628,R8me1|K23un,0.020241793043778517
R8me1R26un,0.0185507898080136,R8me1,R26un,R8me1,0.0195071391215252,R26un,0.946026945956473,0.0185507898080136,0.0009563493135116008,0.9274761561484594,0.05301670473001541,R26un|R8me1,0.005045878871133058,R8me1|R26un,0.001890141589417315
R8me1K27me2,0.0185507898080136,R8me1,K27me2,R8me1,0.0195071391215252,K27me2,0.6616139937503867,0.0185507898080136,0.0009563493135116008,0.643063203942373,0.3374296569361017,K27me2|R8me1,0.2951172945378069,R8me1|K27me2,0.025212481984655005
R8me1K36un,0.0021558693202841,R8me1,K36un,R8me1,0.0195071391215252,K36un,0.3294036769690442,0.0021558693202841,0.0173512698012411,0.3272478076487601,0.6532450532297147,K36un|R8me1,-0.22324154094963403,R8me1|K36un,-0.019329624537444252
K9me1K14un,0.0313447507723503,K9me1,K14un,K9me1,0.2537654044150885,K14un,0.5253972140548472,0.0313447507723503,0.2224206536427382,0.49405246328249686,0.2521821323024147,K14un|K9me1,-0.5385419055423075,K9me1|K14un,-0.4089867589967271
K4unK27un,0.0544572695545125,K4un,K27un,K4un,0.9854087270389876,K27un,0.0544572695545125,0.0544572695545125,0.9309514574844752,0.0,0.014591272961012258,K27un|K4un,0.05526363635742177,K4un|K27un,0.015431637821526789
K4unK36me2,0.5503535825643834,K4un,K36me2,K4un,0.9854087270389876,K36me2,0.5649448555253913,0.5503535825643834,0.43505514447460425,0.014591272961007928,4.551914400963142e-15,K36me2|K4un,-0.44149714989999667,K4un|K36me2,-0.025827782691166146
R8unK27un,0.0544572695545125,R8un,K27un,R8un,0.9804928608784704,K27un,0.0544572695545125,0.0544572695545125,0.926035591323958,0.0,0.01950713912152957,K27un|R8un,0.05554070990962813,R8un|K27un,0.02063062672200855
R8unK36me2,0.5485499350376618,R8un,K36me2,R8un,0.9804928608784704,K36me2,0.5649448555253913,0.5485499350376618,0.4319429258408086,0.016394920487729503,0.003112218633800068,K36me2|R8un,-0.28099398763356,R8un|K36me2,-0.021866772061368556
K9unK27un,0.0085855903904698,K9un,K27un,K9un,0.0923009060207872,K27un,0.0544572695545125,0.0085855903904698,0.0837153156303174,0.0458716791640427,0.8618274148151701,K27un|K9un,0.04248118316744828,K9un|K27un,0.06912059176891802
K9unK36me2,0.0550355287474457,K9un,K36me2,K9un,0.0923009060207872,K36me2,0.5649448555253913,0.0550355287474457,0.03726537727334149,0.5099093267779456,0.39778976720126713,K36me2|K9un,0.03450175155905344,K9un|K36me2,0.011760848155752415
K14unK27un,0.0430227323238337,K14un,K27un,K14un,0.5253972140548472,K27un,0.0544572695545125,0.0430227323238337,0.4823744817310135,0.011434537230678804,0.46316824871447404,K27un|K14un,0.05779324931515002,K14un|K27un,0.27987115427286846
K14unK36me2,0.1645913666258199,K14un,K36me2,K14un,0.5253972140548472,K36me2,0.5649448555253913,0.1645913666258199,0.36080584742902727,0.4003534888995714,0.07424929704558125,K36me2|K14un,-0.5302845195100303,K14un|K36me2,-0.537993007602082
R17unK27un,0.0504625599957322,R17un,K27un,R17un,0.9396975199051898,K27un,0.0544572695545125,0.0504625599957322,0.8892349599094576,0.003994709558780299,0.05630777053602998,K27un|R17un,-0.012543677057003037,R17un|K27un,-0.013804195351171944
R17unK36me2,0.5394619223804096,R17un,K36me2,R17un,0.9396975199051898,K36me2,0.5649448555253913,0.5394619223804096,0.4002355975247802,0.025482933144981734,0.03481954694982847,K36me2|R17un,0.15149523480693122,R17un|K36me2,0.03492785057910752
K18unK27un,0.0500811863446292,K18un,K27un,K18un,0.9198808027903744,K27un,0.0544572695545125,0.0500811863446292,0.8697996164457452,0.004376083209883301,0.07574311399974232,K27un|K18un,-0.00017653285309796735,K18un|K27un,-0.0002526717349911056
K18unK36me2,0.4993427361158896,K18un,K36me2,K18un,0.9198808027903744,K36me2,0.5649448555253913,0.4993427361158896,0.42053806667448485,0.06560211940950172,0.01451707780012379,K36me2|K18un,-0.2759723251086197,K18un|K36me2,-0.08275291681883146
K23unK27un,0.049957654032784,K23un,K27un,K23un,0.9637060846998868,K27un,0.0544572695545125,0.049957654032784,0.9137484306671029,0.004499615521728499,0.03179429977838466,K27un|K23un,-0.07213803396859382,K23un|K27un,-0.04900108563237471
K23unK36me2,0.5380151483154934,K23un,K36me2,K23un,0.9637060846998868,K36me2,0.5649448555253913,0.5380151483154934,0.4256909363843935,0.026929707209897957,0.00936420809021521,K36me2|K23un,-0.18371237236426274,K23un|K36me2,-0.026143664471577344
R26me2K27un,0.0039822068848603,R26me2,K27un,R26me2,0.0126651244877978,K27un,0.0544572695545125,0.0039822068848603,0.0086829176029375,0.0504750626696522,0.93685981284255,K27un|R26me2,0.2633004994237577,R26me2|K27un,0.06394235115651907
R26me2K36me2,0.0039822068848603,R26me2,K36me2,R26me2,0.0126651244877978,K36me2,0.5649448555253913,0.0039822068848603,0.0086829176029375,0.560962648640531,0.4263722268716712,K36me2|R26me2,-0.25373541071367356,R26me2|K36me2,-0.01290935829109753
K27unK36me2,0.035379409952511,K27un,K36me2,K27un,0.0544572695545125,K36me2,0.5649448555253913,0.035379409952511,0.0190778596020015,0.5295654455728803,0.4159772848726072,K36me2|K27un,0.0896077985542254,K27un|K36me2,0.018772947409845253
K4unR26me1,0.041307929555725,K4un,R26me1,K4un,0.9854087270389876,R26me1,0.041307929555725,0.041307929555725,0.9441007974832626,0.0,0.01459127296101248,R26me1|K4un,0.041919589731917055,K4un|R26me1,0.01521997877196446
R8unR26me1,0.0403515802422134,R8un,R26me1,R8un,0.9804928608784704,R26me1,0.041307929555725,0.0403515802422134,0.940141280636257,0.0009563493135116008,0.018550789808017942,R26me1|R8un,-0.007871221286479303,R8un|R26me1,-0.0038016101300655247
K9me2R26me1,0.0345233346096303,K9me2,R26me1,K9me2,0.2573097651334811,R26me1,0.041307929555725,0.0345233346096303,0.22278643052385078,0.0067845949460947005,0.7359056399204242,R26me1|K9me2,0.12503516310287327,K9me2|R26me1,0.6033698209860987
K14unR26me1,0.0361862112892534,K14un,R26me1,K14un,0.5253972140548472,R26me1,0.041307929555725,0.0361862112892534,0.48921100276559376,0.005121718266471599,0.46948106767868114,R26me1|K14un,0.05808241766062921,K14un|R26me1,0.3657212296159418
R17unR26me1,0.0403515802422134,R17un,R26me1,R17un,0.9396975199051898,R26me1,0.041307929555725,0.0403515802422134,0.8993459396629764,0.0009563493135116008,0.05934613078129858,R26me1|R17un,0.02708182723548248,R17un|R26me1,0.038751512223784146
K18unR26me1,0.0408100958123679,K18un,R26me1,K18un,0.9198808027903744,R26me1,0.041307929555725,0.0408100958123679,0.8790707069780065,0.0004978337433571012,0.07962136346626847,R26me1|K18un,0.0381508841139131,K18un|R26me1,0.07100030076371577
K23unR26me1,0.041307929555725,K23un,R26me1,K23un,0.9637060846998868,R26me1,0.041307929555725,0.041307929555725,0.9223981551441618,0.0,0.036293915300113166,R26me1|K23un,0.04286361807976852,K23un|R26me1,0.037857740163944276
R26me1K27me1,0.0282416249923146,R26me1,K27me1,R26me1,0.041307929555725,K27me1,0.0876538894460947,0.0282416249923146,0.013066304563410402,0.0594122644537801,0.899279805990495,K27me1|R26me1,0.6217131108633492,R26me1|K27me1,0.3078731196012091
R26me1K36un,0.0208276656474318,R26me1,K36un,R26me1,0.041307929555725,K36un,0.3294036769690442,0.0208276656474318,0.0204802639082932,0.3085760113216124,0.6501160591226627,K36un|R26me1,0.18233315289929447,R26me1|K36un,0.03268801844366606
K4unK14me2,0.0023046595592402,K4un,K14me2,K4un,0.9854087270389876,K14me2,0.0023046595592402,0.0023046595592402,0.9831040674797474,0.0,0.01459127296101237,K14me2|K4un,0.002338785415636994,K4un|K14me2,0.014624978557648993
R8unK14me2,0.0023046595592402,R8un,K14me2,R8un,0.9804928608784704,K14me2,0.0023046595592402,0.0023046595592402,0.9781882013192302,0.0,0.01950713912152957,K14me2|R8un,0.0023505113103784816,R8un|K14me2,0.019552200286824806
K9unK14me2,0.0010944049334456,K9un,K14me2,K9un,0.0923009060207872,K14me2,0.0023046595592402,0.0010944049334456,0.09120650108734159,0.0012102546257945998,0.9064888393534182,K14me2|K9un,0.010523603745432604,K9un|K14me2,0.38344901613402477
K9unR26me1,0.0031226585770014,K9un,R26me1,K9un,0.0923009060207872,R26me1,0.041307929555725,0.0031226585770014,0.08917824744378579,0.0381852709787236,0.8695138230004892,R26me1|K9un,-0.008236915892221898,K9un|R26me1,-0.01742608926755694
K9unK27me1,0.0020507542469572,K9un,K27me1,K9un,0.0923009060207872,K27me1,0.0876538894460947,0.0020507542469572,0.09025015177382999,0.0856031351991375,0.8220959587800754,K27me1|K9un,-0.07208969591645437,K9un|K27me1,-0.07552491462058838
K14me2R17un,0.0023046595592402,K14me2,R17un,K14me2,0.0023046595592402,R17un,0.9396975199051898,0.0023046595592402,0.0,0.9373928603459496,0.06030248009481021,R17un|K14me2,0.06044177781583093,K14me2|R17un,0.002452554689590675
K14me2K18un,0.0023046595592402,K14me2,K18un,K14me2,0.0023046595592402,K18un,0.9198808027903744,0.0023046595592402,0.0,0.9175761432311342,0.08011919720962557,K18un|K14me2,0.0803042712159312,K14me2|K18un,0.0025053893420204287
K14me2K23un,0.0023046595592402,K14me2,K23un,K14me2,0.0023046595592402,K23un,0.9637060846998868,0.0023046595592402,0.0,0.9614014251406466,0.036293915300113166,K23un|K14me2,0.036377753637778176,K14me2|K23un,0.0023914548178430427
K14me2R26me1,0.0010944049334456,K14me2,R26me1,K14me2,0.0023046595592402,R26me1,0.041307929555725,0.0010944049334456,0.0012102546257945998,0.0402135246222794,0.9574818158184804,R26me1|K14me2,0.4345597855223378,K14me2|R26me1,0.02523142018298029
K14me2K27me1,0.0010944049334456,K14me2,K27me1,K14me2,0.0023046595592402,K27me1,0.0876538894460947,0.0010944049334456,0.0012102546257945998,0.0865594845126491,0.9111358559281107,K27me1|K14me2,0.38810676723932663,K14me2|K27me1,0.011158996049485927
K14me2K36un,0.0023046595592402,K14me2,K36un,K14me2,0.0023046595592402,K36un,0.3294036769690442,0.0023046595592402,0.0,0.327099017409804,0.6705963230309557,K36un|K14me2,0.672145389327669,K14me2|K36un,0.0069964597251802405
R17me2K27un,0.0039947095587803,R17me2,K27un,R17me2,0.0401573467827301,K27un,0.0544572695545125,0.0039947095587803,0.0361626372239498,0.0504625599957322,0.9093800932215377,K27un|R17me2,0.04690264790017274,R17me2|K27un,0.0351095606862625
R17me2K36me2,0.0216117348497741,R17me2,K36me2,R17me2,0.0401573467827301,K36me2,0.5649448555253913,0.0216117348497741,0.018545611932956,0.5433331206756172,0.4165095325416527,K36me2|R17me2,-0.02788841710027179,R17me2|K36me2,-0.0043735949003398875
R26unK27un,0.0469595801812573,R26un,K27un,R26un,0.946026945956473,K27un,0.0544572695545125,0.0469595801812573,0.8990673657752156,0.007497689373255199,0.04647536467027191,K27un|R26un,-0.08927668391783902,R26un|K27un,-0.0885281783859505
R26unK36me2,0.5591021076329918,R26un,K36me2,R26un,0.946026945956473,K36me2,0.5649448555253913,0.5591021076329918,0.3869248383234811,0.005842747892399469,0.048130306151127566,K36me2|R26un,0.4827471397581789,R26un|K36me2,0.10028820135176597
K27me2K36me2,0.5142248541075801,K27me2,K36me2,K27me2,0.6616139937503867,K36me2,0.5649448555253913,0.5142248541075801,0.14738913964280653,0.05072000141781119,0.28766600483180216,K36me2|K27me2,0.6273398995395542,K27me2|K36me2,0.5714386622453952
R26me1K36me1,0.0173928190913388,R26me1,K36me1,R26me1,0.041307929555725,K36me1,0.0784892400283331,0.0173928190913388,0.0239151104643862,0.0610964209369943,0.8975956495072807,K36me1|R26me1,0.3573238613530978,R26me1|K36me1,0.19564287975919425
K4unK18me1,0.0351226841717006,K4un,K18me1,K4un,0.9854087270389876,K18me1,0.0370956440031561,0.0351226841717006,0.950286042867287,0.001972959831455498,0.012618313129556857,K18me1|K4un,-0.09957230143085728,K4un|K18me1,-0.04008132452927171
R8unK18me1,0.0370956440031561,R8un,K18me1,R8un,0.9804928608784704,K18me1,0.0370956440031561,0.0370956440031561,0.9433972168753143,0.0,0.019507139121529682,K18me1|R8un,0.03783367068060071,R8un|K18me1,0.020258646666246438
K9me1K18me1,0.0347072333672704,K9me1,K18me1,K9me1,0.2537654044150885,K18me1,0.0370956440031561,0.0347072333672704,0.2190581710478181,0.002388410635885699,0.7438461849490259,K18me1|K9me1,0.13356835517801313,K9me1|K18me1,0.7081174641598081
K14me1K18me1,0.0039914891730737,K14me1,K18me1,K14me1,0.1457701065149934,K18me1,0.0370956440031561,0.0039914891730737,0.14177861734191968,0.033104154830082395,0.8211257386549242,K18me1|K14me1,-0.011371132006461372,K14me1|K18me1,-0.039640659502420864
R17unK18me1,0.0370956440031561,R17un,K18me1,R17un,0.9396975199051898,K18me1,0.0370956440031561,0.0370956440031561,0.9026018759020337,0.0,0.06030248009481021,K18me1|R17un,0.03947615399357321,R17un|K18me1,0.06262561771504527
K18me1K23un,0.0298585322445957,K18me1,K23un,K18me1,0.0370956440031561,K23un,0.9637060846998868,0.0298585322445957,0.007237111758560396,0.9338475524552912,0.029056803541552823,K23un|K18me1,-0.164917094695881,K18me1|K23un,-0.1684198667367274
K18me1R26un,0.0370956440031561,K18me1,R26un,K18me1,0.0370956440031561,R26un,0.946026945956473,0.0370956440031561,0.0,0.9089313019533168,0.053973054043527036,R26un|K18me1,0.05605235214420812,K18me1|R26un,0.03921203741786746
K18me1K27me2,0.0254169047138593,K18me1,K27me2,K18me1,0.0370956440031561,K27me2,0.6616139937503867,0.0254169047138593,0.011678739289296799,0.6361970890365274,0.3267072669603165,K27me2|K18me1,0.0244657997666744,K18me1|K27me2,0.0039034480732215923
K18me1K36un,0.0112941452524873,K18me1,K36un,K18me1,0.0370956440031561,K36un,0.3294036769690442,0.0112941452524873,0.025801498750668797,0.3181095317165569,0.644794824280287,K36un|K18me1,-0.025904472346288898,K18me1|K36un,-0.0041888152547152335
K4unK36me3,0.0271622274772272,K4un,K36me3,K4un,0.9854087270389876,K36me3,0.0271622274772272,0.0271622274772272,0.9582464995617604,0.0,0.014591272961012258,K36me3|K4un,0.027564427563825024,K4un|K36me3,0.014998670254315893
R8unK36me3,0.0271622274772272,R8un,K36me3,R8un,0.9804928608784704,K36me3,0.0271622274772272,0.0271622274772272,0.9533306334012432,0.0,0.01950713912152957,K36me3|R8un,0.027702626465725882,R8un|K36me3,0.02005179041408256
K9me2K27un,0.0140172023743206,K9me2,K27un,K9me2,0.2573097651334811,K27un,0.0544572695545125,0.0140172023743206,0.24329256275916047,0.0404400671801919,0.702250167686327,K27un|K9me2,2.5196749898162563e-05,K9me2|K27un,9.351289127518259e-05
K9me2K36me3,0.0250296796429756,K9me2,K36me3,K9me2,0.2573097651334811,K36me3,0.0271622274772272,0.0250296796429756,0.2322800854905055,0.0021325478342516004,0.7405576870322673,K36me3|K9me2,0.09440312085390998,K9me2|K36me3,0.6827229894917664
K14unK36me3,0.023685494858675,K14un,K36me3,K14un,0.5253972140548472,K36me3,0.0271622274772272,0.023685494858675,0.5017117191961722,0.003476732618552199,0.4711260533266006,K36me3|K14un,0.0377555569866435,K14un|K36me3,0.35628137824753503
R17unK36me3,0.0271622274772272,R17un,K36me3,R17un,0.9396975199051898,K36me3,0.0271622274772272,0.0271622274772272,0.9125352924279626,0.0,0.06030248009481021,K36me3|R17un,0.028905288033502223,R17un|K36me3,0.06198616233663834
K18unK36me3,0.0250296796429756,K18un,K36me3,K18un,0.9198808027903744,K36me3,0.0271622274772272,0.0250296796429756,0.8948511231473988,0.0021325478342516004,0.07798664937537403,K36me3|K18un,0.0005925096284260349,K18un|K36me3,0.0016525619540821435
K23unK36me3,0.0266240020987651,K23un,K36me3,K23un,0.9637060846998868,K36me3,0.0271622274772272,0.0266240020987651,0.9370820826011217,0.0005382253784620983,0.035755689921651124,K36me3|K23un,0.012797051382893965,K23un|K36me3,0.016938795680266017
R26unK36me3,0.0259353236678119,R26un,K36me3,R26un,0.946026945956473,K36me3,0.0271622274772272,0.0259353236678119,0.920091622288661,0.0012269038094153,0.05274615023411178,K36me3|R26un,0.004683210598962744,R26un|K36me3,0.009049370742808649
K27unK36me3,0.0145566696008658,K27un,K36me3,K27un,0.0544572695545125,K36me3,0.0271622274772272,0.0145566696008658,0.0399005999536467,0.0126055578763614,0.9329371725691261,K36me3|K27un,0.2539728756010216,K27un|K36me3,0.4949012514191845
K4unK9me3,0.3757480371906974,K4un,K9me3,K4un,0.9854087270389876,K9me3,0.3757480371906974,0.3757480371906974,0.6096606898482902,0.0,0.014591272961012258,K9me3|K4un,0.38131186266207173,K4un|K9me3,0.023374012146229473
R8unK9me3,0.3757480371906974,R8un,K9me3,R8un,0.9804928608784704,K9me3,0.3757480371906974,0.3757480371906974,0.604744823687773,0.0,0.01950713912152957,K9me3|R8un,0.3832236339324763,R8un|K9me3,0.03124882304533283
K9me3K14un,0.1947192957113277,K9me3,K14un,K9me3,0.3757480371906974,K14un,0.5253972140548472,0.1947192957113277,0.18102874147936968,0.33067791834351945,0.29357404446578317,K14un|K9me3,-0.01150093597330093,K9me3|K14un,-0.010818617694406674
K9me3R17un,0.3757480371906974,K9me3,R17un,K9me3,0.3757480371906974,R17un,0.9396975199051898,0.3757480371906974,0.0,0.5639494827144924,0.06030248009481021,R17un|K9me3,0.09659958428233484,K9me3|R17un,0.3998606245428936
K9me3K18un,0.3685145036384776,K9me3,K18un,K9me3,0.3757480371906974,K18un,0.9198808027903744,0.3685145036384776,0.007233533552219784,0.5513662991518968,0.07288566365740579,K18un|K9me3,0.0975057818159567,K9me3|K18un,0.3103264987149178
K9me3K23un,0.3701938400672682,K9me3,K23un,K9me3,0.3757480371906974,K23un,0.9637060846998868,0.3701938400672682,0.005554197123429194,0.5935122446326186,0.030739718176683972,K23un|K9me3,0.034460779133064,K9me3|K23un,0.2311017887928223
K9me3R26un,0.3745829942544314,K9me3,R26un,K9me3,0.3757480371906974,R26un,0.946026945956473,0.3745829942544314,0.0011650429362659587,0.5714439517020415,0.05280801110726108,R26un|K9me3,0.0814934687823815,K9me3|R26un,0.3743681914106051
K9me3K27un,0.0251622837603083,K9me3,K27un,K9me3,0.3757480371906974,K27un,0.0544572695545125,0.0251622837603083,0.35058575343038906,0.0292949857942042,0.5949569770150984,K27un|K9me3,0.020037698520727364,K9me3|K27un,0.09127828105699698
K9me3K36me2,0.2823274893576246,K9me3,K36me2,K9me3,0.3757480371906974,K36me2,0.5649448555253913,0.2823274893576246,0.0934205478330728,0.2826173661677667,0.34163459664153595,K36me2|K9me3,0.2986448491481059,K9me3|K36me2,0.28501078815806136
K4unK9ac,0.020875887239941,K4un,K9ac,K4un,0.9854087270389876,K9ac,0.020875887239941,0.020875887239941,0.9645328397990466,0.0,0.01459127296101248,K9ac|K4un,0.02118500340733744,K4un|K9ac,0.014902373224045196
R8unK9ac,0.020875887239941,R8un,K9ac,R8un,0.9804928608784704,K9ac,0.020875887239941,0.020875887239941,0.9596169736385294,0.0,0.01950713912152957,K9ac|R8un,0.02129121799136538,R8un|K9ac,0.01992305047675802
K9acK14me2,0.0012102546257946,K9ac,K14me2,K9ac,0.020875887239941,K14me2,0.0023046595592402,0.0012102546257946,0.0196656326141464,0.0010944049334455999,0.9780297078266134,K14me2|K9ac,0.05685606674582382,K9ac|K14me2,0.5054227373889424
K9acR17un,0.0078578674138575,K9ac,R17un,K9ac,0.020875887239941,R17un,0.9396975199051898,0.0078578674138575,0.0130180198260835,0.9318396524913323,0.04728446026872668,R17un|K9ac,-0.5752986006481229,K9ac|R17un,-0.2075165561282744
K9acK18un,0.0202844307800926,K9ac,K18un,K9ac,0.020875887239941,K18un,0.9198808027903744,0.0202844307800926,0.0005914564598483996,0.8995963720102819,0.07952774074977709,K18un|K9ac,0.05289131084816101,K9ac|K18un,0.014668944803638461
K9acK23un,0.020875887239941,K9ac,K23un,K9ac,0.020875887239941,K23un,0.9637060846998868,0.020875887239941,0.0,0.9428301974599458,0.036293915300113166,K23un|K9ac,0.03706773720218581,K9ac|K23un,0.021662089273247743
K9acR26un,0.0202698232789135,K9ac,R26un,K9ac,0.020875887239941,R26un,0.946026945956473,0.0202698232789135,0.0006060639610275011,0.9257571226775595,0.053366990082499455,R26un|K9ac,0.025473056500781466,K9ac|R26un,0.010197254241609346
K9acK27un,0.0025341909718611,K9ac,K27un,K9ac,0.020875887239941,K27un,0.0544572695545125,0.0025341909718611,0.0183416962680799,0.051923078582651404,0.9272010341774076,K27un|K9ac,0.06836308080485959,K9ac|K27un,0.027137341013367535
K9acK36un,0.0015114133100476,K9ac,K36un,K9ac,0.020875887239941,K36un,0.3294036769690442,0.0015114133100476,0.0193644739298934,0.3278922636589966,0.6512318491010625,K36un|K9ac,-0.26248329295855755,K9ac|K36un,-0.024288167188881882
K14me2R26un,0.0012102546257946,K14me2,R26un,K14me2,0.0023046595592402,R26un,0.946026945956473,0.0012102546257946,0.0010944049334455999,0.9448166913306784,0.052878649110081444,R26un|K14me2,-0.4218654048086754,K14me2|R26un,-0.018997573683511567
K14me2K27un,0.0012102546257946,K14me2,K27un,K14me2,0.0023046595592402,K27un,0.0544572695545125,0.0012102546257946,0.0010944049334455999,0.0532470149287179,0.9444483255120419,K27un|K14me2,0.47176378264256064,K14me2|K27un,0.021066495732209402
K27unK36un,0.0029281093934293,K27un,K36un,K27un,0.0544572695545125,K36un,0.3294036769690442,0.0029281093934293,0.0515291601610832,0.3264755675756149,0.6190671628698725,K36un|K27un,-0.2915095563373169,K27un|K36un,-0.06795168155195226
K4unK23me1,0.0077023206793994,K4un,K23me1,K4un,0.9854087270389876,K23me1,0.0077023206793994,0.0077023206793994,0.9777064063595883,0.0,0.01459127296101237,K23me1|K4un,0.007816371489365405,K4un|K23me1,0.014704531981776459
R8unK23me1,0.0077023206793994,R8un,K23me1,R8un,0.9804928608784704,K23me1,0.0077023206793994,0.0077023206793994,0.9727905401990711,0.0,0.01950713912152957,K23me1|R8un,0.007855560184801878,R8un|K23me1,0.019658555621016482
K9me2K23me1,0.0063723645273714,K9me2,K23me1,K9me2,0.2573097651334811,K23me1,0.0077023206793994,0.0063723645273714,0.2509374006061097,0.0013299561520279998,0.7413602787144908,K23me1|K9me2,0.022974614816684433,K9me2|K23me1,0.5744452586184805
K14unK23me1,0.0063723645273714,K14un,K23me1,K14un,0.5253972140548472,K23me1,0.0077023206793994,0.0063723645273714,0.5190248495274757,0.0013299561520279998,0.4732728297931249,K23me1|K14un,0.009326409628947758,K14un|K23me1,0.30427688625574534
R17unK23me1,0.0077023206793994,R17un,K23me1,R17un,0.9396975199051898,K23me1,0.0077023206793994,0.0077023206793994,0.9319951992257904,0.0,0.06030248009481021,K23me1|R17un,0.008196595730269162,R17un|K23me1,0.060770554392606924
K18unK23me1,0.0063723645273714,K18un,K23me1,K18un,0.9198808027903744,K23me1,0.0077023206793994,0.0063723645273714,0.913508438263003,0.0013299561520279998,0.07878924105759766,K23me1|K18un,-0.009672338189682545,K18un|K23me1,-0.0932687262721601
K23me1R26un,0.0077023206793994,K23me1,R26un,K23me1,0.0077023206793994,R26un,0.946026945956473,0.0077023206793994,0.0,0.9383246252770736,0.053973054043527036,R26un|K23me1,0.05439199865959676,K23me1|R26un,0.00814175612261449
K23me1K27me1,0.0058341391489093,K23me1,K27me1,K23me1,0.0077023206793994,K27me1,0.0876538894460947,0.0058341391489093,0.0018681815304900998,0.0818197502971854,0.9104779290234152,K27me1|K23me1,0.6749972788287433,K23me1|K27me1,0.06451114900958806
K23me1K36me1,0.0058341391489093,K23me1,K36me1,K23me1,0.0077023206793994,K36me1,0.0784892400283331,0.0058341391489093,0.0018681815304900998,0.0726551008794238,0.9196425784411768,K36me1|K23me1,0.6842330652351334,K23me1|K36me1,0.07230312938296327
K4unK27me3,0.1663159147441399,K4un,K27me3,K4un,0.9854087270389876,K27me3,0.1743556602814693,0.1663159147441399,0.8190928122948478,0.00803974553732939,0.0065515274236830345,K27me3|K4un,-0.3822182472329548,K4un|K27me3,-0.03817613378447682
R8unK27me3,0.1743556602814693,R8un,K27me3,R8un,0.9804928608784704,K27me3,0.1743556602814693,0.1743556602814693,0.8061372005970011,0.0,0.01950713912152957,K27me3|R8un,0.17782450769223931,R8un|K27me3,0.023626564348736112
K9me2K27me3,0.1491274533314016,K9me2,K27me3,K9me2,0.2573097651334811,K27me3,0.1743556602814693,0.1491274533314016,0.10818231180207949,0.025228206950067694,0.7174620279164512,K27me3|K9me2,0.5455952290733875,K9me2|K27me3,0.7242783229434345
K14unK27me3,0.1429015216364558,K14un,K27me3,K14un,0.5253972140548472,K27me3,0.1743556602814693,0.1429015216364558,0.3824956924183914,0.03145413864501348,0.44314864730013936,K27me3|K14un,0.20571292844263367,K14un|K27me3,0.3563285139910825
R17unK27me3,0.1743556602814693,R17un,K27me3,R17un,0.9396975199051898,K27me3,0.1743556602814693,0.1743556602814693,0.7653418596237205,0.0,0.06030248009481021,K27me3|R17un,0.18554445083462687,R17un|K27me3,0.07303687216624999
K18unK27me3,0.1573610745075802,K18un,K27me3,K18un,0.9198808027903744,K27me3,0.1743556602814693,0.1573610745075802,0.7625197282827942,0.016994585773889098,0.06312461143573644,K27me3|K18un,-0.041049466326975814,K18un|K27me3,-0.02101583263445095
K23unK27me3,0.1644359672292706,K23un,K27me3,K23un,0.9637060846998868,K27me3,0.1743556602814693,0.1644359672292706,0.7992701174706163,0.009919693052198697,0.026374222247914414,K27me3|K23un,-0.1026868421906687,K23un|K27me3,-0.024949633038772623
R26unK27me3,0.1679415359812745,R26un,K27me3,R26un,0.946026945956473,K27me3,0.1743556602814693,0.1679415359812745,0.7780854099751985,0.006414124300194779,0.0475589297433322,K27me3|R26un,0.058683613749585875,R26un|K27me3,0.02081461062426504
K27me3K36un,0.1622890223765657,K27me3,K36un,K27me3,0.1743556602814693,K36un,0.3294036769690442,0.1622890223765657,0.012066637904903588,0.1671146545924785,0.6585296851260523,K36un|K27me3,0.7283878315058171,K27me3|K36un,0.47468130769513833
K9me3K27me2,0.3429849485697032,K9me3,K27me2,K9me3,0.3757480371906974,K27me2,0.6616139937503867,0.3429849485697032,0.032763088620994196,0.31862904518068347,0.30562291762861915,K27me2|K9me3,0.40238832572662075,K9me3|K27me2,0.42158478844339364
K9me3K36un,0.0869865960600958,K9me3,K36un,K9me3,0.3757480371906974,K36un,0.3294036769690442,0.0869865960600958,0.2887614411306016,0.24241708090894842,0.3818348819003542,K36un|K9me3,-0.15682964547458614,K9me3|K36un,-0.16653103737066832
K4unK14me3,0.0101796392187157,K4un,K14me3,K4un,0.9854087270389876,K14me3,0.0101796392187157,0.0101796392187157,0.975229087820272,0.0,0.01459127296101237,K14me3|K4un,0.010330372503706215,K4un|K14me3,0.014741334427082475
R8unK14me3,0.0101796392187157,R8un,K14me3,R8un,0.9804928608784704,K14me3,0.0101796392187157,0.0101796392187157,0.9703132216597548,0.0,0.01950713912152957,K14me3|R8un,0.010382165566810223,R8un|K14me3,0.019707756977369262
K9unK14me3,0.0047332723957777,K9un,K14me3,K9un,0.0923009060207872,K14me3,0.0101796392187157,0.0047332723957777,0.0875676336250095,0.005446366822938001,0.9022527271562748,K14me3|K9un,0.04528069791925741,K9un|K14me3,0.376506266381096
K14me3R17un,0.0101796392187157,K14me3,R17un,K14me3,0.0101796392187157,R17un,0.9396975199051898,0.0101796392187157,0.0,0.9295178806864741,0.06030248009481021,R17un|K14me3,0.060922650699175684,K14me3|R17un,0.010832889310746259
K14me3K18un,0.0101796392187157,K14me3,K18un,K14me3,0.0101796392187157,K18un,0.9198808027903744,0.0101796392187157,0.0,0.9097011635716588,0.08011919720962557,K18un|K14me3,0.08094316947207059,K14me3|K18un,0.011066259006424196
K14me3K23un,0.0082023644913788,K14me3,K23un,K14me3,0.0101796392187157,K23un,0.9637060846998868,0.0082023644913788,0.0019772747273369,0.955503720208508,0.03431664057277628,K23un|K14me3,-0.15956862878149125,K14me3|K23un,-0.04596823828816076
K14me3R26un,0.0101796392187157,K14me3,R26un,K14me3,0.0101796392187157,R26un,0.946026945956473,0.0101796392187157,0.0,0.9358473067377573,0.053973054043527036,R26un|K14me3,0.054528130741749004,K14me3|R26un,0.010760411489573015
K14me3K27me2,0.0101796392187157,K14me3,K27me2,K14me3,0.0101796392187157,K27me2,0.6616139937503867,0.0101796392187157,0.0,0.651434354531671,0.33838600624961335,K27me2|K14me3,0.34186607960106896,K14me3|K27me2,0.015386069996814893
K14me3K36un,0.0031925809385538,K14me3,K36un,K14me3,0.0101796392187157,K36un,0.3294036769690442,0.0031925809385538,0.006987058280161901,0.3262110960304904,0.6636092647507938,K36un|K14me3,-0.015941784885720955,K14me3|K36un,-0.0007271702511859515
K4unR17me1,0.0201451333120757,K4un,R17me1,K4un,0.9854087270389876,R17me1,0.0201451333120757,0.0201451333120757,0.965263593726912,0.0,0.014591272961012258,R17me1|K4un,0.020443428964353652,K4un|R17me1,0.014891259366127563
R8unR17me1,0.0191887839985641,R8un,R17me1,R8un,0.9804928608784704,R17me1,0.0201451333120757,0.0191887839985641,0.9613040768799064,0.0009563493135116008,0.018550789808017942,R17me1|R8un,-0.02945505640455302,R8un|R17me1,-0.028540789084999352
K9me1R17me1,0.006442623661285,K9me1,R17me1,K9me1,0.2537654044150885,R17me1,0.0201451333120757,0.006442623661285,0.24732278075380348,0.0137025096507907,0.7325320859341209,R17me1|K9me1,0.007025907641292708,K9me1|R17me1,0.06740286095240572
K14me1R17me1,0.0055517555238086,K14me1,R17me1,K14me1,0.1457701065149934,R17me1,0.0201451333120757,0.0055517555238086,0.1402183509911848,0.014593377788267102,0.8396365156967395,R17me1|K14me1,0.021002027457094216,K14me1|R17me1,0.1324867841757978
R17me1K18un,0.0201451333120757,R17me1,K18un,R17me1,0.0201451333120757,K18un,0.9198808027903744,0.0201451333120757,0.0,0.8997356694782987,0.08011919720962557,K18un|R17me1,0.08176639207849423,R17me1|K18un,0.02189972141060807
R17me1K23un,0.0201451333120757,R17me1,K23un,R17me1,0.0201451333120757,K23un,0.9637060846998868,0.0201451333120757,0.0,0.9435609513878112,0.036293915300113166,K23un|R17me1,0.03704009290967014,R17me1|K23un,0.020903814588188692
R17me1R26un,0.0191887839985641,R17me1,R26un,R17me1,0.0201451333120757,R26un,0.946026945956473,0.0191887839985641,0.0009563493135116008,0.9268381619579089,0.05301670473001541,R26un|R17me1,0.006633721032502149,R17me1|R26un,0.0025645348435179814
R17me1K27me2,0.0080966811146919,R17me1,K27me2,R17me1,0.0201451333120757,K27me2,0.6616139937503867,0.0080966811146919,0.012048452197383801,0.6535173126356948,0.32633755405222953,K27me2|R17me1,-0.2650356982051166,R17me1|K27me2,-0.023367873689665395
R17me1K36un,0.0042254828194843,R17me1,K36un,R17me1,0.0201451333120757,K36un,0.3294036769690442,0.0042254828194843,0.015919650492591402,0.3251781941495599,0.6546766725383644,K36un|R17me1,-0.12211159068617972,R17me1|K36un,-0.010911869862432776
K9me1K27me3,0.0212594920079392,K9me1,K27me3,K9me1,0.2537654044150885,K27me3,0.1743556602814693,0.0212594920079392,0.2325059124071493,0.1530961682735301,0.5931384273113814,K27me3|K9me1,-0.1213820658129981,K9me1|K27me3,-0.15967365248372772
K14me1K27me3,0.0059170903911961,K14me1,K27me3,K14me1,0.1457701065149934,K27me3,0.1743556602814693,0.0059170903911961,0.1398530161237973,0.1684385698902732,0.6857913235947335,K27me3|K14me1,-0.1565898458270713,K14me1|K27me3,-0.1354496147738024
K9me2R17me1,0.0110921028838722,K9me2,R17me1,K9me2,0.2573097651334811,R17me1,0.0201451333120757,0.0110921028838722,0.2462176622496089,0.0090530304282035,0.7336372044383155,R17me1|K9me2,0.03091846433314748,K9me2|R17me1,0.2993298289513743
K14unR17me1,0.0119829710213486,K14un,R17me1,K14un,0.5253972140548472,R17me1,0.0201451333120757,0.0119829710213486,0.5134142430334986,0.008162162290727101,0.46644062365442573,R17me1|K14un,0.005609569513726129,K14un|R17me1,0.07086237163133613
R17me1K27me1,0.0120484521973838,R17me1,K27me1,R17me1,0.0201451333120757,K27me1,0.0876538894460947,0.0120484521973838,0.008096681114691901,0.0756054372487109,0.9042494294392134,K27me1|R17me1,0.5209226926240306,R17me1|K27me1,0.1285802778216707
R17me1K36me1,0.0120484521973838,R17me1,K36me1,R17me1,0.0201451333120757,K36me1,0.0784892400283331,0.0120484521973838,0.008096681114691901,0.0664407878309493,0.913414078856975,K36me1|R17me1,0.5302757608480417,R17me1|K36me1,0.14471819622805732
K9me3K27me1,0.0063375085879583,K9me3,K27me1,K9me3,0.3757480371906974,K27me1,0.0876538894460947,0.0063375085879583,0.3694105286027391,0.0813163808581364,0.5429355819511662,K27me1|K9me3,-0.11339573639763825,K9me3|K27me1,-0.3326002307795841
K9me3K36me1,0.006433951772977,K9me3,K36me1,K9me3,0.3757480371906974,K36me1,0.0784892400283331,0.006433951772977,0.3693140854177204,0.0720552882553561,0.5521966745539465,K36me1|K9me3,-0.09830356238849439,K9me3|K36me1,-0.3187978317084763
K4unK27ac,0.0219191869675324,K4un,K27ac,K4un,0.9854087270389876,K27ac,0.0219191869675324,0.0219191869675324,0.9634895400714553,0.0,0.014591272961012258,K27ac|K4un,0.02224375161908341,K4un|K27ac,0.014918269294919573
R8unK27ac,0.0219191869675324,R8un,K27ac,R8un,0.9804928608784704,K27ac,0.0219191869675324,0.0219191869675324,0.9585736739109381,0.0,0.01950713912152957,K27ac|R8un,0.022355274415658623,R8un|K27ac,0.01994430200613906
K9me1K27ac,0.0052416723719763,K9me1,K27ac,K9me1,0.2537654044150885,K27ac,0.0219191869675324,0.0052416723719763,0.24852373204311218,0.016677514595556102,0.7295570809893555,K27ac|K9me1,-0.0016933066098986267,K9me1|K27ac,-0.014956990474873005
K14me1K27ac,0.0002620299455037,K14me1,K27ac,K14me1,0.1457701065149934,K27ac,0.0219191869675324,0.0002620299455037,0.1455080765694897,0.0216571570220287,0.8325727364629779,K27ac|K14me1,-0.0235552876477424,K14me1|K27ac,-0.13681460720049463
R17unK27ac,0.0219191869675324,R17un,K27ac,R17un,0.9396975199051898,K27ac,0.0219191869675324,0.0219191869675324,0.9177783329376574,0.0,0.06030248009481021,K27ac|R17un,0.023325789951796322,R17un|K27ac,0.06165388308543418
K18unK27ac,0.0169395445410598,K18un,K27ac,K18un,0.9198808027903744,K27ac,0.0219191869675324,0.0169395445410598,0.9029412582493146,0.004979642426472603,0.07513955478315304,K27ac|K18un,-0.04373799034775883,K18un|K27ac,-0.15035843211739053
K23unK27ac,0.0163911528469355,K23un,K27ac,K23un,0.9637060846998868,K27ac,0.0219191869675324,0.0163911528469355,0.9473149318529513,0.005528034120596902,0.030765881179516286,K27ac|K23un,-0.13530451611314198,K23un|K27ac,-0.2207453349370041
R26unK27ac,0.0219191869675324,R26un,K27ac,R26un,0.946026945956473,K27ac,0.0219191869675324,0.0219191869675324,0.9241077589889406,0.0,0.053973054043527036,K27ac|R26un,0.023169727946143418,R26un|K27ac,0.05518261203405839
K27acK36un,0.0033035263833887,K27ac,K36un,K27ac,0.0219191869675324,K36un,0.3294036769690442,0.0033035263833887,0.0186156605841437,0.3261001505856555,0.6519806624468121,K36un|K27ac,-0.18269427644817277,K27ac|K36un,-0.01773105234250852
K9me2K27ac,0.0144585215057673,K9me2,K27ac,K9me2,0.2573097651334811,K27ac,0.0219191869675324,0.0144585215057673,0.2428512436277138,0.007460665461765102,0.7352295694047538,K27ac|K9me2,0.046145650176015,K9me2|K27ac,0.41133491119840315
K14unK27ac,0.0216571570220287,K14un,K27ac,K14un,0.5253972140548472,K27ac,0.0219191869675324,0.0216571570220287,0.5037400570328184,0.00026202994550370007,0.4743407559996492,K27ac|K14un,0.04066843659266367,K14un|K27ac,0.47301656009499826
K4unK14ac,0.3097968532285206,K4un,K14ac,K4un,0.9854087270389876,K14ac,0.3163483806521991,0.3097968532285206,0.6756118738104671,0.006551527423678538,0.008039745537333887,K14ac|K4un,-0.13461902555676875,K4un|K14ac,-0.008949846076042878
R8unK14ac,0.3142757362017458,R8un,K14ac,R8un,0.9804928608784704,K14ac,0.3163483806521991,0.3142757362017458,0.6662171246767246,0.002072644450453298,0.017434494671076273,K14ac|R8un,0.21427776713325264,R8un|K14ac,0.01895023791525463
K9unK14ac,0.043372112600596,K9un,K14ac,K9un,0.0923009060207872,K14ac,0.3163483806521991,0.043372112600596,0.04892879342019119,0.27297626805160313,0.6347228259276096,K14ac|K9un,0.1691647811837904,K9un|K14ac,0.06553259334508113
K14acR17un,0.3072584105055958,K14ac,R17un,K14ac,0.3163483806521991,R17un,0.9396975199051898,0.3072584105055958,0.009089970146603288,0.632439109399594,0.05121250994820681,R17un|K14ac,0.04617619461338196,K14ac|R17un,0.17623629239928132
K14acK18un,0.2741349754578185,K14ac,K18un,K14ac,0.3163483806521991,K18un,0.9198808027903744,0.2741349754578185,0.042213405194380604,0.6457458273325559,0.03790579201524491,K18un|K14ac,-0.07799354723238572,K14ac|K18un,-0.22887111792005033
K14acK23un,0.3100248481172423,K14ac,K23un,K14ac,0.3163483806521991,K23un,0.9637060846998868,0.3100248481172423,0.006323532534956822,0.6536812365826445,0.02997038276515629,K23un|K14ac,0.023849535886035778,K14ac|K23un,0.14746941999785074
K14acR26me1,0.0015304199001987,K14ac,R26me1,K14ac,0.3163483806521991,R26me1,0.041307929555725,0.0015304199001987,0.3148179607520004,0.0397775096555263,0.6438741096922747,R26me1|K14ac,-0.05334612113700666,K14ac|R26me1,-0.2913337146771687
K14acK27me2,0.2803261985512591,K14ac,K27me2,K14ac,0.3163483806521991,K27me2,0.6616139937503867,0.2803261985512591,0.03602218210093999,0.38128779519912753,0.30236382414867324,K27me2|K14ac,0.32840892879560024,K14ac|K27me2,0.31724759731916014
K14acK36un,0.0277741007614905,K14ac,K36un,K14ac,0.3163483806521991,K36un,0.3294036769690442,0.0277741007614905,0.2885742798907086,0.3016295762075537,0.3820220431402471,K36un|K14ac,-0.3534076986288893,K14ac|K36un,-0.34600857190823114
R26me1K27me2,0.0031366977748206,R26me1,K27me2,R26me1,0.041307929555725,K27me2,0.6616139937503867,0.0031366977748206,0.038171231780904404,0.658477295975566,0.3002147744687089,K27me2|R26me1,-0.6109151128801347,R26me1|K27me2,-0.10806283444650777
K9unK27me3,0.0039687149421285,K9un,K27me3,K9un,0.0923009060207872,K27me3,0.1743556602814693,0.0039687149421285,0.0883321910786587,0.1703869453393408,0.737312148639872,K27me3|K9un,-0.14471545491175647,K9un|K27me3,-0.08422358462091117
K14acR26un,0.3077626850203663,K14ac,R26un,K14ac,0.3163483806521991,R26un,0.946026945956473,0.3077626850203663,0.008585695631832813,0.6382642609361067,0.04538735841169417,R26un|K14ac,0.03924959942720141,K14ac|R26un,0.1662475261442804
K14acK27me3,0.0255370482538173,K14ac,K27me3,K14ac,0.3163483806521991,K27me3,0.1743556602814693,0.0255370482538173,0.2908113323983818,0.14881861202765198,0.5348330073201489,K27me3|K14ac,-0.1369574942937073,K14ac|K27me3,-0.20575822536609636
K9me1K36me2,0.207776402179615,K9me1,K36me2,K9me1,0.2537654044150885,K36me2,0.5649448555253913,0.207776402179615,0.0459890022354735,0.3571684533457763,0.38906614223913516,K36me2|K9me1,0.3401459815273924,K9me1|K36me2,0.2620732966968945
K14me1K36me2,0.1113721775134692,K14me1,K36me2,K14me1,0.1457701065149934,K36me2,0.5649448555253913,0.1113721775134692,0.03439792900152419,0.45357267801192214,0.4006572154730844,K36me2|K14me1,0.23305356688271928,K14me1|K36me2,0.11807246331713661
R8me1K36me2,0.0163949204877295,R8me1,K36me2,R8me1,0.0195071391215252,K36me2,0.5649448555253913,0.0163949204877295,0.0031122186337957,0.5485499350376618,0.43194292584081295,K36me2|R8me1,0.2809939876337505,R8me1|K36me2,0.021866772061378565
R26me1K27me3,0.0064141243001948,R26me1,K27me3,R26me1,0.041307929555725,K27me3,0.1743556602814693,0.0064141243001948,0.0348938052555302,0.16794153598127448,0.7907505344630005,K27me3|R26me1,-0.019901906503874883,R26me1|K27me3,-0.005474925146472319
R17me1K36me2,0.0038711982952076,R17me1,K36me2,R17me1,0.0201451333120757,K36me2,0.5649448555253913,0.0038711982952076,0.0162739350168681,0.5610736572301838,0.41878120945774056,K36me2|R17me1,-0.3804435062138998,R17me1|K36me2,-0.030554255678757605
K27me1K36me3,0.0126055578763614,K27me1,K36me3,K27me1,0.0876538894460947,K36me3,0.0271622274772272,0.0126055578763614,0.0750483315697333,0.0145566696008658,0.8977894409530395,K36me3|K27me1,0.12785538823085482,K27me1|K36me3,0.38694037236430273
K27acK36me1,0.0124691650699622,K27ac,K36me1,K27ac,0.0219191869675324,K36me1,0.0784892400283331,0.0124691650699622,0.009450021897570202,0.0660200749583709,0.9120607380740967,K36me1|K27ac,0.5013702597693358,K27ac|K36me1,0.14860971965135159
K4unK23ac,0.0138404179328162,K4un,K23ac,K4un,0.9854087270389876,K23ac,0.0218801634701457,0.0138404179328162,0.9715683091061714,0.008039745537329501,0.0065515274236829235,K23ac|K4un,-0.5369514991592883,K4un|K23ac,-0.3607464088025407
R8unK23ac,0.0218801634701457,R8un,K23ac,R8un,0.9804928608784704,K23ac,0.0218801634701457,0.0218801634701457,0.9586126974083248,0.0,0.01950713912152946,K23ac|R8un,0.022315474536492002,R8un|K23ac,0.019943506299531122
K9unK18me1,0.0017969541760372,K9un,K18me1,K9un,0.0923009060207872,K18me1,0.0370956440031561,0.0017969541760372,0.09050395184474999,0.035298689827118895,0.8724004041520939,K18me1|K9un,-0.019419661497783087,K9un|K18me1,-0.04554948332107357
K9unK23ac,0.0034291214259479,K9un,K23ac,K9un,0.0923009060207872,K23ac,0.0218801634701457,0.0034291214259479,0.0888717845948393,0.018451042044197802,0.889248051935015,K23ac|K9un,0.01682427953310826,K9un|K23ac,0.06586303093594387
K14unK18me1,0.0015050356834521,K14un,K18me1,K14un,0.5253972140548472,K18me1,0.0370956440031561,0.0015050356834521,0.5238921783713951,0.035590608319703995,0.43901217762544875,K18me1|K14un,-0.07212573905631019,K14un|K18me1,-0.5035032273526028
K14unK23ac,0.0183075770182075,K14un,K23ac,K14un,0.5253972140548472,K23ac,0.0218801634701457,0.0183075770182075,0.5070896370366397,0.0035725864519382013,0.4710301994932147,K23ac|K14un,0.027317681990763443,K14un|K23ac,0.3182872668205249
R17unK23ac,0.0218801634701457,R17un,K23ac,R17un,0.9396975199051898,K23ac,0.0218801634701457,0.0218801634701457,0.9178173564350441,0.0,0.06030248009481021,K23ac|R17un,0.02328426222977931,R17un|K23ac,0.061651423315111975
K18me1K23ac,0.0009135792236037,K18me1,K23ac,K18me1,0.0370956440031561,K23ac,0.0218801634701457,0.0009135792236037,0.036182064779552395,0.020966584246542002,0.9419377717503019,K23ac|K18me1,0.0028533519667132863,K18me1|K23ac,0.004762322297143656
K18me1K27un,0.0043760832098832,K18me1,K27un,K18me1,0.0370956440031561,K27un,0.0544572695545125,0.0043760832098832,0.0327195607932729,0.050081186344629304,0.9128231696522147,K27un|K18me1,0.06595702494210484,K18me1|K27un,0.045754108974318586
K18me1K36me2,0.0236689509164173,K18me1,K36me2,K18me1,0.0370956440031561,K36me2,0.5649448555253913,0.0236689509164173,0.013426693086738797,0.541275904608974,0.42162845138786986,K36me2|K18me1,0.07592360843985146,K18me1|K36me2,0.011033988842351943
K23acR26un,0.0218801634701457,K23ac,R26un,K23ac,0.0218801634701457,R26un,0.946026945956473,0.0218801634701457,0.0,0.9241467824863273,0.053973054043527036,R26un|K23ac,0.05518041044440025,K23ac|R26un,0.023128478066789037
K23acK27un,0.0009135792236037,K23ac,K27un,K23ac,0.0218801634701457,K27un,0.0544572695545125,0.0009135792236037,0.020966584246542002,0.0535436903309088,0.9245761461989455,K27un|K23ac,-0.012987676121200963,K23ac|K27un,-0.005398051908638211
K23acK36me2,0.0206061746749411,K23ac,K36me2,K23ac,0.0218801634701457,K36me2,0.5649448555253913,0.0206061746749411,0.0012739887952046003,0.5443386808504502,0.4337811556794041,K36me2|K23ac,0.3852589288942151,K23ac|K36me2,0.033546326925621484
K14acK36me2,0.28199425310594,K14ac,K36me2,K14ac,0.3163483806521991,K36me2,0.5649448555253913,0.28199425310594,0.034354127546259106,0.2829506024194513,0.4007010169283496,K36me2|K14ac,0.4775228573570875,K14ac|K36me2,0.42018859501633093
K4unK18ac,0.0349838076691352,K4un,K18ac,K4un,0.9854087270389876,K18ac,0.0430235532064647,0.0349838076691352,0.9504249193698524,0.008039745537329501,0.0065515274236828125,K18ac|K4un,-0.5154950322576324,K4un|K18ac,-0.18002239976836254
R8unK18ac,0.0422309594537226,R8un,K18ac,R8un,0.9804928608784704,K18ac,0.0430235532064647,0.0422309594537226,0.9382619014247479,0.000792593752742099,0.018714545368787472,K18ac|R8un,0.002440196333037749,R8un|K18ac,0.0011335880615934713
K9unK18ac,0.0129414462103919,K9un,K18ac,K9un,0.0923009060207872,K18ac,0.0430235532064647,0.0129414462103919,0.0793594598103953,0.030082106996072798,0.8776169869831401,K18ac|K9un,0.10706825199436287,K9un|K18ac,0.2178718166279463
K14unK18ac,0.025630271053129,K14un,K18ac,K14un,0.5253972140548472,K18ac,0.0430235532064647,0.025630271053129,0.4997669430017182,0.017393282153335698,0.45720950379181713,K18ac|K14un,0.012134572332538215,K14un|K18ac,0.07349114262843104
R17unK18ac,0.0430235532064647,R17un,K18ac,R17un,0.9396975199051898,K18ac,0.0430235532064647,0.0430235532064647,0.8966739666987251,0.0,0.06030248009481021,K18ac|R17un,0.045784470316368966,R17un|K18ac,0.06301354677731197
K18acK23un,0.0265497858896037,K18ac,K23un,K18ac,0.0430235532064647,K23un,0.9637060846998868,0.0265497858896037,0.016473767316861,0.9371562988102832,0.019820147983252157,K23un|K18ac,-0.36218991594481076,K18ac|K23un,-0.4263492034741612
K18acR26me1,0.0004978337433571,K18ac,R26me1,K18ac,0.0430235532064647,R26me1,0.041307929555725,0.0004978337433571,0.0425257194631076,0.0408100958123679,0.9161663509811674,R26me1|K18ac,-0.031073637024327555,K18ac|R26me1,-0.032306287172917995
K18acK27me3,0.0096919296944755,K18ac,K27me3,K18ac,0.0430235532064647,K27me3,0.1743556602814693,0.0096919296944755,0.0333316235119892,0.1646637305869938,0.7923127162065415,K27me3|K18ac,0.053203673009099645,K18ac|K27me3,0.015216686060352383
K18acK36un,0.0010903847133804,K18ac,K36un,K18ac,0.0430235532064647,K36un,0.3294036769690442,0.0010903847133804,0.041933168493084295,0.3283132922556638,0.6286631545378715,K36un|K18ac,-0.3177296327954115,K18ac|K36un,-0.059220986038156086
K18acR26un,0.0419331684930843,K18ac,R26un,K18ac,0.0430235532064647,R26un,0.946026945956473,0.0419331684930843,0.0010903847133803962,0.9040937774633887,0.052882669330146626,R26un|K18ac,0.029916255728106855,K18ac|R26un,0.024123163531859133
K18acK27me2,0.0283519810855166,K18ac,K27me2,K18ac,0.0430235532064647,K27me2,0.6616139937503867,0.0283519810855166,0.0146715721209481,0.63326201266487,0.3237144341286653,K27me2|K18ac,-0.002744640292209777,K18ac|K27me2,-0.0005047494813174361
K18acK36me2,0.0419331684930843,K18ac,K36me2,K18ac,0.0430235532064647,K36me2,0.5649448555253913,0.0419331684930843,0.0010903847133803962,0.523011687032307,0.4339647597612283,K36me2|K18ac,0.4281309575715463,K18ac|K36me2,0.07171892797648982
K14acR17me2,0.0064795633796848,K14ac,R17me2,K14ac,0.3163483806521991,R17me2,0.0401573467827301,0.0064795633796848,0.3098688172725143,0.0336777834030453,0.6499738359447556,R17me2|K14ac,-0.028779249583682383,K14ac|R17me2,-0.16147856152716722
K14acK27un,0.0095287845336111,K14ac,K27un,K14ac,0.3163483806521991,K27un,0.0544572695545125,0.0095287845336111,0.306819596118588,0.0449284850209014,0.6387231343268995,K27un|K14ac,-0.03559721813466468,K14ac|K27un,-0.14951318738012107
K9acK14un,0.0161965405185454,K9ac,K14un,K9ac,0.020875887239941,K14un,0.5253972140548472,0.0161965405185454,0.0046793467213956,0.5092006735363018,0.4699234392237571,K14un|K9ac,0.25579187323659747,K9ac|K14un,0.02096772837632103
K9acR26me2,0.0006060639610276,K9ac,R26me2,K9ac,0.020875887239941,R26me2,0.0126651244877978,0.0006060639610276,0.0202698232789134,0.0120590605267702,0.9670650522332888,R26me2|K9ac,0.016715598662955404,K9ac|R26me2,0.027323144754269068
K9acK27me2,0.01834169626808,K9ac,K27me2,K9ac,0.020875887239941,K27me2,0.6616139937503867,0.01834169626808,0.002534190971861,0.6432722974823066,0.3358518152777523,K27me2|K9ac,0.22161929527485624,K9ac|K27me2,0.020233600962485252
K9acK36me2,0.0193644739298934,K9ac,K36me2,K9ac,0.020875887239941,K36me2,0.5649448555253913,0.0193644739298934,0.0015114133100476018,0.5455803815954979,0.433543731164561,K36me2|K9ac,0.3703873534639647,K9ac|K36me2,0.030802677673306262
K9unK36me1,0.0043772829614211,K9un,K36me1,K9un,0.0923009060207872,K36me1,0.0784892400283331,0.0043772829614211,0.08792362305936609,0.074111957066912,0.8335871369123008,K36me1|K9un,-0.034224103882459334,K9un|K36me1,-0.03964326511526836
K18unK23ac,0.0044928169296811,K18un,K23ac,K18un,0.9198808027903744,K23ac,0.0218801634701457,0.0044928169296811,0.9153879858606934,0.0173873465404646,0.06273185066916098,K23ac|K18un,-0.21213435232630082,K18un|K23ac,-0.7305274139867604
K23acK27me3,0.0099196930521987,K23ac,K27me3,K23ac,0.0218801634701457,K27me3,0.1743556602814693,0.0099196930521987,0.011960470417947,0.1644359672292706,0.8136838693005837,K27me3|K23ac,0.2852503318268377,K23ac|K27me3,0.042407212696959684
K23acK36me1,0.0012739887952045,K23ac,K36me1,K23ac,0.0218801634701457,K36me1,0.0784892400283331,0.0012739887952045,0.0206061746749412,0.0772152512331286,0.9009045852967257,K36me1|K23ac,-0.02071678269740003,K23ac|K36me1,-0.006129914329897415
K27me3K36me1,0.0028725419537852,K27me3,K36me1,K27me3,0.1743556602814693,K36me1,0.0784892400283331,0.0028725419537852,0.1714831183276841,0.0756166980745479,0.7500276416439828,K36me1|K27me3,-0.07510988803232892,K27me3|K36me1,-0.14949120365167232
K23acK27me2,0.0055188570737464,K23ac,K27me2,K23ac,0.0218801634701457,K27me2,0.6616139937503867,0.0055188570737464,0.0163613063963993,0.6560951366766402,0.32202469985321414,K27me2|K23ac,-0.418540660453634,K23ac|K27me2,-0.040009507655740864
K14acR26me2,0.0070552757316341,K14ac,R26me2,K14ac,0.3163483806521991,R26me2,0.0126651244877978,0.0070552757316341,0.309293104920565,0.0056098487561637,0.6780417705916373,R26me2|K14ac,0.01409652170981138,K14ac|R26me2,0.2438026862069274
K18acR26me2,0.0005925509700233,K18ac,R26me2,K18ac,0.0430235532064647,R26me2,0.0126651244877978,0.0005925509700233,0.0424310022364414,0.0120725735177745,0.9449038732757608,R26me2|K18ac,0.0011573812962251077,K18ac|R26me2,0.003810746354134892
K14acK36me1,0.0031032941662165,K14ac,K36me1,K14ac,0.3163483806521991,K36me1,0.0784892400283331,0.0031032941662165,0.3132450864859826,0.0753859458621166,0.6082656734856844,K36me1|K14ac,-0.10045979833841202,K14ac|K36me1,-0.3003877583171074
K9me1K14ac,0.0770915084385571,K9me1,K14ac,K9me1,0.2537654044150885,K14ac,0.3163483806521991,0.0770915084385571,0.17667389597653138,0.239256872213642,0.5069777233712696,K14ac|K9me1,-0.016828384398055896,K9me1|K14ac,-0.014734986937569722
K14acK18me1,0.0315991191466303,K14ac,K18me1,K14ac,0.3163483806521991,K18me1,0.0370956440031561,0.0315991191466303,0.2847492615055688,0.005496524856525797,0.6781550944912751,K18me1|K14ac,0.091847139898919,K14ac|K18me1,0.5561091400499123
K18me1K27me3,0.0073026560794136,K18me1,K27me3,K18me1,0.0370956440031561,K27me3,0.1743556602814693,0.0073026560794136,0.0297929879237425,0.16705300420205568,0.7958513517947883,K27me3|K18me1,0.02337152644481616,K18me1|K27me3,0.005799146574104276
K9me2K14ac,0.0168332928610131,K9me2,K14ac,K9me2,0.2573097651334811,K14ac,0.3163483806521991,0.0168332928610131,0.240476472272468,0.299515087791186,0.4431751470753329,K14ac|K9me2,-0.3378636567048606,K9me2|K14ac,-0.2985416973639665
K9unR17me1,0.0026104067669185,K9un,R17me1,K9un,0.0923009060207872,R17me1,0.0201451333120757,0.0026104067669185,0.0896904992538687,0.0175347265451572,0.8901643674340556,R17me1|K9un,0.008963711195532204,K9un|R17me1,0.03804554605201965
K14acR17me1,0.0026104067669185,K14ac,R17me1,K14ac,0.3163483806521991,R17me1,0.0201451333120757,0.0026104067669185,0.31373797388528063,0.0175347265451572,0.6661168928026437,R17me1|K14ac,-0.01739694502969321,K14ac|R17me1,-0.19060818854515635
R8me1K9un,0.0020726444504533,R8me1,K9un,R8me1,0.0195071391215252,K9un,0.0923009060207872,0.0020726444504533,0.0174344946710719,0.0902282615703339,0.890264599308141,K9un|R8me1,0.014227185397152273,R8me1|K9un,0.003247948557380368
R8me1K14ac,0.0020726444504533,R8me1,K14ac,R8me1,0.0195071391215252,K14ac,0.3163483806521991,0.0020726444504533,0.0174344946710719,0.3142757362017458,0.666217124676729,K14ac|R8me1,-0.21427776713322721,R8me1|K14ac,-0.018950237915248157
K9me3K27ac,0.0012632962727276,K9me3,K27ac,K9me3,0.3757480371906974,K27ac,0.0219191869675324,0.0012632962727276,0.3744847409179698,0.0206558906948048,0.6035960721144977,K27ac|K9me3,-0.029726944538098713,K9me3|K27ac,-0.3252428286242142
K27acK36me2,0.0061464955141814,K27ac,K36me2,K27ac,0.0219191869675324,K36me2,0.5649448555253913,0.0061464955141814,0.015772691453351,0.5587983600112099,0.4192824530212578,K36me2|K27ac,-0.2909050393303364,K27ac|K36me2,-0.025374649871881646
K9me3R26me1,0.001165042936266,K9me3,R26me1,K9me3,0.3757480371906974,R26me1,0.041307929555725,0.001165042936266,0.37458299425443137,0.040142886619459,0.5841090761898436,R26me1|K9me3,-0.06120498713979978,K9me3|R26me1,-0.36251909340961475
R26me1K36me2,0.0018605410075391,R26me1,K36me2,R26me1,0.041307929555725,K36me2,0.5649448555253913,0.0018605410075391,0.0394473885481859,0.5630843145178522,0.3956077559264227,K36me2|R26me1,-0.5423056060070648,R26me1|K36me2,-0.08737884306065892
K9me1K18ac,0.0224076121330407,K9me1,K18ac,K9me1,0.2537654044150885,K18ac,0.0430235532064647,0.0224076121330407,0.23135779228204778,0.020615941073423998,0.7256186545114875,K18ac|K9me1,0.060673878189188235,K9me1|K18ac,0.27906285016296994
K14me1K18ac,0.0067789961055852,K14me1,K18ac,K14me1,0.1457701065149934,K18ac,0.0430235532064647,0.0067789961055852,0.1389911104094082,0.036244557100879496,0.8179853363841271,K18ac|K14me1,0.0040751955738480075,K14me1|K18ac,0.012324921690845286
K9me3K14ac,0.1790514667520328,K9me3,K14ac,K9me3,0.3757480371906974,K14ac,0.3163483806521991,0.1790514667520328,0.1966965704386646,0.13729691390016632,0.4869550489091362,K14ac|K9me3,0.2565817346402345,K9me3|K14ac,0.27827994671857686
K9acK14me3,0.0034690920956011,K9ac,K14me3,K9ac,0.020875887239941,K14me3,0.0101796392187157,0.0034690920956011,0.0174067951443399,0.006710547123114601,0.9724135656369444,K14me3|K9ac,0.15932336696918975,K9ac|K14me3,0.32320152017384746
K14me3K36me2,0.0069870582801619,K14me3,K36me2,K14me3,0.0101796392187157,K36me2,0.5649448555253913,0.0069870582801619,0.003192580938553801,0.5579577972452294,0.4318625635360549,K36me2|K14me3,0.12267980694678626,K14me3|K36me2,0.005029345675746171
R8me1K18ac,0.0007925937527421,R8me1,K18ac,R8me1,0.0195071391215252,K18ac,0.0430235532064647,0.0007925937527421,0.0187145453687831,0.0422309594537226,0.9382619014247522,K18ac|R8me1,-0.002440196333028402,R8me1|K18ac,-0.0011335880615888985
K14acK18ac,0.0106142860477503,K14ac,K18ac,K14ac,0.3163483806521991,K18ac,0.0430235532064647,0.0106142860477503,0.30573409460444884,0.032409267158714394,0.6512423521890864,K18ac|K14ac,-0.013853592666526394,K14ac|K18ac,-0.07277049896624604
K4unK23me3,0.0049935763829288,K4un,K23me3,K4un,0.9854087270389876,K23me3,0.0049935763829288,0.0049935763829288,0.9804151506560588,0.0,0.01459127296101237,K23me3|K4un,0.005067517920136331,K4un|K23me3,0.014664501268212726
R8unK23me3,0.0049935763829288,R8un,K23me3,R8un,0.9804928608784704,K23me3,0.0049935763829288,0.0049935763829288,0.9754992844955416,0.0,0.01950713912152957,K23me3|R8un,0.0050929247750512085,R8un|K23me3,0.019605038378161188
K9me1K23me3,0.0049935763829288,K9me1,K23me3,K9me1,0.2537654044150885,K23me3,0.0049935763829288,0.0049935763829288,0.2487718280321597,0.0,0.7462345955849115,K23me3|K9me1,0.01967792416164309,K9me1|K23me3,0.7499796763845821
K14acK23me3,0.0049935763829288,K14ac,K23me3,K14ac,0.3163483806521991,K23me3,0.0049935763829288,0.0049935763829288,0.3113548042692703,0.0,0.6836516193478008,K23me3|K14ac,0.0157850543525268,K14ac|K23me3,0.6870826188865938
R17unK23me3,0.0049935763829288,R17un,K23me3,R17un,0.9396975199051898,K23me3,0.0049935763829288,0.0049935763829288,0.9347039435222609,0.0,0.06030248009481021,K23me3|R17un,0.005314025287022812,R17un|K23me3,0.06060511637261312
K18me1K23me3,0.0049935763829288,K18me1,K23me3,K18me1,0.0370956440031561,K23me3,0.0049935763829288,0.0049935763829288,0.0321020676202273,0.0,0.9629043559968439,K23me3|K18me1,0.13461355145914022,K18me1|K23me3,0.9677368237447864
K23me3R26un,0.0049935763829288,K23me3,R26un,K23me3,0.0049935763829288,R26un,0.946026945956473,0.0049935763829288,0.0,0.9410333695735441,0.053973054043527036,R26un|K23me3,0.054243925227460243,K23me3|R26un,0.005278471616767834
K23me3K27me2,0.0049935763829288,K23me3,K27me2,K23me3,0.0049935763829288,K27me2,0.6616139937503867,0.0049935763829288,0.0,0.6566204173674578,0.33838600624961335,K27me2|K23me3,0.3400842428931308,K23me3|K27me2,0.007547567660445788
K23me3K36me2,0.0049935763829288,K23me3,K36me2,K23me3,0.0049935763829288,K36me2,0.5649448555253913,0.0049935763829288,0.0,0.5599512791424625,0.4350551444746087,K36me2|K23me3,0.4372385284640533,K23me3|K36me2,0.008839050987170844
K9me3K18ac,0.0072335335522198,K9me3,K18ac,K9me3,0.3757480371906974,K18ac,0.0430235532064647,0.0072335335522198,0.3685145036384776,0.0357900196542449,0.5884619431550577,K18ac|K9me3,-0.03808162904882654,K9me3|K18ac,-0.21695248634119974
K9me3K23ac,0.0038363423557945,K9me3,K23ac,K9me3,0.3757480371906974,K23ac,0.0218801634701457,0.0038363423557945,0.3719116948349029,0.0180438211143512,0.6062081416949514,K23ac|K9me3,-0.01869482869594182,K9me3|K23ac,-0.20489695210903977
K18acK23ac,0.0164737673168609,K18ac,K23ac,K18ac,0.0430235532064647,K23ac,0.0218801634701457,0.0164737673168609,0.0265497858896038,0.005406396153284802,0.9515700506402505,K23ac|K18ac,0.3772516783092453,K18ac|K23ac,0.7257650916896214
K9me2K14me1,0.0004409613108123,K9me2,K14me1,K9me2,0.2573097651334811,K14me1,0.1457701065149934,0.0004409613108123,0.2568688038226688,0.14532914520418108,0.5973610896623378,K14me1|K9me2,-0.19396561658404776,K9me2|K14me1,-0.2976771485582865
K9me2K18ac,0.0004409613108123,K9me2,K18ac,K9me2,0.2573097651334811,K18ac,0.0430235532064647,0.0004409613108123,0.2568688038226688,0.042582591895652395,0.7001076429708665,K18ac|K9me2,-0.05562186506428398,K9me2|K18ac,-0.2581677593008021
K9me2K23ac,0.0004409613108123,K9me2,K23ac,K9me2,0.2573097651334811,K23ac,0.0218801634701457,0.0004409613108123,0.2568688038226688,0.0214392021593334,0.7212510327071855,K23ac|K9me2,-0.027153213204172983,K9me2|K23ac,-0.2424613856489763
K9me2K27me2,0.0004409613108123,K9me2,K27me2,K9me2,0.2573097651334811,K27me2,0.6616139937503867,0.0004409613108123,0.2568688038226688,0.6611730324395744,0.0815172024269446,K27me2|K9me2,-0.8885269060940735,K9me2|K27me2,-0.7584334667160747
K9me2K36me2,0.0004409613108123,K9me2,K36me2,K9me2,0.2573097651334811,K36me2,0.5649448555253913,0.0004409613108123,0.2568688038226688,0.564503894214579,0.17818634065193995,K36me2|K9me2,-0.7583661288457105,K9me2|K36me2,-0.5896476106840047
K14me1K23ac,0.0015953117246013,K14me1,K23ac,K14me1,0.1457701065149934,K23ac,0.0218801634701457,0.0015953117246013,0.14417479479039208,0.0202848517455444,0.8339450417394623,K23ac|K14me1,-0.012802336134405653,K14me1|K23ac,-0.07448860366450338
R26me1K27un,0.0035154824883949,R26me1,K27un,R26me1,0.041307929555725,K27un,0.0544572695545125,0.0035154824883949,0.0377924470673301,0.0509417870661176,0.9077502833781574,K27un|R26me1,0.03196754497211919,R26me1|K27un,0.024585827229436023
K27unK36me1,0.0015930806077065,K27un,K36me1,K27un,0.0544572695545125,K36me1,0.0784892400283331,0.0015930806077065,0.052864188946806,0.07689615942062661,0.8686465710248609,K36me1|K27un,-0.05207111781792367,K27un|K36me1,-0.03707006850200176
K9unK27ac,0.0009556968170612,K9un,K27ac,K9un,0.0923009060207872,K27ac,0.0219191869675324,0.0009556968170612,0.09134520920372599,0.020963490150471203,0.8867356038287416,K27ac|K9un,-0.012741054433544785,K9un|K27ac,-0.049791367775329255
K4unK23me2,0.0017178547676347,K4un,K23me2,K4un,0.9854087270389876,K23me2,0.0017178547676347,0.0017178547676347,0.9836908722713529,0.0,0.01459127296101237,K23me2|K4un,0.001743291611387092,K4un|K23me2,0.014616381782142418
R8unK23me2,0.0017178547676347,R8un,K23me2,R8un,0.9804928608784704,K23me2,0.0017178547676347,0.0017178547676347,0.9787750061108357,0.0,0.01950713912152957,K23me2|R8un,0.0017520318976066707,R8un|K23me2,0.019540707218588027
K9me3K23me2,0.0017178547676347,K9me3,K23me2,K9me3,0.3757480371906974,K23me2,0.0017178547676347,0.0017178547676347,0.3740301824230627,0.0,0.6242519628093026,K23me2|K9me3,0.004571826324039757,K9me3|K23me2,0.625326182373019
K14unK23me2,0.0017178547676347,K14un,K23me2,K14un,0.5253972140548472,K23me2,0.0017178547676347,0.0017178547676347,0.5236793592872124,0.0,0.4746027859451528,K23me2|K14un,0.0032696305227369743,K14un|K23me2,0.47541948757851604
R17unK23me2,0.0017178547676347,R17un,K23me2,R17un,0.9396975199051898,K23me2,0.0017178547676347,0.0017178547676347,0.937979665137555,0.0,0.06030248009481021,K23me2|R17un,0.0018280933292321787,R17un|K23me2,0.060406249258093125
K18unK23me2,0.0017178547676347,K18un,K23me2,K18un,0.9198808027903744,K23me2,0.0017178547676347,0.0017178547676347,0.9181629480227397,0.0,0.08011919720962557,K23me2|K18un,0.001867475397272934,K18un|K23me2,0.08025706719514314
K23me2R26un,0.0017178547676347,K23me2,R26un,K23me2,0.0017178547676347,R26un,0.946026945956473,0.0017178547676347,0.0,0.9443090911888382,0.053973054043527036,R26un|K23me2,0.05406593146165506,K23me2|R26un,0.0018158624074897534
K23me2K27un,0.0017178547676347,K23me2,K27un,K23me2,0.0017178547676347,K27un,0.0544572695545125,0.0017178547676347,0.0,0.052739414786877804,0.9455427304454875,K27un|K23me2,0.9471698306548376,K23me2|K27un,0.03154500366411325
K23me2K36un,0.0017178547676347,K23me2,K36un,K23me2,0.0017178547676347,K36un,0.3294036769690442,0.0017178547676347,0.0,0.3276858222014095,0.6705963230309557,K36un|K23me2,0.6717502924735415,K23me2|K36un,0.005215044298962503
K9me1R26me1,0.0024968934328273,K9me1,R26me1,K9me1,0.2537654044150885,R26me1,0.041307929555725,0.0024968934328273,0.2512685109822612,0.0388110361228977,0.7074235594620137,R26me1|K9me1,-0.04216978540257431,K9me1|R26me1,-0.20164925507218914
K9me1K27un,0.0041580020575527,K9me1,K27un,K9me1,0.2537654044150885,K27un,0.0544572695545125,0.0041580020575527,0.24960740235753578,0.0502992674969598,0.6959353280879517,K27un|K9me1,-0.0510188745913072,K9me1|K27un,-0.18762972673055256
K14me1R26me1,0.0024968934328273,K14me1,R26me1,K14me1,0.1457701065149934,R26me1,0.041307929555725,0.0024968934328273,0.1432732130821661,0.0388110361228977,0.815418857362109,R26me1|K14me1,-0.028304966158516572,K14me1|R26me1,-0.08900067767230702
K14me1K27un,0.0006954980712731,K14me1,K27un,K14me1,0.1457701065149934,K27un,0.0544572695545125,0.0006954980712731,0.1450746084437203,0.0537617714832394,0.8004681220017672,K27un|K14me1,-0.05816475368454596,K14me1|K27un,-0.1406585406936191
K23me1K27un,0.0018681815304901,K23me1,K27un,K23me1,0.0077023206793994,K27un,0.0544572695545125,0.0018681815304901,0.0058341391489093,0.0525890880240224,0.9397085912965782,K27un|K23me1,0.18955058707654246,K23me1|K27un,0.02813530861617425
K23me1K36me3,0.0005382253784621,K23me1,K36me3,K23me1,0.0077023206793994,K36me3,0.0271622274772272,0.0005382253784621,0.0071640953009373,0.0266240020987651,0.9656736772218355,K36me3|K23me1,0.04304767893215658,K23me1|K36me3,0.012451093804154323
R26me1K36me3,0.0012269038094153,R26me1,K36me3,R26me1,0.041307929555725,K36me3,0.0271622274772272,0.0012269038094153,0.0400810257463097,0.0259353236678119,0.9327567467764631,K36me3|R26me1,0.002648591754677014,R26me1|K36me3,0.003969371791168776
K23acK27ac,0.0055280341205969,K23ac,K27ac,K23ac,0.0218801634701457,K27ac,0.0219191869675324,0.0055280341205969,0.0163521293495488,0.0163911528469355,0.9617286836829188,K27ac|K23ac,0.23589267789180665,K23ac|K27ac,0.2354821047804679
K9me1K23me1,0.001329956152028,K9me1,K23me1,K9me1,0.2537654044150885,K23me1,0.0077023206793994,0.001329956152028,0.25243544826306047,0.0063723645273714,0.7398622310575401,K23me1|K9me1,-0.003298469867789886,K9me1|K23me1,-0.0817253413591918
K14acK23me1,0.001329956152028,K14ac,K23me1,K14ac,0.3163483806521991,K23me1,0.0077023206793994,0.001329956152028,0.3150184245001711,0.0063723645273714,0.6772792548204295,K23me1|K14ac,-0.00511698277601141,K14ac|K23me1,-0.14479409334897725
K18me1K23me1,0.001329956152028,K18me1,K23me1,K18me1,0.0370956440031561,K23me1,0.0077023206793994,0.001329956152028,0.035765687851128096,0.0063723645273714,0.9565319914694725,K23me1|K18me1,0.029234225953164484,K18me1|K23me1,0.13662623289852519
K23me1K36me2,0.001329956152028,K23me1,K36me2,K23me1,0.0077023206793994,K36me2,0.5649448555253913,0.001329956152028,0.0063723645273714,0.5636148993733633,0.42868277994723736,K36me2|K23me1,-0.3953202006390794,K23me1|K36me2,-0.012293122579903035
K14acK36me3,0.0034767326185521,K14ac,K36me3,K14ac,0.3163483806521991,K36me3,0.0271622274772272,0.0034767326185521,0.31287164803364703,0.023685494858675098,0.6599661244891257,K36me3|K14ac,-0.02365536038978011,K14ac|K36me3,-0.19360841286445463
K9me1K36me3,0.0021325478342516,K9me1,K36me3,K9me1,0.2537654044150885,K36me3,0.0271622274772272,0.0021325478342516,0.2516328565808369,0.0250296796429756,0.7212049159419359,K36me3|K9me1,-0.02513768237377119,K9me1|K36me3,-0.18014707780245603
K18me1K36me3,0.0021325478342516,K18me1,K36me3,K18me1,0.0370956440031561,K36me3,0.0271622274772272,0.0021325478342516,0.0349630961689045,0.0250296796429756,0.9378746763538683,K36me3|K18me1,0.03149388182926559,K18me1|K36me3,0.04257223525429562
R8me1R17me1,0.0009563493135116,R8me1,R17me1,R8me1,0.0195071391215252,R17me1,0.0201451333120757,0.0009563493135116,0.0185507898080136,0.0191887839985641,0.9613040768799107,R17me1|R8me1,0.029455056404563987,R8me1|R17me1,0.028540789085003695
R8me1R26me1,0.0009563493135116,R8me1,R26me1,R8me1,0.0195071391215252,R26me1,0.041307929555725,0.0009563493135116,0.0185507898080136,0.0403515802422134,0.9401412806362615,R26me1|R8me1,0.007871221286490364,R8me1|R26me1,0.0038016101300700003
R8me1K27me1,0.0009563493135116,R8me1,K27me1,R8me1,0.0195071391215252,K27me1,0.0876538894460947,0.0009563493135116,0.0185507898080136,0.0866975401325831,0.8937953207458917,K27me1|R8me1,-0.03939680252027751,R8me1|K27me1,-0.009422544041102428
R8me1K36me1,0.0009563493135116,R8me1,K36me1,R8me1,0.0195071391215252,K36me1,0.0784892400283331,0.0009563493135116,0.0185507898080136,0.0775328907148215,0.9029599701636533,K36me1|R8me1,-0.030049820218386508,R8me1|K36me1,-0.00794638056988773
K14acK27me1,0.0009563493135116,K14ac,K27me1,K14ac,0.3163483806521991,K27me1,0.0876538894460947,0.0009563493135116,0.31539203133868754,0.0866975401325831,0.5969540792152177,K27me1|K14ac,-0.12379229133522485,K14ac|K27me1,-0.3347828849214457
R17me1R26me1,0.0009563493135116,R17me1,R26me1,R17me1,0.0201451333120757,R26me1,0.041307929555725,0.0009563493135116,0.0191887839985641,0.0403515802422134,0.9395032864457109,R26me1|R17me1,0.0062917895899150325,R17me1|R26me1,0.0031361261751908856
K9acK18me1,0.0005914564598485,K9ac,K18me1,K9ac,0.020875887239941,K18me1,0.0370956440031561,0.0005914564598485,0.0202844307800925,0.0365041875433076,0.9426199252167514,K18me1|K9ac,-0.00895045325331046,K9ac|K18me1,-0.005121788616650268
K9acR17me2,0.0130180198260835,K9ac,R17me2,K9ac,0.020875887239941,R17me2,0.0401573467827301,0.0130180198260835,0.0078578674138575,0.0271393269566466,0.9519847858034124,R17me2|K9ac,0.5958732479778601,K9ac|R17me2,0.3159886767839957
K4me1R8un,0.0145912729610079,K4me1,R8un,K4me1,0.0145912729610079,R8un,0.9804928608784704,0.0145912729610079,0.0,0.9659015879174625,0.01950713912152957,R8un|K4me1,0.019795987782801228,K4me1|R8un,0.01488156981371071
K4me1K9me1,0.0145912729610079,K4me1,K9me1,K4me1,0.0145912729610079,K9me1,0.2537654044150885,0.0145912729610079,0.0,0.2391741314540806,0.7462345955849116,K9me1|K4me1,0.7572843380707988,K4me1|K9me1,0.05749906294216804
K4me1K14ac,0.0065515274236785,K4me1,K14ac,K4me1,0.0145912729610079,K14ac,0.3163483806521991,0.0065515274236785,0.0080397455373294,0.30979685322852063,0.6756118738104715,K14ac|K4me1,0.13461902555690675,K4me1|K14ac,0.008949846076049308
K4me1R17un,0.0145912729610079,K4me1,R17un,K4me1,0.0145912729610079,R17un,0.9396975199051898,0.0145912729610079,0.0,0.9251062469441819,0.06030248009481021,R17un|K4me1,0.0611953988635866,K4me1|R17un,0.01552762740342241
K4me1K18un,0.004578567592223,K4me1,K18un,K4me1,0.0145912729610079,K18un,0.9198808027903744,0.004578567592223,0.0100127053687849,0.9153022351981515,0.07010649184084061,K18un|K4me1,-0.6150673336886863,K4me1|K18un,-0.11999526349575344
K4me1K23un,0.0065515274236785,K4me1,K23un,K4me1,0.0145912729610079,K23un,0.9637060846998868,0.0065515274236785,0.0080397455373294,0.9571545572762084,0.02825416976278372,K23un|K4me1,-0.5223243181385588,K4me1|K23un,-0.2147194616834249
K4me1R26un,0.0145912729610079,K4me1,R26un,K4me1,0.0145912729610079,R26un,0.946026945956473,0.0145912729610079,0.0,0.931435672995465,0.053973054043527036,R26un|K4me1,0.054772250907202835,K4me1|R26un,0.01542373927441941
K4me1K27me2,0.0065515274236785,K4me1,K27me2,K4me1,0.0145912729610079,K27me2,0.6616139937503867,0.0065515274236785,0.0080397455373294,0.6550624663267082,0.3303462607122839,K27me2|K4me1,-0.21575904967656495,K4me1|K27me2,-0.01385675472118382
K4me1K36me2,0.0145912729610079,K4me1,K36me2,K4me1,0.0145912729610079,K36me2,0.5649448555253913,0.0145912729610079,0.0,0.5503535825643834,0.4350551444746087,K36me2|K4me1,0.4414971499003112,K4me1|K36me2,0.025827782691176485
K4me1K18me1,0.0019729598314555,K4me1,K18me1,K4me1,0.0145912729610079,K18me1,0.0370956440031561,0.0019729598314555,0.0126183131295524,0.0351226841717006,0.9502860428672915,K18me1|K4me1,0.09957230143089887,K4me1|K18me1,0.0400813245292765
K9me1K23ac,0.014173738377591,K9me1,K23ac,K9me1,0.2537654044150885,K23ac,0.0218801634701457,0.014173738377591,0.23959166603749749,0.007706425092554701,0.7385281704923568,K23ac|K9me1,0.04552662536876117,K9me1|K23ac,0.40283817960748536
K18acK27ac,0.0049796424264726,K18ac,K27ac,K18ac,0.0430235532064647,K27ac,0.0219191869675324,0.0049796424264726,0.0380439107799921,0.016939544541059802,0.9400369022524755,K27ac|K18ac,0.09804113097760038,K18ac|K27ac,0.18828540451975112
K4me1K14un,0.0080397455373294,K4me1,K14un,K4me1,0.0145912729610079,K14un,0.5253972140548472,0.0080397455373294,0.0065515274236785,0.5173574685175177,0.46805125852147433,K14un|K4me1,0.025978705060402563,K4me1|K14un,0.0014979904224399349
K4me1K18ac,0.0080397455373294,K4me1,K18ac,K4me1,0.0145912729610079,K18ac,0.0430235532064647,0.0080397455373294,0.0065515274236785,0.034983807669135294,0.9504249193698568,K18ac|K4me1,0.5154950322577921,K4me1|K18ac,0.18002239976836473
K4me1K23ac,0.0080397455373294,K4me1,K23ac,K4me1,0.0145912729610079,K23ac,0.0218801634701457,0.0080397455373294,0.0065515274236785,0.0138404179328163,0.9715683091061758,K23ac|K4me1,0.5369514991594521,K4me1|K23ac,0.36074640880254066
K4me1K27me3,0.0080397455373294,K4me1,K27me3,K4me1,0.0145912729610079,K27me3,0.1743556602814693,0.0080397455373294,0.0065515274236785,0.1663159147441399,0.8190928122948522,K27me3|K4me1,0.3822182472331271,K4me1|K27me3,0.038176133784482306
K27me3K36me2,0.0091940959511184,K27me3,K36me2,K27me3,0.1743556602814693,K36me2,0.5649448555253913,0.0091940959511184,0.1651615643303509,0.5557507595742729,0.2698935801442578,K36me2|K27me3,-0.6203797254750564,K27me3|K36me2,-0.36335930675628547
K9me3K14me3,0.0019772747273369,K9me3,K14me3,K9me3,0.3757480371906974,K14me3,0.0101796392187157,0.0019772747273369,0.3737707624633605,0.0082023644913788,0.6160495983179238,K14me3|K9me3,-0.007877273654594705,K9me3|K14me3,-0.1833765513142652
K14me3K23ac,0.0019772747273369,K14me3,K23ac,K14me3,0.0101796392187157,K23ac,0.0218801634701457,0.0019772747273369,0.0082023644913788,0.0199028887428088,0.9699174720384754,K23ac|K14me3,0.17413061639163746,K14me3|K23ac,0.081982522656498
