PTM_1,K4un,K4me1,R8me1,R8un,K9me3,K9un,K9me1,K9me2,K9ac,K14me2,K14un,K14me3,K14ac,K14me1,R17un,R17me2,R17me1,K18ac,K18un,K18me1,K18me2,K23me1,K23me2,K23un,K23ac,R26un,R26me1,R26me2,K27me2,K27me3,K27me1,K27un,K27ac,K36me1,K36un,K36me3,K36me2
K4un,,,0.0071919359252098,-0.0147533465096642,0.0287812907394231,0.0065884570061247,-0.0539802112874117,0.019994090074254,0.0046655807629319,0.0040524123314105,0.0196776412339441,0.0050701864174195,-0.027187001921693,0.0116608195148687,-0.0114066170295338,0.0045152000093164,0.0057622681344514,-0.0337762791755229,0.1189518722111139,-0.0535654067324129,0.0033772259338747,0.0050975479008041,0.0037585260800547,0.0846246227236298,-0.0622999262065282,-0.016514168145039,0.0075041688313169,0.0048294544535752,-0.0175346399894899,0.0034020596853881,0.0086628480745133,0.005520434800361,0.0100837837455128,0.0116409092647481,0.0168966038743196,0.0067391339278211,-0.0294880110494332
K4me1,,,,0.0099222705668725,,,0.3971338266386456,,,,-0.1599823787115465,,0.1993176655197935,,0.0057144514796188,,,0.3212584503973079,-0.1172543349962685,0.4168008803057045,,,,-0.0486607377966115,0.4422517295517333,0.0134403573724929,,,0.0728048668184056,-0.0501996478606305,,,,,,,0.1375978628960384
R8me1,,,,,,-0.0796542554082025,0.4434137245671044,,,,0.1467137541198724,,-0.4215878166336996,0.0188298361570427,-0.0253882193783041,,0.3317749722878365,,0.0198997905331983,,,,,0.0091736396524485,,0.0152269113280832,,,0.0773562966318988,-0.0367194385412074,,,,,0.0681150837238418,,0.0310197815245636
R8un,,,,,0.0449859115205854,0.0046628693693951,-0.0821290822313952,0.0312512866486208,0.0072924249747392,0.0063340266507247,-0.0343217357716181,0.0079248342137237,0.0342182464480477,-0.0018959914921327,0.056693868892555,0.0070573759167316,-0.0519137466963323,0.0111794182712575,-0.0244582319705949,0.0103023450252795,0.0052786926209049,0.0079676009291484,0.00587467473978,-0.017010988805614,0.0093571117315126,-0.0218982711523586,0.0117292124991029,0.0075485638468481,-0.0250020559757818,0.0036967717459992,0.0135402585146236,0.0086285842331607,0.0157612181981471,0.0181950461827557,-0.0091805880984393,0.0105334429003586,-0.0083094603591311
K9me3,,,,,,,,,,,-0.1118896840215812,,0.3658966642696297,,0.0259083651184732,,,-0.1412618465467471,0.0563031508489083,,,,,0.0337520741531792,-0.3012286288813169,0.0609363273747727,,,0.4748821908371001,,-0.3137355297119521,-0.3185273341554187,-0.4951119897148254,-0.4486829689330361,-0.216419876208966,,0.3663652797002945
K9un,,,,,,,,,,0.2872308666884622,-0.0884690219187523,0.4348303770026814,0.0890633720145845,-0.2842234440477295,-0.0630747814257953,0.6853197956849494,0.1468445904336388,0.305246480207957,-0.1064706869369837,0.3588330888992683,0.5125974003830013,0.5578796883903971,0.5704713678120293,-0.0652878929629048,,-0.0154394339575774,,0.4493843170315014,-0.018093931410939,-0.076103203282032,0.1963974446793348,0.2647915933591486,-0.1708291131711134,-0.1337850413042773,0.0280364506371419,,0.0271203129962538
K9me1,,,,,,,,,,,-0.3201589464905028,,-0.1201485865190979,0.7188556544210077,-0.0137305610757827,,0.2035786311739038,0.2588519749700806,-0.0882417811084472,0.3380352130674612,,,,-0.0290231878215499,0.3308559659718452,0.0267614480833086,-0.2324214666746443,,0.201172063202841,-0.1813764081760663,,-0.1027699671875699,-0.4319983642122795,,-0.1882963202935677,,0.2358525452024611
K9me2,,,,,,,,,,0.1529032990196611,0.4411938681601312,,-0.3753594118700497,-0.515979987597985,0.002563800093612,,0.0235765031037543,-0.3232747891747003,0.0516568878225118,,,0.0829676629222287,,0.0093871145843037,-0.2262059960656595,-0.0788694293130114,0.351226147563559,0.1313880279678655,-0.7589002254155993,0.5540861837404476,0.3466862239539465,0.1795552706035011,0.4793159093890692,0.5407888971109527,0.3753505738126879,0.3370562952749192,-0.7444284233403384
K9ac,,,,,,,,,,,,0.9201990575538634,,,0.0041998661905107,,,,0.0129094698372684,,,,,0.0059511593448024,,0.0098780613884712,,,0.0821884744607617,,,,,,,,0.1011282735227899
K14me2,,,,,,,,,,,,,,,0.0036479037456431,,,,0.0112128580382014,,,0.558017656642833,,-0.0775010461058289,,-0.0641993273041926,0.3153809137631665,,,0.3009817134377308,,,,,0.2398359079465428,,
K14un,,,,,,,,,,,,,,,-0.017598932189479,0.1295579413149271,0.0837913944870292,-0.0455434706201685,0.0502089327448302,,,-0.062444762235946,0.1078461419883077,0.0080595125394634,-0.0553073028140531,-0.0524014697039184,0.1843576630993773,0.0722872443142437,-0.2853186716440625,0.2179006738491451,0.2133666982025215,-0.0931776463560027,0.2893413935236377,0.3266768312354874,0.2844083222479811,0.1218272212754818,-0.3510801768371054
K14me3,,,,,,,,,,,,,,,0.0045640844293789,,,,0.0140289970211285,,,,,0.0064672521623987,,0.0107347006143755,,,0.0893159733060809,,,,,,0.0541524939960674,,0.0213273310766534
K14ac,,,,,,,,,,,,,,,0.0183735135989767,,-0.2750718298276937,-0.2072716207615078,-0.0167572535314415,0.2442826390048843,0.1476897976629942,0.0741133134615942,,0.0155101105177496,,0.0430083316407866,,-0.0472292664795003,0.2569872427088412,-0.2186149572611808,-0.2873689302494681,0.102811224696319,,-0.5275594834320676,-0.3287038609087324,-0.1090983395922218,0.3654656140770477
K14me1,,,,,,,,,,,,,,,-0.0028322191488183,,0.0912345749900486,0.3151992461159502,-0.0462986978608566,-0.0140661799897295,,,,-0.0293946390721118,0.3487649444896988,0.0157764910686035,-0.1414891430558066,,0.1676304908625874,-0.2379761165773393,,-0.0173637125437099,,,-0.1611330483000833,,0.1752245078328032
R17un,,,,,,,,,,,,,,,,,,-0.0319637644897849,0.0400281746343937,0.0059333446287797,0.0030401139189547,0.0045887147111869,0.0033833529868755,-0.0127327699923771,0.0053889642112385,-0.0153563032477149,0.0067551086486235,0.0043473821392894,-0.0030374885245797,0.0091843624505116,-0.0242102717110642,0.0049693893757367,0.0090772284474587,-0.0106224360885214,-0.006955545896435,0.0060664389225991,0.0146263537597881
R17me2,,,,,,,,,,,,,,,,,,0.5872746528093779,-0.2654847253562716,,,,,0.0057593418899922,,0.0095596722336504,,,0.079539379877273,,,,,,,,0.0978687123326783
R17me1,,,,,,,,,,,,,,,,,,,0.0159439586314669,,,,,0.0073500337038531,,0.012199989939339,,,-0.0190768885705915,-0.1621553072790704,0.3231105068233989,,,0.1878979659998957,0.1342841541092974,,-0.201088683671611
K18ac,,,,,,,,,,,,,,,,,,,,,,,,-0.1744922331566001,0.8369945112054621,0.0151432452652456,,,0.0972017521254543,-0.1227839149572074,,,,,,,0.155031456981405
K18un,,,,,,,,,,,,,,,,,,,,,,-0.1248733327486946,0.01039968688326,0.3262931089432291,,-0.0294300121001373,0.0207637261263008,0.0133629015907792,-0.0280114032039478,0.0138696624405034,-0.0049005350048801,-0.0129646876172875,0.0279014143624923,0.0322099165500694,0.0319149436057293,0.0186469060533094,-0.0611738289094085
K18me1,,,,,,,,,,,,,,,,,,,,,,0.5575885259296007,,-0.0446501031514986,,0.0139551928141107,,,-0.0023073670160243,-0.0765474212424849,0.1961062822185384,0.2254704612842408,,,-0.0894308753126586,,0.0938950214949388
K18me2,,,,,,,,,,,,,,,,,,,,,,,,0.0043078044721827,,0.0071503306432075,,,,0.2508341119103601,,,,,0.1998760199975806,,
K23me1,,,,,,,,,,,,,,,,,,,,,,,,,,0.0107926308970746,,,,0.0573485244473983,0.4994678512394014,,,0.0970386317760579,-0.0016433604795179,,-0.0246359626231759
K23me2,,,,,,,,,,,,,,,,,,,,,,,,,,0.007957626978387,,,0.066209876205543,,,,,,0.2224426936922592,,
K23un,,,,,,,,,,,,,,,,,,,,,,,,,,-0.0193647570490927,0.0095719068503281,0.0061601876512435,0.007472247787735,-0.000549508134735,-0.0304337916323711,0.0070415643451205,0.0128623223811402,0.006420071534989,0.009594473563173,0.0085960702189678,-0.0181315094670053
K23ac,,,,,,,,,,,,,,,,,,,,,,,,,,0.0126748131688487,,,0.0590481225239634,-0.0112140587871868,,,,,,,0.1297604785576217
R26un,,,,,,,,,,,,,,,,,,,,,,,,,,,,,0.1074553111143919,-0.0364523917201262,-0.117602364957249,-0.0803202372838642,0.0213495896711579,-0.0613712815384184,-0.0302027278796336,-0.0138098102733895,0.0909373408468768
R26me1,,,,,,,,,,,,,,,,,,,,,,,,,,,,,-0.40859268124006,0.2493841592441272,0.4661070443339228,0.2730193222915136,,0.2920125258486458,0.1927851211810881,0.1403820783038524,
R26me2,,,,,,,,,,,,,,,,,,,,,,,,,,,,,-0.2426491602013345,,0.419301957032174,0.47480946434631,,0.2893348300822068,-0.1025324211760477,,-0.1310193476107547
K27me2,,,,,,,,,,,,,,,,,,,,,,,,,,,,,,,,,,,-0.2864616869929212,,0.71885306436575
K27me3,,,,,,,,,,,,,,,,,,,,,,,,,,,,,,,,,,-0.4162557054382332,0.7644537033502158,,-0.586462419311136
K27me1,,,,,,,,,,,,,,,,,,,,,,,,,,,,,,,,,,0.4812444303903333,,0.6016222996335276,-0.3861182063342382
K27un,,,,,,,,,,,,,,,,,,,,,,,,,,,,,,,,,,,,0.68152589533529,-0.1261199352916834
K27ac,,,,,,,,,,,,,,,,,,,,,,,,,,,,,,,,,,0.8177647281573953,-0.3904055078343998,,-0.4864306371904693
K36me1,,,,,,,,,,,,,,,,,,,,,,,,,,,,,,,,,,,,,
K36un,,,,,,,,,,,,,,,,,,,,,,,,,,,,,,,,,,,,,
K36me3,,,,,,,,,,,,,,,,,,,,,,,,,,,,,,,,,,,,,
K36me2,,,,,,,,,,,,,,,,,,,,,,,,,,,,,,,,,,,,,
