PTM_1,K14ac,K14me1,K14me2,K14me3,K14un,K18ac,K18me1,K18me2,K18un,K23ac,K23me1,K23me2,K23me3,K23un,K27ac,K27me1,K27me2,K27me3,K27un,K36me1,K36me2,K36me3,K36un,K9ac,K9me1,K9me2,K9me3,K9un,R17me1,R17me2,R17un,R26me1,R26me2,R26un,R8me1,R8un
K14ac,,,,,,-0.2664553265047568,0.0316077545850448,0.3106403847185485,0.0125171404178778,0.0299454781516638,-0.097760194247855,0.3660670739780138,0.3811336606930942,-0.069626550999538,0.0786688784085803,-0.0273173212247008,-0.1038601977248336,0.0865479335590515,0.0788979428922019,-0.0788488246651322,0.1127171443332557,0.213138479525523,-0.0031779567563358,,,,,,-0.2149726010740035,-0.2113038082546223,0.0267874242492114,-0.2777311017910027,,0.0471351610390326,,
K14me1,,,,,,0.2597173120713076,0.2808737235120083,,-0.0629147091870727,0.0060238597585186,,,,0.0262396747374457,,,0.5058592737138162,-0.4007174170826462,0.0880038626614842,,0.2110101147747159,,0.1138567189095782,,,,,,-0.3592932155808064,,0.0363690853872437,-0.4368735240005695,,0.0559372903506349,,
K14me2,,,,,,,,,0.01467289404306,,,,,0.0169430112736429,,0.3111577407282531,,-0.1023171540675352,,0.1561902298320525,,,-0.0713516678359613,,,,,,0.1610970692390675,,0.0082659942908871,0.292680407480083,,-0.0934463905088888,,
K14me3,,,,,,0.1492090755862152,,,-0.0163465764352884,,,,,0.0135575072138909,,,0.1991753449528724,,,,0.4443191362357365,,,,,,,,,,0.0122578795829567,,,0.0195280025108625,,
K14un,,,,,,-0.0652993841240529,-0.2381779081818933,,0.0487192124182135,-0.0060596575605945,0.0787852967938734,-0.1890153946078876,-0.32839806270438,0.0384150746648874,0.0132133950762677,0.0989547251961871,-0.2114279548695588,0.1488937514516086,-0.0655608716828201,0.1690620962556061,-0.1767839497156907,-0.0595634865575164,-0.0555827875878975,,,,,,0.0708555223191248,0.1286573775992641,-0.0599767395371628,0.1300990869893716,0.0803415144499815,-0.075860905507986,,
K18ac,,,,,,,,,,0.3960347084368775,-0.2052620579585291,0.1578647142302209,-0.0187471184763462,-0.0558093835645221,,-0.1245157514051823,0.1723154399986209,-0.1175296352221686,,-0.1953888971353578,0.481825453562221,-0.129084185432014,-0.1347983657392326,,,,,,,,,,,0.0345579529607981,,
K18me1,,,,,,,,,,0.5026053595535026,0.4023759798326261,,,-0.1426369389094133,0.4627493506267121,-0.036599774072717,0.1030317607455836,-0.1319781834741412,,,0.0095131720774496,,0.0725556767380812,,,,,,,,,,,0.0230745922008972,,
K18me2,,,,,,,,,,0.6452432243855607,,,,,,0.3011125054515337,,,,0.2342355068052135,,,,,,,,,,,,,,0.0181432017361523,,
K18un,,,,,,,,,,-0.1935327494158586,-0.0191872275574717,-0.0168665621130426,0.0046246386824269,0.1487734349363743,-0.0445871409102819,0.0067331620429974,-0.0404411341716746,0.0371947849447647,0.0131397795175312,0.0249579012723189,-0.1023754003766183,0.0099017402379721,0.0409670224697441,,,,,,,,,0.0268376967795825,0.0119092423680951,-0.0413457663252245,,
K23ac,,,,,,,,,,,,,,,0.6089895199932207,0.0456870383358392,0.0407513700656379,-0.1158358751829906,,0.0627414870272064,0.3055081368562667,,-0.1729873275989016,,,,,,,,,-0.1008880721454215,,0.0148062665188005,,
K23me1,,,,,,,,,,,,,,,,0.3676186996602529,-0.2118243413266632,-0.296766091565303,,0.0989215220286752,,0.2910399294584747,-0.0451117065076468,,,,,,,,,-0.0119348409474449,,0.0031416333509708,,
K23me2,,,,,,,,,,,,,,,,,0.2747252568854172,,,,-0.2278619916384184,,0.1088356295141638,,,,,,,,,-0.2323770424785263,,0.023170046660519,,
K23me3,,,,,,,,,,,,,,,0.21968207403566,0.0459760735002859,-0.2184270914152095,0.0747763324292019,,0.2405682151099278,-0.03345297347832,,-0.2479656784307461,,,,,,,,,-0.1124770527199224,,0.0142056393834503,,
K23un,,,,,,,,,,,,,,,,-0.0294679362233004,-0.0217183609472754,0.0530165933871602,0.0151727008895025,-0.0161049737532259,-0.0180936134175171,-0.0105568767388066,0.0322429793501216,,,,,,,,,0.0161164861117022,0.0137517811490378,-0.024983696628661,,
K27ac,,,,,,,,,,,,,,,,,,,,0.1417411475334918,,,-0.0822505698580319,,,,,,,,,,,,,
K27me1,,,,,,,,,,,,,,,,,,,,0.5301150057041346,,-0.0359484795492001,-0.310821934804716,,,,,,,,,,,,,
K27me2,,,,,,,,,,,,,,,,,,,,-0.5460403283572242,0.4450133377575304,,0.0805940437755928,,,,,,,,,,,,,
K27me3,,,,,,,,,,,,,,,,,,,,-0.0106913987134546,-0.6671971720575656,-0.0934444838884001,0.1386852791425873,,,,,,,,,,,,,
K27un,,,,,,,,,,,,,,,,,,,,-0.2027301852566766,-0.075751264768088,0.7990830944734403,-0.113335281929137,,,,,,,,,,,,,
K4me1,0.3382933053668273,,,,-0.3475917045871662,,,,0.0121810766734396,,,,,0.0140656723068761,,,0.2066408735409477,,,,0.3578126726967503,,-0.1078435355167564,,0.3172803393509442,,,,,,0.0127173317831143,,,0.0202599548569089,,0.0058314868324827
K4un,-0.0150422435618572,0.00309054003094,0.0012974702466021,0.0010382134523797,0.0124435112577783,0.0018372863087583,0.001226769200681,0.0009645900086931,-0.0052892199421698,0.0014949246613347,0.0013392289516588,0.0014320219075026,0.001240942418578,-0.0053736419250002,0.0009408973967574,0.003203420619302,-0.0099504723155188,0.0074535768368833,0.0011619025477099,0.0041180349719364,-0.0149469242000722,0.00114884120138,0.0062299109565451,0.0013708340766942,-0.0141785956695216,0.0100542868496464,0.0019682263401008,0.0030336421196156,0.0011699931265897,0.001932705920034,-0.0053147794161226,0.0023731591706892,0.0010530906572916,-0.0055828156415403,0.0015912279216817,-0.0047813167429212
K9ac,-0.2029215570348724,-0.0222241098039857,,0.708571805627442,-0.022891102828556,,0.4342174910911102,,-0.0216203350089863,0.2984504285428979,,0.3144906770858812,0.0743807295134066,-0.0638315148349212,,,0.1943259333653228,-0.1445250084231667,,,0.2472615740874054,,0.0091040885734462,,,,,,,0.4411372312612558,-0.1201054634428169,-0.2110082658371259,,0.0214951387311607,,
K9me1,-0.3400725610621137,0.8687727148521582,,,-0.4092826281431543,0.2302428734337614,-0.0241958610573883,,-0.0387391211242594,-0.103794182656633,,,,0.0362623107319998,,,0.5809606692246457,-0.4522682788284646,-0.0615773871319837,,0.2319350344012339,,0.1197069953631344,,,,,,,,0.0400823190278036,-0.4588004469803018,,0.0617955107708748,,
K9me2,0.0855472656844537,-0.6476469259848292,,,0.2587075100111743,-0.1256465743562074,,,0.0587361697996961,-0.2553107559809472,0.0359745760117281,,0.067214417769652,0.0561196653058421,,0.237602595915702,,0.4672618440089995,0.08408724410674,0.3353838484827874,,0.0480083190702015,-0.1028793273074992,,,,,,0.097504952443758,,0.0919787434283483,0.1174741031549368,,-0.0472114265422889,,
K9me3,0.0987634115019176,,,,0.0440116879766095,-0.0041017297409687,,,0.0053743846950349,-0.0612263687824869,,,,0.0200990752402354,,,0.3775930270758467,,,-0.3202359591379096,0.5877835866301481,,-0.1690625896762003,,,,,,,,0.0232382670573761,,,0.0370208349962493,,
K9un,0.043516679187354,-0.3781797386342855,0.4276939056893527,-0.0144229780196108,0.0322315782822061,-0.0280950988713899,0.2642131175228573,0.3179643381320602,-0.0219866896439285,0.3260820306628638,0.1350672520272474,0.4276220766011443,0.0210163329312115,-0.1011539757904132,0.3101543819798507,-0.0965889973706601,0.2176235868309319,-0.1602539963421299,-0.3527570085534933,-0.2190451294965298,-0.0592035411243279,0.082950151550432,0.1135077044177736,,,,,,-0.0953535797646921,0.5541051605867956,-0.1345147605601384,0.0741042675371586,0.3471374063810433,-0.0331603289289419,,
R17me1,,,,,,,,,0.0132312746458103,,,,,0.0152783516892267,,0.356187627014347,,-0.3403102795247588,-0.0672416204254563,0.2756070256074647,,,-0.3666822616543376,,,,,,,,,,,0.0220066775877034,,
R17me2,,,,,,,,,0.0218566778354413,,,,,0.0252382343853576,,,0.3524032800431314,-0.4076204164831914,,,-0.1117871165342053,,0.1335233720563125,,,,,,,,,,,0.0363527230095831,,
R17un,,,,,,0.0216922967820858,0.0144841016108583,0.0113886293289514,-0.0333793199569973,0.0176501339317377,0.0158118806742637,0.016907459696355,0.0146514406083314,-0.0359270863331737,0.0111088976577351,0.0101520242102519,-0.0832470500324882,0.0807647448906993,0.0128288334953526,0.0243288855833704,0.0153100440692894,0.0135640287401181,-0.0382095734115224,,,,,,,,,0.0280191893861707,0.0124335303471841,-0.0424804857950807,,
R26me1,,,,,,,,,,,,,,,,0.616946180958708,-0.2685890072509918,-0.4234219072408641,0.1400307464503477,0.2125674217337207,-0.4177185463083956,0.0642573880328133,-0.0877976231064902,,,,,,,,,,,,,
R26me2,,,,,,,,,,,,,,,,0.2231549438658324,0.0113432132646941,,,,,,0.083037034884351,,,,,,,,,,,,,
R26un,,,,,,,,,,,,,,,0.0176975617915834,-0.2234257474749363,0.0654671590845926,0.1255717717922944,-0.0304852655370122,-0.061335985115692,0.0425768336828345,-0.0106457968798157,0.0411588795165955,,,,,,,,,,,,,
R8me1,-0.3659142901221544,-0.1811548059873334,,,0.1025797093643752,,,,0.0179949549936413,,,,,0.020779044981257,,,0.3024013608331423,-0.4912519685729097,,,0.0134608252530767,,0.0930722521592523,,0.4654887199417044,,,-0.3608490098252292,-0.0105675653635373,,0.0165496707266765,,,0.0299297825304907,,
R8un,0.0160264712212717,0.0115714698884774,0.0070244027437319,0.0056208066755859,-0.0291127177618408,0.0099469248116181,0.0066416327940905,0.0052222150923189,-0.0210193901944047,0.0080934055484144,0.0072504811167375,0.0077528549440644,0.0067183654906158,-0.0220614823817786,0.0050939451387511,0.0173430694433893,-0.051725843713842,0.0396790975731872,0.0062904497929387,0.0222947202307019,-0.0010350669385452,0.0062197366823786,-0.0255977005312227,0.0074215887992415,-0.0752122607458749,0.0544331250122134,0.0106558239311437,0.0156243755741376,0.0005411285705433,0.0104635191466373,-0.0188075493949746,0.0128480987009587,0.0057013507029162,-0.024581264359075,,
