PTM_1,K4un,K4me1,R8un,R8me1,K9ac,K9me2,K9me3,K9un,K9me1,K14me1,K14me2,K14un,K14ac,K14me3,R17me1,R17me2,R17un,K18ac,K18un,K18me2,K18me1,K23me2,K23me1,K23un,K23ac,K23me3,R26un,R26me2,R26me1,K27me3,K27ac,K27me1,K27me2,K27un,K36me1,K36me3,K36un,K36me2
K4un,,,-0.0050211543979433,0.0017599579942157,-0.0070493086918426,0.0035118810859643,0.0022147333011234,0.020602140001641,-0.0254154928745407,0.0021899856622921,0.0015543720402899,0.0096969571317855,-0.0087577355582551,0.0012810144120765,0.001639184807878,0.0013929572520494,-0.0051299987236429,-0.0035528568900028,0.0069325671019726,0.0017008420182665,-0.0058373500652512,0.000507515027175,0.0019455760882125,0.0049699717793639,-0.0015580057865032,-0.0060586973867534,-0.0070454097252637,0.0024319480785006,0.002171690941634,0.0041989552653567,0.0017871644390991,0.0032761521065544,-0.0071706024477469,0.0003974039707452,0.0034509691255804,0.0029230570288961,0.0046936597340192,-0.0094998216334035
K4me1,,,0.0031679554544306,,0.209972511434883,,,-0.2584291918249068,0.4363838492029911,,,-0.1564417270877577,0.1630178615315755,,,,0.0033879395482256,0.1002567975853396,-0.0464277613086666,,0.1915653742214138,-0.0338869266460931,,-0.0384844386771723,0.052259782838079,0.1880883256234621,0.0176198241536848,,,,,,0.0846228711267108,-0.0171883091656973,,,,0.1072517694540805
R8un,,,,,0.0025642190307823,0.0074568180738165,0.0047025690518122,0.0356767210937324,-0.0476342813985664,0.0032746501080986,0.0033004162839661,-0.0073819134807629,0.0045612886022068,0.0027199928434275,-0.0525191351455291,0.0029576823812883,0.0827132214415178,0.0010831051923712,-0.0037048519239605,0.0036114176966882,0.0034723022372033,-0.0026619235033751,-0.0009543178310961,-0.005811045067461,0.0031673694033739,0.004953824484616,-0.0027018320079536,0.0051637837222975,-0.0044599859654309,0.008915690693229,0.0037947070997414,-0.0019214816637898,-0.009431776682104,0.0020898466749753,0.0073274829978318,0.0062065610851639,0.0099661024619713,-0.0197973829336572
R8me1,,,,,,,,-0.2077873289553478,0.4727666953866043,-0.1391837695630992,,0.0471326257285273,-0.0692091521736263,,0.4566516288057857,,-0.039214562371511,-0.0211111527633105,0.0129921525701479,,,0.0667663294456848,0.0267625352757492,0.0234007078921772,-0.0743399562339196,,0.0041246246581255,,0.0979662650707889,,,0.0395192940376461,0.0650157892697022,-0.0509977483143265,,,,0.1265148333382335
K9ac,,,,,,,,,,,,0.0322991523963197,-0.0704075781409849,0.2865149402614749,,,0.0027422794258519,,0.0377917256516956,,,0.481097127923334,,-0.0902405699305297,,0.0148442334158264,0.0142619077394943,,,0.0011424875495289,,0.2442445799610257,-0.123834939626584,-0.0950463555843669,-0.2208010053117925,,-0.1963068889903242,0.0788095419148576
K9me2,,,,,,,,,,-0.1706784157398404,-0.091626479823826,-0.0553944556003583,0.1053801946920422,,-0.2568550473880253,,0.0074076099185186,0.0437127734353714,-0.0270688023410789,0.0959514256253409,0.0931116895812724,-0.015825410543324,0.1002449165126979,0.0218897780340356,-0.1190222107804079,0.0364352362914612,0.0274124914304579,,-0.0335283039988667,0.3246301049585351,0.2549237689781806,0.2790880953364638,-0.5119462708467214,0.1211440197930345,-0.0451046642420897,0.4303888865697596,0.2844018001806658,-0.3937448126114476
K9me3,,,,,,,,,,,,-0.0962855550884476,0.1474756885806707,,,,0.0050291173275856,-0.2000020006673838,0.0525424772834409,,,,-0.0412127359127816,0.0717132890397873,-0.3099686679915534,,0.0261551783020204,,,,-0.0009089072840787,-0.2716665424564474,0.0547503144577927,0.1664060541312733,0.1451921073858978,,,0.0714357533695973
K9un,,,,,,,,,,-0.3804303478499606,0.048700218012882,0.1670037176350695,-0.0936674761268364,0.045996975744372,-0.0216424728291358,0.0564391653592359,-0.002084739939536,-0.0223813678411765,0.0401307113775317,0.0116197971675397,-0.2483700450851167,-0.0128043549125547,-0.1004475819319451,-0.0174544082710367,0.0350522335936463,0.0370258143655947,-0.0543154379421395,0.0985364910126475,0.0239489347246353,-0.0576583418511708,-0.0718604448322246,-0.087773271402003,0.140058113501044,-0.0522667127847321,0.0457167902126248,-0.1376825287870494,-0.0271141698891641,0.0564775071000096
K9me1,,,,,,,,,,0.6409539509417863,,-0.2511917817514764,0.0842505715162693,,0.2159219644749715,,-0.0093308089550126,0.0955663751627779,-0.0631510136589843,,0.3829750575011523,0.0484933931689951,0.2237115802073769,-0.0314139616890147,0.0679048013906232,-0.3030037165234105,0.0227934348278107,,-0.012470553324206,-0.2432646313216329,,-0.0267941757780768,0.1027373519575895,-0.0493676364236258,,-0.1837985493519964,-0.3082303174734347,0.1906154303154467
K14me1,,,,,,,,,,,,,,,0.2676559000656946,,-0.0130545821424465,-0.0499281951749887,0.0133927290666832,,0.1333079664408597,,-0.1566766738166324,0.0163611739521899,0.0427787861450706,,-0.0007271583618811,-0.3212332692034931,0.1521787545053555,-0.0904870255085035,,-0.0507536923622074,0.0265344794443562,0.0709874541736536,,-0.0883625937471077,-0.1554262485914601,0.1109492143018838
K14me2,,,,,,,,,,,,,,,0.3075347489339813,,-0.01813535536188,-0.0983133716034565,0.0205266817336005,0.1086496223557022,,,,0.0299872714790187,-0.0341204793998752,,-0.0028966233581246,,0.1461336881309729,-0.0023478203115043,0.0756038400376532,-0.015051991459216,-0.2633383918943237,0.3178943487702659,0.0770537326321344,0.3111773181183974,0.038184339541928,-0.2643117448823013
K14un,,,,,,,,,,,,,,,-0.0449384272018821,-0.0175713580564911,0.0059387537579708,-0.1991395903603583,0.1951012902795053,-0.4203031268504582,-0.2157764403440903,-0.2303001692903835,-0.276772082353311,0.0797292156876003,0.0879645154208329,-0.4459397882956702,0.0431444171948145,-0.1309945011849833,-0.0121171870978086,-0.0058837814936396,0.1115137303616552,0.0033257842920053,0.0200365048312015,-0.0669550455277473,0.1401469243607024,0.0838456715042099,-0.0250727963244209,-0.0893933469902947
K14ac,,,,,,,,,,,,,,,-0.0498521350721209,0.0462173078983199,0.0010997974313572,0.2744400246639891,-0.1701469654528011,0.2436899555108625,0.1719057481918623,0.2281244573724238,0.2459224428034676,-0.0805410985910196,-0.1613882054585972,0.3362160055443034,-0.0367255798006383,0.1851165310299737,-0.0238309611025289,0.0266190173669739,,0.0038888711544116,-0.0152688717641479,0.0421444381933827,-0.2328830430879873,-0.1823855803258914,0.0574413105382168,0.0919293688673941
K14me3,,,,,,,,,,,,,,,,,0.0029088702343496,,0.0400875362359449,,,,,-0.0660352623541753,0.1879454467930432,,0.0151283047662321,,,,,0.000599961150699,-0.0148265520367429,0.1665469882984054,0.0811349455806725,,-0.0735797507059554,0.020128840713546
R17me1,,,,,,,,,,,,,,,,,,0.0156051645839967,-0.0216752248971672,,0.2919944569296841,0.1077694350439527,,0.0338085473398192,-0.1238161709180779,,-0.0956841637082408,,0.4791447153551132,0.0507115082047885,,-0.0830622027167251,-0.2641380778814396,0.3323441614088579,-0.0613073742817109,0.0145306564719513,0.0585858987346278,-0.0173487602867101
R17me2,,,,,,,,,,,,,,,,,,0.009023336069742,0.0029591718394599,,,,,0.0260972836748462,-0.0273247755960593,,-0.0414013420124255,,0.3163928451414934,0.109432186138995,,,-0.0411431023662008,0.0743067115594008,,,0.0803040689963546,0.0175244336362278
R17un,,,,,,,,,,,,,,,,,,-0.0008624890141022,0.0043166329976292,0.0038621959859505,-0.0160585703514643,-0.0023808038363187,0.0044179271664009,-0.0094052478739928,0.0040878611825717,0.0052978200381341,0.056168277696246,0.0055223589292544,-0.0527748410422007,-0.0052567720057307,0.0040582130784592,0.0046550777569861,0.0198859498718563,-0.0242209624294564,0.0043339943681766,0.0015915021163145,-0.0050935729944249,0.0007862691824117
K18ac,,,,,,,,,,,,,,,,,,,,,,-0.0194637223480477,0.2651575226866474,-0.134816434942069,0.2952287489035165,-0.2753545125340049,-0.0262193501465271,0.1822339433545014,-0.0578760129836872,-0.0724041969675943,,0.1583029214702562,-0.0455721181195731,0.0846068707611779,-0.2301240751547835,-0.0963124177984631,0.0070007372121387,0.0796639494542409
K18un,,,,,,,,,,,,,,,,,,,,,,-0.2215847778075606,-0.25798319374866,0.1873714242231252,-0.1259120247634082,0.0602373653241967,0.0300290893098535,-0.0686130611969899,0.0153780233712035,0.0308837531648115,0.0559267862535964,-0.0900820927389854,0.0371376197814628,-0.0291341199070094,0.0712132514873311,0.0407659803282792,0.001037674355934,-0.06409263341514
K18me2,,,,,,,,,,,,,,,,,,,,,,0.6848276670435789,0.2948417317014126,-0.1912303691292576,,,0.0200863129789774,,,0.0374383392820556,,0.318767239055131,-0.1539588365465364,-0.2072118313648642,-0.0034241625692395,,0.0225301822064154,0.0187130426044046
K18me1,,,,,,,,,,,,,,,,,,,,,,0.5598486593212352,0.4537450692234829,-0.232663892648435,-0.1419101883609622,-0.0330603300364774,-0.0007667078633963,,0.1337804699919849,-0.207358164610802,,-0.1823450794551367,0.0667729962587795,0.0276807810723729,,,-0.1531981726523408,0.0997474387411176
K23me2,,,,,,,,,,,,,,,,,,,,,,,,,,,0.0068770854497727,-0.1462620089149348,0.0334797175701936,-0.2882788618367857,,0.3045445516528979,-0.0205950513067461,-0.3039886490210389,-0.0319581864037334,-0.2615837506697334,0.0107899062468115,0.0306467220382942
K23me1,,,,,,,,,,,,,,,,,,,,,,,,,,,0.0229765315135393,,,-0.0657616528875888,,0.311684128939803,-0.1453443670468464,0.0511829689718758,,-0.1232743038418008,-0.0864416802252828,0.089496177273328
K23un,,,,,,,,,,,,,,,,,,,,,,,,,,,-0.0244833016610135,0.0474391275612302,0.0028336998878227,0.0400691766555712,-0.0130513444859643,-0.1487479743506736,0.0291244445770387,0.0390962779630033,0.0148387108633943,0.0508590903999918,0.0105682014243797,-0.041402010048779
K23ac,,,,,,,,,,,,,,,,,,,,,,,,,,,0.0198791873255082,-0.0613777653332462,-0.1720557984058904,-0.2029911402122523,0.1165830228005536,0.2201190996624996,-0.0053268365259119,-0.0432635513052835,0.0664762500686647,-0.0689007532672618,-0.1597574269390218,0.0619029275197924
K23me3,,,,,,,,,,,,,,,,,,,,,,,,,,,-0.0127872103742088,,0.240236627742136,0.2055019684424799,,-0.2658314134374074,-0.0113604233560655,-0.239850199250527,,-0.2289442907842718,0.244115003665307,-0.0649076670786978
R26un,,,,,,,,,,,,,,,,,,,,,,,,,,,,,,0.0244400248465002,0.0211057487309904,-0.0225364823625658,0.1232082699286413,-0.1789437116559337,0.0200552260605842,0.027996573454819,0.0025115898716943,-0.0327006726496679
R26me2,,,,,,,,,,,,,,,,,,,,,,,,,,,,,,-0.3961622473015775,,,-0.3208508015378654,0.6436238508672859,,-0.2516394883849813,-0.1093431283018357,0.1221721540763746
R26me1,,,,,,,,,,,,,,,,,,,,,,,,,,,,,,0.0314358383335569,,0.314916102467639,-0.2504010075384715,0.1384665077237332,0.0405229523149281,-0.1950722953017068,0.0903408280126283,-0.032589355834421
K27me3,,,,,,,,,,,,,,,,,,,,,,,,,,,,,,,,,,,-0.071887449999679,,0.7668442569595878,-0.5660102095681633
K27ac,,,,,,,,,,,,,,,,,,,,,,,,,,,,,,,,,,,0.1933327736915464,,0.2438917485149856,-0.3760485845526822
K27me1,,,,,,,,,,,,,,,,,,,,,,,,,,,,,,,,,,,-0.0811021501040754,0.3938416370650581,-0.6014830963815067,0.0104881010000274
K27me2,,,,,,,,,,,,,,,,,,,,,,,,,,,,,,,,,,,0.0430355621071211,-0.3992870060443608,-0.3298527413826382,0.3599456579772511
K27un,,,,,,,,,,,,,,,,,,,,,,,,,,,,,,,,,,,-0.0366526485715746,0.4672998562254843,-0.4207910505374385,-0.040891325670679
K36me1,,,,,,,,,,,,,,,,,,,,,,,,,,,,,,,,,,,,,,
K36me3,,,,,,,,,,,,,,,,,,,,,,,,,,,,,,,,,,,,,,
K36un,,,,,,,,,,,,,,,,,,,,,,,,,,,,,,,,,,,,,,
K36me2,,,,,,,,,,,,,,,,,,,,,,,,,,,,,,,,,,,,,,
