PTM_1,K4un,K4me1,R8me1,R8un,K9un,K9me1,K9ac,K9me3,K9me2,K14me3,K14un,K14me2,K14me1,K14ac,R17me1,R17me2,R17un,K18me1,K18me2,K18un,K18ac,K23ac,K23me3,K23un,K23me1,K23me2,R26me2,R26un,R26me1,K27ac,K27me3,K27me1,K27me2,K27un,K36me1,K36un,K36me2,K36me3
K4un,,,0.0082394118005212,-0.0146932531304088,0.0093718025595451,-0.0404988567349342,0.0014816382861777,0.0087283382245403,0.0278018280994348,0.0012908254684718,0.0374786890458366,0.0044853866109682,0.0120953584881435,-0.0516701013111133,0.0083561607093604,0.0043615326151593,-0.0158845254908335,-0.0979506439639894,0.0002330853427464,0.2906150678589775,-0.0556182203228169,-0.0452457111391404,0.0010116768903601,0.0453049983977593,0.004911374311043,0.0011457113304669,0.0013286692851406,-0.0180749645211906,0.0114925014110953,0.0044264042004452,0.013332166613161,0.0100105071276578,-0.0221548922420471,0.0014235707487524,0.0091597806951443,0.0222932969749816,-0.0310005168645878,0.0075179196503867
K4me1,,,,0.0171360954569701,,0.3392582132898642,,,,,0.0064520930664728,,,0.336191223109426,,,0.0229345864153087,0.408931403672415,,,0.4120876602914805,0.3916082134016507,,-0.0270544238639863,,,,0.0351618712928632,,0.0616631956561985,0.0816008101130679,,0.1246861416790387,,,,0.2517532953513163,
R8me1,,,,,0.1841053717531766,0.296142405436984,,,,,-0.0324994841423383,,0.0706902392969747,0.1494510731790263,0.2901216716525024,,-0.1193193295051302,,,0.0207950666638633,,,,0.0119641636603452,,,,-0.05439773609363,0.1107102214650996,,,,0.3098664284229862,0.0131822890997077,,-0.1311609231697764,0.326222676705717,
R8un,,,,,-0.0667397251655296,-0.052898324740787,0.0067799174583567,0.0256933708839496,0.0847382613560678,0.0069825762067398,0.0332823003926615,0.0137783668313596,0.0170641509510207,-0.0598780118010387,-0.1192831171771992,0.0134465004532622,0.1789461573729449,0.0220885364815636,0.0004229630885284,-0.0290507798664924,0.0066125943029396,0.0135235981120144,0.0051177325431976,-0.0201016752985878,0.0122957906438422,0.0060158921157693,0.0067807435980748,0.0475495666637852,-0.0339342122815402,0.0238495108157727,0.0568072528527659,0.0342979561506679,-0.0861189550442522,0.0037399665092492,0.0301036703327503,0.060435209139843,-0.0879885506636663,0.0272908909763012
K9un,,,,,,,,,,0.2330448233724447,-0.186257788964693,0.430589375832358,-0.2825624475807641,0.4659346560156457,0.2613670089655688,0.4527534143492044,-0.161987984444149,0.1031246743189887,0.0952216827097027,-0.0366339516379185,0.2172755011373098,0.3240674793591011,0.0991261517511053,-0.0439446361803094,-0.0166750903069113,0.346420461757144,0.4090539488673093,-0.1328895051798665,0.1705442484453185,-0.0584793464901843,-0.0538425979892585,-0.0768884824018237,0.1674116083964857,0.0655452506118738,-0.082198935646802,0.137209315774208,-0.0440070313522036,-0.044195040706336
K9me1,,,,,,,,,,,-0.4417877414432679,,0.7625645995167945,0.0499821441915894,0.1471283752325395,,-0.0097547315584253,0.2005800607616535,,-0.0527287408069271,0.1102813919313812,0.0438020665177762,,0.0174873260386161,-0.0144212860238489,,,0.0508800581117179,-0.1699577937257606,-0.0669446468925265,-0.2228173239064142,,0.4696074996904392,-0.047469394472709,,-0.2568190841110689,0.5245110564568787,-0.0603262903824919
K9ac,,,,,,,,,,0.2969727306058773,-0.041617409158796,0.1033292371598267,0.0873553979134226,,,0.3039752314721921,-0.0097183786790956,0.3143879429740558,,-0.065699420056643,,,,-0.0035911311169791,0.0988607872847164,,,0.0153990939385792,,,0.0596564817945503,0.0197729654018789,0.1197019769130759,,,,0.2144989149758372,0.095864539634758
K9me3,,,,,,,,,,0.0113965774707112,0.0722407772386258,,,0.1397892069705425,,,0.0375685688718022,,,0.0223621899892234,-0.0066379338095413,0.0148454684420094,,0.0136914509598673,,,,0.0553110123523768,-0.0815532619370863,-0.0810483171718095,,-0.1089858155870306,0.36226117134919,0.0797791543288831,-0.2052563605029931,-0.1846293688017153,0.3464163775749839,
K9me2,,,,,,,,,,,0.5063475590404072,-0.0589656095515029,,-0.1288112003533793,-0.280413610185494,,0.1068786142352893,-0.1030129510091986,,0.0781431166822311,,-0.013585242290461,0.0456992434682698,0.0067443923691888,0.0777196229322379,,,-0.0026483005274379,0.0808309138355869,0.2279734842840358,0.3329674122130466,0.327128930278167,,-0.019529614110972,0.2839384850994563,0.2357169018391496,,0.2567889588318255
K14me3,,,,,,,,,,,,,,,,,0.0120677809149418,,,0.0072542410183863,,0.1043554261664475,,-0.0008526795343803,,,,0.0091604909469573,0.0039676544106595,,,,0.1751758813620496,,,0.1202882589738072,0.043820314308614,
K14un,,,,,,,,,,,,,,,-0.0387375266049933,0.0806138831713341,0.0084121886674465,-0.2316295401939836,-0.0258633864457409,0.0833877447781082,-0.00429886846409,0.0325915476875467,0.0337709820537761,-0.0177779911658342,0.0314072333327248,0.0120868748647879,-0.0569454656384025,0.0158022234019746,0.011566418330088,0.1532148880718686,0.1316356668144838,0.1934383194262625,-0.296108881094754,-0.0212046664711888,0.1703350011412076,0.1490435269715304,-0.3049071388643156,0.0991724710705816
K14me2,,,,,,,,,,,,,,,,,0.0193482343829768,,,0.0119981481512667,,0.1710340019206964,,-0.0248675335250267,0.1396264517676105,,,0.029116928959226,,,0.1388745145730194,0.1275155117919958,,0.11722375228523,0.0401776231167064,0.1269625247325319,,0.1366302041176521
K14me1,,,,,,,,,,,,,,,-0.0767393776572858,,0.0318160485010107,0.1690101194874466,,-0.0253200847131735,0.0846475074430548,,,0.0210274409226623,,,,0.0307045408331852,-0.1125529184171459,,-0.1544610087093012,,0.3643388536178059,-0.1106417659654955,,-0.164373862213105,0.3787788698037784,-0.0562285221606668
K14ac,,,,,,,,,,,,,,,0.1441044269220074,-0.0132661991164868,-0.0514213643249674,0.2990105778615751,0.0693530098765869,-0.0564795216740608,0.04194014939036,,0.0799055689509998,0.0027452337400538,0.0061663759429262,0.0843255513806152,0.29629512661738,-0.0805317327944785,0.0605612355207036,,-0.0197360400200863,-0.1717921592691889,0.2305282842554069,0.1505847570567075,-0.0766626267624837,-0.0637796754033353,0.2482224887854943,0.0693868721709598
R17me1,,,,,,,,,,,,,,,,,,0.1203071127319534,,-0.0125418608972935,,,,0.0123781943680935,,,,-0.04966605843229,0.0709035372447285,,-0.1180613569706445,-0.0269664456292217,0.1654151443287831,0.0135964726409797,-0.0411169018991944,-0.0897595722701384,0.0799057184012723,
R17me2,,,,,,,,,,,,,,,,,,0.1198865927404405,,0.0056883792480151,0.0215786314815286,,,0.0082212514045695,,,,0.0250163612465784,0.1410600529092771,,-0.1654224755680304,,0.2228884130223335,,,0.0606888829991145,0.0847896229587082,
R17un,,,,,,,,,,,,,,,,,,-0.0387829791575147,0.0017382186645183,0.0288019153443563,0.0067880899116615,0.0186970137538482,0.0089253554835953,-0.024996885322127,0.0175098044779781,0.0104382837808355,0.012028029233774,0.0415168948389242,-0.0332975565707811,0.0341046013494591,0.0627232752034391,0.0238326003327706,-0.0902456412593445,0.0050774122277096,0.0225691403223034,0.0210519614112759,-0.0529531545006858,0.0362274058825247
K18me1,,,,,,,,,,,,,,,,,,,,,,,,-0.0054894581497914,0.1480035365195608,,,0.044592660681718,,,0.0707005530896745,-0.0389929011495301,0.1301573492810269,0.1446932606754036,,-0.0298952024945876,0.1583858631086086,0.0133778039754649
K18me2,,,,,,,,,,,,,,,,,,,,,,,,0.001244361594383,,,,0.0038776172473234,,,-0.0130916682394747,0.0746560211951788,,,0.0541328220797821,-0.0186545765398441,,
K18un,,,,,,,,,,,,,,,,,,,,,,-0.0382827766320558,0.0053933442976014,0.0299374705392301,-0.007532237399785,0.0062890930819415,0.0072791637268924,-0.0401001732381064,0.0272602380057602,0.0182563228423782,0.0172481629602444,0.0262776045804016,-0.0426189651134539,-0.0151895987400741,0.0186082869086192,0.0217292917937443,-0.0452878915133997,0.0202075429955365
K18ac,,,,,,,,,,,,,,,,,,,,,,0.3064836788227718,,-0.0308269182233094,,,,0.0135793656813957,,0.0398235777440382,0.0003410529792395,,0.0320651496987166,,0.0219998224185752,,0.1537356893625333,
K23ac,,,,,,,,,,,,,,,,,,,,,,,,,,,,-0.0214958833562452,0.098181352866993,0.3272845160355815,-0.0177277280577757,0.0370555721491549,-0.0139411793913703,0.1917908079761153,0.1217770875760665,0.0425524421021156,0.0574046356070856,
K23me3,,,,,,,,,,,,,,,,,,,,,,,,,,,,0.0103531702472641,,,,,0.0413176046294055,0.3341163617648534,,0.1227588323109714,,
K23un,,,,,,,,,,,,,,,,,,,,,,,,,,,0.0059591341227143,-0.0145875811829072,0.0064038723198649,-0.0186984695690535,0.0087530965560914,-0.0313777077163276,0.0256474843736856,-0.0641339561988078,-0.0045082480650148,-0.0035022350442287,0.022144752047819,-0.0779650397737694
K23me1,,,,,,,,,,,,,,,,,,,,,,,,,,,,0.0286563128829406,,,-0.0262305773204233,0.3292106901501738,,0.1593421058307418,0.0444330365155102,-0.0406121730560173,-0.0670694349618325,0.4453571629409584
K23me2,,,,,,,,,,,,,,,,,,,,,,,,,,,,0.0121940753881765,,,0.0534081169217579,,0.0894367466014084,,,0.1453175517694141,,
R26me2,,,,,,,,,,,,,,,,,,,,,,,,,,,,,,,0.0492934872988755,,0.1110364266369681,0.1206191277566301,,0.1504163890650319,-0.099008724849429,
R26un,,,,,,,,,,,,,,,,,,,,,,,,,,,,,,0.0347009571213229,0.0445087958317816,-0.097946903351016,0.0021427062509065,-0.0082986269611592,-0.0817440298653148,-0.0051364930778556,0.0363076018903404,0.0487527016872331
R26me1,,,,,,,,,,,,,,,,,,,,,,,,,,,,,,-0.0696389361402048,-0.0998422959901544,0.3640981530986874,-0.1323066834810875,0.0415735218557369,0.3122954180457581,-0.0260336701238164,-0.2162049002453929,-0.0603677308193179
K27ac,,,,,,,,,,,,,,,,,,,,,,,,,,,,,,,,,,,0.7141672737422075,-0.3782034079455699,-0.1833934269003989,
K27me3,,,,,,,,,,,,,,,,,,,,,,,,,,,,,,,,,,,-0.2778102420633976,0.6694075192240153,-0.4306743799856754,-0.0325423363709112
K27me1,,,,,,,,,,,,,,,,,,,,,,,,,,,,,,,,,,,0.4298144486626023,-0.210061268745417,-0.3480024091032572,0.5955729776097838
K27me2,,,,,,,,,,,,,,,,,,,,,,,,,,,,,,,,,,,,-0.2696091911184878,0.7005694048662767,
K27un,,,,,,,,,,,,,,,,,,,,,,,,,,,,,,,,,,,,-0.0854356111031343,0.0606086373603302,0.2277267389814057
K36me1,,,,,,,,,,,,,,,,,,,,,,,,,,,,,,,,,,,,,,
K36un,,,,,,,,,,,,,,,,,,,,,,,,,,,,,,,,,,,,,,
K36me2,,,,,,,,,,,,,,,,,,,,,,,,,,,,,,,,,,,,,,
K36me3,,,,,,,,,,,,,,,,,,,,,,,,,,,,,,,,,,,,,,
