PTM_1,K4un,K4me1,R8me1,R8un,K9me3,K9un,K9me1,K9me2,K9ac,K14me2,K14un,K14me3,K14ac,K14me1,R17un,R17me2,R17me1,K18ac,K18un,K18me1,K18me2,K23me1,K23me3,K23me2,K23un,K23ac,R26un,R26me1,R26me2,K27me2,K27me3,K27me1,K27un,K27ac,K36me1,K36un,K36me3,K36me2
K4un,,,0.0019506510045686,-0.0025326291261777,0.0030555463679766,0.0183471615017764,-0.0270349078578875,0.0089549341212824,-0.0185590230572915,0.0029093341302201,0.0257751665447823,0.0019632700543986,-0.0252436003518209,0.0039674536107776,-0.0078018363247906,0.0024791048174622,0.002963101388715,-0.004317835594637,0.0050761419239614,0.0018127786953001,0.002466712509725,0.0015004877275347,-0.023040666920637,0.0009910641721266,0.0149919015471011,-0.0022304122554414,-0.0065189651921085,0.0033287176536276,0.0012791238044717,-0.0115809063395559,0.0058227724439767,0.0034925058492407,0.0040567973020257,0.0021852157709916,0.006341741580408,0.0075874189213443,0.0057568776746413,-0.0164513275445768
K4me1,,,0.0714720927596683,0.0026260829207139,,-0.3303738863835946,0.329609872117094,-0.1953639156976009,0.2813600426818011,,-0.313592902398299,,0.2950430545357943,-0.0129418246938031,0.0063643739755711,-0.0346686740846877,-0.0475607726258469,0.1294800294824011,-0.0457931169217111,0.0769815297276937,,0.0215030347706911,0.298709947276816,0.0020471164926555,-0.0974957792384213,0.0854668206000421,0.0127655104733888,-0.122967157795222,0.0396962865617681,0.0980313697593399,-0.1189094135079834,-0.0806513017667905,-0.1509588121752743,-0.0457021931773376,,-0.0936749464696663,,0.1359664848493638
R8me1,,,,,,-0.2122947805842174,0.3471203628743494,,0.0661064363947979,,0.0851089469965407,,-0.1530838682057533,-0.1119988978801377,-0.0471799852384251,,0.3718413601741586,-0.072591938827576,0.0221661672887444,-0.0495279565145464,,0.0388144634819913,,0.0088332540274161,0.033668372161172,-0.1728825780708261,0.0179023115045357,-0.0525603149931166,,0.1241595402744006,-0.2338319718769071,-0.0930727773019703,-0.113774939525314,,-0.0480560823215525,-0.0977879484407969,-0.0752112341203343,0.1357712141817561
R8un,,,,,0.0066773952926384,0.0253794170013831,-0.0486829058741963,0.0199549387741453,-0.0016437840369557,0.0064222958263262,-0.0233562021539614,0.0043186632392711,0.0124972631824467,0.0105365223176227,0.08683223821959,0.0064458696515254,-0.0704504053785069,0.0060974779928351,-0.0144205176186232,0.0077607445940071,0.0053456923855178,0.0020752505137715,0.0079079504405812,0.0066114336106984,-0.0185542921031879,0.0082788772363245,-0.0134601103068577,0.0052392711022012,0.0076459011218577,-0.0266526863417019,0.0169190366658239,0.0069353839713786,0.0062357300772455,0.0062456187148183,0.0058655631984864,0.0163722064012529,0.0120094177515195,-0.0277900698900813
K9me3,,,,,,,,,,,-0.0170255661601189,0.0830582904560583,0.0820086227683752,,0.0079090184243225,,,-0.1899649689049085,0.0316921313106487,,,-0.0787775509249615,,-0.0669439909172926,0.048050599037641,-0.1529534427016936,0.0179568683825111,-0.1152594939835267,,0.1473742209385696,,-0.0900461751497155,-0.0634462067891992,0.1305070897519875,-0.1422091849348074,-0.1320214478513532,,0.1604528220743624
K9un,,,,,,,,,,0.1291909660454432,0.1565695271481204,0.0703051713076579,-0.0163110458850408,-0.4759248552902309,0.0059595795870371,0.0033286512779155,-0.0451066243408861,0.0419975222094731,0.0064739352912345,-0.2431784386451675,0.1184493621890157,0.0114125074724511,0.0189272938388157,-0.0504712854505749,-0.0519421603518827,0.118038070655214,-0.0088073908227038,-0.0806640497256788,0.1709777193813498,0.166408581884004,-0.0368511504329318,-0.1192129138213653,-0.1283046097505679,-0.1552111695973984,0.1265867351946483,-0.1134973210546671,-0.2833263093038991,0.1183515492662997
K9me1,,,,,,,,,,,-0.3527918232036553,,0.0353257251478892,0.6941890053663592,-0.0100202888458374,,0.1880221186730885,0.0698869458042427,-0.0534800425305947,0.2569083675415666,,0.0247266150843817,-0.1003709728820346,8.173881475549184e-05,0.0093296205836614,-0.0270260805306904,0.0232186433558937,-0.0128403794927247,,0.1828547871874087,-0.1976682478043723,-0.2430950722698268,0.0115316720724844,-0.2437746034049858,,-0.1603023071077218,-0.1996901736071818,0.2472821389384095
K9me2,,,,,,,,,,-0.0923234700869614,0.103570164747584,,-0.0100522806592215,-0.3535357732480688,0.0188843807426393,,-0.2367668319402428,-0.1409363915329271,0.035941936180191,0.0094380522039561,-0.0685318643149436,-0.0793399786905664,0.0264132972070036,0.0274519792168161,0.039402229321889,-0.2205312307765795,-0.0184584931070168,0.1422030022127745,-0.2047778547972787,-0.5532235550494363,0.2436294249134626,0.3196165446749578,0.1910073988135831,0.2339911451724779,0.0482905102935522,0.3266339705444613,0.4374295833188233,-0.541366689643542
K9ac,,,,,,,,,,,0.0001185319628622,0.1691319111641427,-0.0491603444656606,0.0669040574511988,-0.1294809372324552,0.693709894955006,0.0821221687028336,-0.0458210789047837,-0.00889132900132,0.1616247871868691,,-0.0312478314680117,0.0620617337410285,0.1352315312798552,0.0024320321867377,-0.0738923597412247,0.0046626418575952,-0.0552454320411213,0.0441148184511624,0.1015618570298665,-0.0897093314621117,-0.103208930121546,-0.143107751988978,,-0.0990490934940027,-0.1855867646467632,,0.1217138868724633
K14me2,,,,,,,,,,,,,,,0.0070617069432631,,,0.0578126819433361,0.0031269735258798,0.0138724007834354,,0.0267190775735919,,,0.0048418127963629,0.0070263943479656,-0.0201111286041067,0.1413244107505579,,-0.0664526938218253,0.144842960799809,0.1102321919697221,0.0024196562020548,0.073259501747777,0.0629495459248141,0.1854825383563081,-0.0759488444934496,-0.065247460185459
K14un,,,,,,,,,,,,,,,-0.0158498623888098,0.0623078522697313,0.0431301911741584,-0.1549671432168108,0.1760833528785458,-0.3373388914763714,-0.2182447422844785,-0.1394022123031177,-0.388037113389489,-0.1595920727241419,0.0975028358004879,0.0433628443936597,-0.030977111170348,0.0603263956129999,0.0120261466493427,-0.0897940868092299,0.0396661446607778,0.1011244805477887,-0.0166565947305102,0.0907713337792561,0.1617312782098333,0.0289736954404874,0.0960870548494844,-0.1590811483357419
K14me3,,,,,,,,,,,,,,,0.0049808608008438,,,-0.0182062008178665,0.02359825093745,,,,,,-0.002025273875845,0.0776073568280946,0.0145094963523717,-0.0007542971781984,,0.0247649462069065,-0.0303557626557138,-0.0011925843836333,0.1189357444323832,,0.008485576768866,0.0522126721681387,,0.0104083449514858
K14ac,,,,,,,,,,,,,,,0.0102149453131933,-0.0530753497558987,-0.1342094718317802,0.2169289438724391,-0.1436542421713675,0.316669696999808,0.2641750045913909,0.2386128182599906,0.4122290811795188,0.2838548168889502,-0.1244760974135542,-0.1124135570798861,0.033580689048464,-0.2926562054907471,0.0726660760200322,0.0899365948988183,-0.0458578840394444,-0.115255554156683,-0.0231079577192852,-0.245708071259637,-0.2584854913418761,-0.0592729538405865,-0.1455835024969341,0.1616917545829335
K14me1,,,,,,,,,,,,,,,0.0034973499377237,0.0006361868509178,-0.0011035651326075,0.061041338281207,-0.0258879346396397,0.0758480061957704,,-0.094705130294985,-0.1712935317764601,,0.0391783200354888,-0.0043123600535332,0.0022426782585176,0.0710154543997418,,0.0934153937537398,-0.0894412979039582,-0.2534057922307445,0.0808077485529291,-0.0913647778709081,,-0.0485797075150029,-0.1563562338027065,0.1507131065073593
R17un,,,,,,,,,,,,,,,,,,-0.0051817368720744,0.0035495650202439,0.0035017800703736,0.0063420094634609,0.0025230650988127,0.0085312102616143,0.0078723958041067,-0.0204209945402679,0.0085101915902991,0.031022728993442,-0.0252875067696741,0.0086510906336532,-0.0011848000217213,0.0084411910819644,0.0082494715538936,-0.0201517655033418,0.0046821732764506,0.0033071005719967,0.0025525934236699,0.004270199068713,-0.0075498040875426
R17me2,,,,,,,,,,,,,,,,,,0.1364951401391772,-0.0278556065851917,-0.0752002232226456,,0.0267311726829158,,,0.0049286583672168,-0.009060716469473,0.007009281380246,-0.0154823331738265,,0.0987500245633203,-0.0927752278249783,-0.1947161187176604,0.0168726711323445,0.0237227591104347,-0.2047813307642957,-0.1482013307479031,,0.1053910043177548
R17me1,,,,,,,,,,,,,,,,,,-0.0600774881329949,0.0092767681224342,0.0061732423908722,,-0.0138948158326628,-0.0322416767612433,-0.1124192730366732,0.0415043024500678,-0.2305761493288938,-0.0594206810175973,0.2756830553181541,,-0.0783211308999464,-0.0309676490958152,-0.0697059594725597,0.2388325661744249,,0.0243237762122869,-0.0040897946553342,0.0123452395694186,-0.0367771076911087
K18ac,,,,,,,,,,,,,,,,,,,,,,0.1368992912994559,-0.1490349366805745,-0.1339317285246505,-0.1274031761055476,0.381933686262253,0.0118800322663032,-0.200599965787401,0.1190857747903819,0.0570942113757279,-0.1327249930955619,-0.0064872089212768,0.0396883893305045,-0.0879278179169322,-0.227920602206623,-0.1285726588419966,-0.1957592051640128,0.1509753001351587
K18un,,,,,,,,,,,,,,,,,,,,,,-0.2169011538203355,0.032875502472045,-0.1977870822785988,0.2167640107370143,-0.1210318086122267,-0.026840551930529,0.0420776624241761,-0.0167113282458257,-0.044066133621361,0.0506969331212446,0.0028381273141164,-0.011256503292675,0.0149411113210227,0.0624871162416557,0.0446373046973296,0.0454603967921129,-0.1034382740710051
K18me1,,,,,,,,,,,,,,,,,,,,,,0.3471947553022924,-0.0054010596794574,0.6189069604478135,-0.1739120004090625,-0.1985097347888354,0.0261052612472609,-0.1022259719184412,,0.0844698792561299,-0.2606236239620336,-0.1348412770835126,0.0643722424948333,0.0493562396381806,-0.1246217060632512,-0.1947453658596791,-0.1084066544387341,0.1399187300944729
K18me2,,,,,,,,,,,,,,,,,,,,,,0.5514983214340822,,0.3942594697207794,-0.241978456334112,-0.0468297184036635,0.013920140574868,-0.0092291593573507,,-0.0331201525180583,-0.01795102940487,0.1481584095652778,-0.1550652071565831,0.0645165292249696,-0.0395734314163946,0.0264546262012241,-0.0645954174603138,0.0448344538965888
K23me1,,,,,,,,,,,,,,,,,,,,,,,,,,,0.0106201907619618,-0.0801233560399462,0.0199673188733143,-0.070207906729455,-0.1649711901258153,0.247513526535775,-0.0068182160673759,0.0557461112142314,-0.0109863934174789,-0.1271740909446212,-0.0737419492828042,0.1009166427064744
K23me3,,,,,,,,,,,,,,,,,,,,,,,,,,,0.0276259963724338,-0.0861497995226209,,0.0236432964745371,0.1065967802404693,-0.2191304760633514,-0.1426268931025035,0.0051543263199739,-0.15484441244303,0.1505730128117048,-0.1146388049635282,0.0074975627657832
K23me2,,,,,,,,,,,,,,,,,,,,,,,,,,,0.0154276881690657,-0.1087513375058657,,0.0607734249779984,-0.067173715283288,0.0044499571233133,-0.1252483907117703,-0.015085699375519,-0.095628990712277,0.001022012867953,-0.1497302818259135,0.0607388598121329
K23un,,,,,,,,,,,,,,,,,,,,,,,,,,,-0.0445572657370352,0.0484371794134734,0.0238909985579306,-0.0409711733723233,0.0405324531585959,-0.0217384424406091,0.03606677687576,-0.0173642705344511,0.0158771310358323,0.0289909436551165,0.0657003330511853,-0.0718927003088742
K23ac,,,,,,,,,,,,,,,,,,,,,,,,,,,0.0246053790412534,-0.2143075574700851,-0.006226821360064,0.0757066923038834,-0.1551690654298113,0.0130424337157206,-0.0631755281131598,0.1283981261195766,0.058447365633823,-0.1910545561251836,-0.1960818150660148,0.0962528855615712
R26un,,,,,,,,,,,,,,,,,,,,,,,,,,,,,,0.1163327260451409,0.0434251279688057,-0.1215712325803023,-0.1152500627681747,0.0192494510149669,-0.0662374632663386,0.0035837454551677,0.0354010268692149,0.0229682731869568
R26me1,,,,,,,,,,,,,,,,,,,,,,,,,,,,,,-0.2979088473419267,-0.1701710507887702,0.4766327578749237,0.1599738526154071,0.0150358856765956,0.2955643558582048,-0.0292056071193378,-0.2090549744403625,-0.1016049585888951
R26me2,,,,,,,,,,,,,,,,,,,,,,,,,,,,,,-0.2040697614199779,-0.1601681667513165,-0.2182716324779197,0.5082172183180961,-0.0233440325362401,-0.2523728927722919,0.0034152503076978,-0.2317624285993952,0.08214824155697
K27me2,,,,,,,,,,,,,,,,,,,,,,,,,,,,,,,,,,,-0.1346511531441694,-0.4448903114280264,-0.5238151627384142,0.5856239672561306
K27me3,,,,,,,,,,,,,,,,,,,,,,,,,,,,,,,,,,,0.0945330622133957,0.7552270897627421,-0.0862084855206118,-0.5694430804320283
K27me1,,,,,,,,,,,,,,,,,,,,,,,,,,,,,,,,,,,0.1930568657878072,-0.4576843786187888,0.3689899291330968,-0.1355413223328837
K27un,,,,,,,,,,,,,,,,,,,,,,,,,,,,,,,,,,,-0.4357880755866685,-0.3940824348910649,0.5919993195241563,-0.093110714556144
K27ac,,,,,,,,,,,,,,,,,,,,,,,,,,,,,,,,,,,0.2610166427904817,0.0722739621368413,,-0.2318265862877283
K36me1,,,,,,,,,,,,,,,,,,,,,,,,,,,,,,,,,,,,,,
K36un,,,,,,,,,,,,,,,,,,,,,,,,,,,,,,,,,,,,,,
K36me3,,,,,,,,,,,,,,,,,,,,,,,,,,,,,,,,,,,,,,
K36me2,,,,,,,,,,,,,,,,,,,,,,,,,,,,,,,,,,,,,,
