delta_I_PTM_combos_merged,source_node,target_node,avg_delta_I
K14ac|K18ac,K14ac,K18ac,0.3046019214143176
K14ac|K18me1,K14ac,K18me1,0.5181481030018769
K14ac|K18me2,K14ac,K18me2,0.5904208835445003
K14ac|K18un,K14ac,K18un,-0.3875608327660369
K14ac|K23ac,K14ac,K23ac,-0.09196215804003913
K14ac|K23me1,K14ac,K23me1,0.3300313759008558
K14ac|K23me2,K14ac,K23me2,0.5384514424289704
K14ac|K23me3,K14ac,K23me3,0.7582726106223951
K14ac|K23un,K14ac,K23un,-0.2226935555253928
K14ac|K27ac,K14ac,K27ac,-0.1982476341708108
K14ac|K27me1,K14ac,K27me1,-0.029408460815869317
K14ac|K27me2,K14ac,K27me2,0.1436455335877179
K14ac|K27me3,K14ac,K27me3,-0.10200331385346564
K14ac|K27un,K14ac,K27un,-0.1340938969776468
K14ac|K36me1,K14ac,K36me1,-0.14136100054166278
K14ac|K36me2,K14ac,K36me2,0.21842720461277393
K14ac|K36me3,K14ac,K36me3,-0.20938788759814603
K14ac|K36un,K14ac,K36un,-0.162827306924051
K14ac|K4me1,K14ac,K4me1,0.6260265427816917
K14ac|K4un,K14ac,K4un,-0.6260265427811038
K14ac|K9ac,K14ac,K9ac,0.1499555264982233
K14ac|K9me1,K14ac,K9me1,0.06729601241258427
K14ac|K9me2,K14ac,K9me2,-0.14381146732892328
K14ac|K9me3,K14ac,K9me3,0.2467985283269664
K14ac|K9un,K14ac,K9un,-0.005397223075513401
K14ac|R17me1,K14ac,R17me1,-0.03897646679173397
K14ac|R17me2,K14ac,R17me2,0.029052900377214044
K14ac|R17un,K14ac,R17un,0.04293010185235503
K14ac|R26me1,K14ac,R26me1,-0.11219965549057585
K14ac|R26me2,K14ac,R26me2,-0.0837107822923665
K14ac|R26un,K14ac,R26un,0.111145126373075
K14ac|R8me1,K14ac,R8me1,-0.06611849781609687
K14ac|R8un,K14ac,R8un,0.06611849781622325
K14me1|K18ac,K14me1,K18ac,-0.0020764565651114003
K14me1|K18me1,K14me1,K18me1,0.04996751435122208
K14me1|K18un,K14me1,K18un,-0.005934367947030674
K14me1|K23ac,K14me1,K23ac,0.041711631035153074
K14me1|K23me1,K14me1,K23me1,-0.07075369182949613
K14me1|K23me2,K14me1,K23me2,-0.08569018609598156
K14me1|K23me3,K14me1,K23me3,-0.08632983076931924
K14me1|K23un,K14me1,K23un,0.0213149544024249
K14me1|K27ac,K14me1,K27ac,-0.0898434445548148
K14me1|K27me1,K14me1,K27me1,-0.10627948694609282
K14me1|K27me2,K14me1,K27me2,0.05997613411810662
K14me1|K27me3,K14me1,K27me3,-0.061803694525895445
K14me1|K27un,K14me1,K27un,0.07085396759147974
K14me1|K36me2,K14me1,K36me2,0.11692112942170475
K14me1|K36me3,K14me1,K36me3,-0.07277480867602758
K14me1|K36un,K14me1,K36un,-0.0646987231331374
K14me1|K4me1,K14me1,K4me1,-0.09240292705772234
K14me1|K4un,K14me1,K4un,0.10264894536675125
K14me1|K9ac,K14me1,K9ac,0.008551484623350848
K14me1|K9me1,K14me1,K9me1,0.4871933689284426
K14me1|K9me2,K14me1,K9me2,-0.11580775578724671
K14me1|K9un,K14me1,K9un,-0.3050915962906606
K14me1|R17me1,K14me1,R17me1,-0.001557049320047901
K14me1|R17me2,K14me1,R17me2,-0.1666261793132301
K14me1|R17un,K14me1,R17un,0.047804629347967864
K14me1|R26me1,K14me1,R26me1,0.06686226044456892
K14me1|R26un,K14me1,R26un,0.027773621614103374
K14me1|R8me1,K14me1,R8me1,-0.088015441257032
K14me1|R8un,K14me1,R8un,0.12411668857391095
K14me2|K18ac,K14me2,K18ac,0.010063106517999024
K14me2|K18un,K14me2,K18un,-0.006914416177050376
K14me2|K23ac,K14me2,K23ac,0.005772610480535349
K14me2|K23me1,K14me2,K23me1,0.03809725470832456
K14me2|K23un,K14me2,K23un,-0.006084037747864225
K14me2|K27ac,K14me2,K27ac,0.028035105913286403
K14me2|K27me1,K14me2,K27me1,0.0228576243698667
K14me2|K27me2,K14me2,K27me2,-0.006674078600691066
K14me2|K27me3,K14me2,K27me3,-0.0008111908580216666
K14me2|K27un,K14me2,K27un,-0.00202508934188325
K14me2|K36me1,K14me2,K36me1,0.0225447670999
K14me2|K36me2,K14me2,K36me2,-0.0073552440488386505
K14me2|K36me3,K14me2,K36me3,-3.8930625088400266e-05
K14me2|K36un,K14me2,K36un,0.00383491236864635
K14me2|K4un,K14me2,K4un,0.0053399423176752
K14me2|K9me2,K14me2,K9me2,0.0029656120233827
K14me2|K9un,K14me2,K9un,0.008450704317018248
K14me2|R17un,K14me2,R17un,0.0054022209558359496
K14me2|R26me1,K14me2,R26me1,0.04209002917670505
K14me2|R26un,K14me2,R26un,-0.011545496439420001
K14me2|R8un,K14me2,R8un,0.00534215689934095
K14me3|K18un,K14me3,K18un,0.0025286585449805247
K14me3|K23ac,K14me3,K23ac,0.00438219951868465
K14me3|K23un,K14me3,K23un,-0.0007921858057603044
K14me3|K27me1,K14me3,K27me1,0.0096247274567484
K14me3|K27me2,K14me3,K27me2,0.00040448536082125
K14me3|K27un,K14me3,K27un,0.0017304388936378997
K14me3|K36me1,K14me3,K36me1,0.0157105586636745
K14me3|K36me2,K14me3,K36me2,0.0012544583985820501
K14me3|K4un,K14me3,K4un,0.002117826806858475
K14me3|K9ac,K14me3,K9ac,0.0535263177357116
K14me3|K9me3,K14me3,K9me3,0.05520792454558622
K14me3|K9un,K14me3,K9un,-0.001141235923340575
K14me3|R17un,K14me3,R17un,0.002132387718990125
K14me3|R26me1,K14me3,R26me1,-0.0002063300656599
K14me3|R26un,K14me3,R26un,0.0016261097237371752
K14me3|R8un,K14me3,R8un,0.002112477092941475
K14un|K18ac,K14un,K18ac,-0.31017932093247647
K14un|K18me1,K14un,K18me1,-0.5605452761273386
K14un|K18me2,K14un,K18me2,-0.26638944054320823
K14un|K18un,K14un,K18un,0.39788095834521053
K14un|K23ac,K14un,K23ac,0.040095717005679446
K14un|K23me1,K14un,K23me1,-0.277635483897072
K14un|K23me2,K14un,K23me2,-0.41147503332166435
K14un|K23me3,K14un,K23me3,-0.6298472685451901
K14un|K23un,K14un,K23un,0.20933864101710534
K14un|K27ac,K14un,K27ac,0.31041760225050946
K14un|K27me1,K14un,K27me1,0.10866139672250488
K14un|K27me2,K14un,K27me2,-0.19661888772088068
K14un|K27me3,K14un,K27me3,0.1687769906617423
K14un|K27un,K14un,K27un,0.06661398698272525
K14un|K36me1,K14un,K36me1,0.2569886162429626
K14un|K36me2,K14un,K36me2,-0.329247548384185
K14un|K36me3,K14un,K36me3,0.28700077857256956
K14un|K36un,K14un,K36un,0.22614522401665457
K14un|K4me1,K14un,K4me1,-0.515919828290414
K14un|K4un,K14un,K4un,0.5159198282905093
K14un|K9ac,K14un,K9ac,-0.17936931551486862
K14un|K9me1,K14un,K9me1,-0.5449743914503933
K14un|K9me2,K14un,K9me2,0.2893823998927415
K14un|K9me3,K14un,K9me3,-0.17326051217405408
K14un|K9un,K14un,K9un,0.30317935097253035
K14un|R17me1,K14un,R17me1,0.0479709001350589
K14un|R17me2,K14un,R17me2,0.23494462092345383
K14un|R17un,K14un,R17un,-0.0982693398746592
K14un|R26me1,K14un,R26me1,0.02713943958027345
K14un|R26me2,K14un,R26me2,0.2186745724345951
K14un|R26un,K14un,R26un,-0.12899936127135875
K14un|R8me1,K14un,R8me1,0.19768982038230035
K14un|R8un,K14un,R8un,-0.1976898203817251
K18ac|K14ac,K18ac,K14ac,0.19911854429323117
K18ac|K14me1,K18ac,K14me1,0.0033238290136541754
K18ac|K14me2,K18ac,K14me2,0.2314252313068158
K18ac|K14un,K18ac,K14un,-0.15037710392042336
K18ac|K23ac,K18ac,K23ac,0.38220015939313545
K18ac|K23me1,K18ac,K23me1,0.29472339349114574
K18ac|K23me2,K18ac,K23me2,-0.07946974880201654
K18ac|K23me3,K18ac,K23me3,-0.11060223771630195
K18ac|K23un,K18ac,K23un,-0.2649338300823749
K18ac|K27ac,K18ac,K27ac,-0.08732973113309347
K18ac|K27me1,K18ac,K27me1,0.061362529997109144
K18ac|K27me2,K18ac,K27me2,0.07102499558243257
K18ac|K27me3,K18ac,K27me3,-0.08451971043663246
K18ac|K27un,K18ac,K27un,-0.06609249848957956
K18ac|K36me1,K18ac,K36me1,-0.08755198314909247
K18ac|K36me2,K18ac,K36me2,0.1352830936178589
K18ac|K36me3,K18ac,K36me3,-0.12781485465794973
K18ac|K36un,K18ac,K36un,-0.10099830270515565
K18ac|K4me1,K18ac,K4me1,0.24299128461912667
K18ac|K4un,K18ac,K4un,-0.24299128461885233
K18ac|K9ac,K18ac,K9ac,0.0003306371102336665
K18ac|K9me1,K18ac,K9me1,0.06144976857238395
K18ac|K9me2,K18ac,K9me2,-0.08701950940374517
K18ac|K9me3,K18ac,K9me3,0.006483420097169523
K18ac|K9un,K18ac,K9un,-0.001650773459949146
K18ac|R17me1,K18ac,R17me1,-0.0768866688509193
K18ac|R17me2,K18ac,R17me2,-0.08297120304794663
K18ac|R17un,K18ac,R17un,0.09157750132011955
K18ac|R26me1,K18ac,R26me1,-0.0838545835820589
K18ac|R26me2,K18ac,R26me2,-0.027894693179561447
K18ac|R26un,K18ac,R26un,0.0670792451363617
K18ac|R8me1,K18ac,R8me1,-0.042150298579627175
K18ac|R8un,K18ac,R8un,0.04215029857969194
K18me1|K14ac,K18me1,K14ac,0.102392373996646
K18me1|K14me1,K18me1,K14me1,0.011327465914834498
K18me1|K14un,K18me1,K14un,-0.08513199667929006
K18me1|K23ac,K18me1,K23ac,-0.0367007750086062
K18me1|K23me1,K18me1,K23me1,0.15918605715567824
K18me1|K23me2,K18me1,K23me2,0.5353627527091506
K18me1|K23me3,K18me1,K23me3,0.00680692143317125
K18me1|K23un,K18me1,K23un,-0.065214727961198
K18me1|K27me1,K18me1,K27me1,-0.012463697429920349
K18me1|K27me2,K18me1,K27me2,0.017767917859605277
K18me1|K27me3,K18me1,K27me3,-0.02732971712198675
K18me1|K27un,K18me1,K27un,0.0204711735203674
K18me1|K36me2,K18me1,K36me2,0.043609433856087676
K18me1|K36me3,K18me1,K36me3,0.0009570754040958
K18me1|K36un,K18me1,K36un,-0.0301911294754623
K18me1|K4me1,K18me1,K4me1,0.011984909750885649
K18me1|K4un,K18me1,K4un,-0.0119849097508488
K18me1|K9ac,K18me1,K9ac,0.13336596953261026
K18me1|K9me1,K18me1,K9me1,0.0741181736031301
K18me1|K9me2,K18me1,K9me2,-0.0070461606627239765
K18me1|K9un,K18me1,K9un,-0.06058665153947555
K18me1|R17me1,K18me1,R17me1,0.07849690578425779
K18me1|R17me2,K18me1,R17me2,-0.0169255753551652
K18me1|R17un,K18me1,R17un,-0.016759687379037748
K18me1|R26me1,K18me1,R26me1,-0.019257305192747667
K18me1|R26un,K18me1,R26un,0.0328796315857084
K18me1|R8un,K18me1,R8un,0.0367638448571716
K18me2|K14ac,K18me2,K14ac,0.009624141389555833
K18me2|K14un,K18me2,K14un,-0.00426637172656555
K18me2|K23ac,K18me2,K23ac,0.0005613073198509331
K18me2|K23me1,K18me2,K23me1,0.048134203016809235
K18me2|K23me2,K18me2,K23me2,0.0414501027187548
K18me2|K23un,K18me2,K23un,-0.005526457606346301
K18me2|K27me1,K18me2,K27me1,0.003467496884774933
K18me2|K27me2,K18me2,K27me2,0.0008421810325196249
K18me2|K27me3,K18me2,K27me3,0.0001675137299303548
K18me2|K27un,K18me2,K27un,-0.0011548326176685
K18me2|K36me1,K18me2,K36me1,0.004724053220195
K18me2|K36me2,K18me2,K36me2,0.0012743981228921
K18me2|K36me3,K18me2,K36me3,-0.000608410048605
K18me2|K36un,K18me2,K36un,0.0012826415461649333
K18me2|K4un,K18me2,K4un,0.002610215483867725
K18me2|K9me2,K18me2,K9me2,0.008666284408823052
K18me2|K9un,K18me2,K9un,0.002562463366242325
K18me2|R17un,K18me2,R17un,0.002629097890140275
K18me2|R26me1,K18me2,R26me1,0.0051915538615625
K18me2|R26un,K18me2,R26un,0.001681598946608575
K18me2|R8un,K18me2,R8un,0.002607470767202075
K18un|K14ac,K18un,K14ac,-0.3083747337386097
K18un|K14me1,K18un,K14me1,-0.01175638137563305
K18un|K14me2,K18un,K14me2,-0.19257265598382275
K18un|K14me3,K18un,K14me3,0.1695221708450706
K18un|K14un,K18un,K14un,0.23977547232631308
K18un|K23ac,K18un,K23ac,-0.34301475321999275
K18un|K23me1,K18un,K23me1,-0.48971463499405127
K18un|K23me2,K18un,K23me2,-0.4866887128369493
K18un|K23me3,K18un,K23me3,0.11386817921452781
K18un|K23un,K18un,K23un,0.33758251988524796
K18un|K27ac,K18un,K27ac,0.12644064340908606
K18un|K27me1,K18un,K27me1,-0.0507210133515416
K18un|K27me2,K18un,K27me2,-0.08963509447452661
K18un|K27me3,K18un,K27me3,0.11269178325788014
K18un|K27un,K18un,K27un,0.047897715692033375
K18un|K36me1,K18un,K36me1,0.12856180538277148
K18un|K36me2,K18un,K36me2,-0.18016692559680164
K18un|K36me3,K18un,K36me3,0.15921872400888346
K18un|K36un,K18un,K36un,0.1311731798471993
K18un|K4me1,K18un,K4me1,-0.2523659788861362
K18un|K4un,K18un,K4un,0.25236597888653167
K18un|K9ac,K18un,K9ac,-0.08986749233726209
K18un|K9me1,K18un,K9me1,-0.1322811860113401
K18un|K9me2,K18un,K9me2,0.09107224993767862
K18un|K9me3,K18un,K9me3,0.03260967976338987
K18un|K9un,K18un,K9un,0.05967496163321698
K18un|R17me1,K18un,R17me1,0.030278046877255327
K18un|R17me2,K18un,R17me2,0.12182858596624152
K18un|R17un,K18un,R17un,-0.07744691183072733
K18un|R26me1,K18un,R26me1,0.10999062720118112
K18un|R26me2,K18un,R26me2,0.06818723792021537
K18un|R26un,K18un,R26un,-0.10164047566854162
K18un|R8me1,K18un,R8me1,0.08152161420401444
K18un|R8un,K18un,R8un,-0.08152161420337055
K23ac|K14ac,K23ac,K14ac,-0.06505803281351938
K23ac|K14me1,K23ac,K14me1,0.06012961934925262
K23ac|K14me2,K23ac,K14me2,0.09759506939774759
K23ac|K14me3,K23ac,K14me3,0.3794179838097037
K23ac|K14un,K23ac,K14un,0.023845787765380023
K23ac|K18ac,K23ac,K18ac,0.39349420927273493
K23ac|K18me1,K23ac,K18me1,-0.12353754849183429
K23ac|K18me2,K23ac,K18me2,0.026337842307168208
K23ac|K18un,K23ac,K18un,-0.278489677471418
K23ac|K27ac,K23ac,K27ac,0.13989998852847618
K23ac|K27me1,K23ac,K27me1,0.06514285420211835
K23ac|K27me2,K23ac,K27me2,0.06707342042037914
K23ac|K27me3,K23ac,K27me3,-0.08950448690731043
K23ac|K27un,K23ac,K27un,-0.07307393598431162
K23ac|K36me1,K23ac,K36me1,0.07407284229585062
K23ac|K36me2,K23ac,K36me2,0.07272001868999847
K23ac|K36me3,K23ac,K36me3,-0.0954181862360402
K23ac|K36un,K23ac,K36un,-0.11678707256598438
K23ac|K4me1,K23ac,K4me1,0.17829940921824866
K23ac|K4un,K23ac,K4un,-0.17829940921800566
K23ac|K9ac,K23ac,K9ac,-0.02714001151725695
K23ac|K9me1,K23ac,K9me1,0.02392980851797485
K23ac|K9me2,K23ac,K9me2,-0.07166640279716233
K23ac|K9me3,K23ac,K9me3,-0.038724863362692624
K23ac|K9un,K23ac,K9un,0.028502631977668676
K23ac|R17me1,K23ac,R17me1,-0.14793123716851056
K23ac|R17me2,K23ac,R17me2,-0.008238420222239001
K23ac|R17un,K23ac,R17un,0.10413104165023679
K23ac|R26me1,K23ac,R26me1,-0.09751094078872513
K23ac|R26me2,K23ac,R26me2,-0.059020014880664155
K23ac|R26un,K23ac,R26un,0.08972613805008067
K23ac|R8me1,K23ac,R8me1,-0.08535862337413493
K23ac|R8un,K23ac,R8un,0.08535862337417435
K23me1|K14ac,K23me1,K14ac,0.03917814050724833
K23me1|K14me1,K23me1,K14me1,-0.015412360550606
K23me1|K14me2,K23me1,K14me2,0.18613126866811933
K23me1|K14un,K23me1,K14un,-0.025248960904565524
K23me1|K18ac,K23me1,K18ac,0.054464423705061826
K23me1|K18me1,K23me1,K18me1,0.0890676658084343
K23me1|K18me2,K23me1,K18me2,0.3376433818166416
K23me1|K18un,K23me1,K18un,-0.07412897505073718
K23me1|K27me1,K23me1,K27me1,0.1230676480159509
K23me1|K27me2,K23me1,K27me2,-0.025775341040923702
K23me1|K27me3,K23me1,K27me3,-0.014951608540345065
K23me1|K27un,K23me1,K27un,-0.006612325643813826
K23me1|K36me1,K23me1,K36me1,0.007141478544836134
K23me1|K36me2,K23me1,K36me2,0.017418699321007324
K23me1|K36me3,K23me1,K36me3,-0.0002063173220454009
K23me1|K36un,K23me1,K36un,-0.02034621331541695
K23me1|K4un,K23me1,K4un,0.02250949815824725
K23me1|K9ac,K23me1,K9ac,0.011351158512770401
K23me1|K9me1,K23me1,K9me1,0.006752736907881274
K23me1|K9me2,K23me1,K9me2,0.02455023424107735
K23me1|K9me3,K23me1,K9me3,0.03082067378876805
K23me1|K9un,K23me1,K9un,-0.01555692584625795
K23me1|R17me1,K23me1,R17me1,0.0787857549033066
K23me1|R17me2,K23me1,R17me2,0.0123215471419896
K23me1|R17un,K23me1,R17un,-0.04967031305893925
K23me1|R26me1,K23me1,R26me1,-0.0008167235874680001
K23me1|R26me2,K23me1,R26me2,0.01016427222188555
K23me1|R26un,K23me1,R26un,0.0037860097272164254
K23me1|R8me1,K23me1,R8me1,0.0151586429096062
K23me1|R8un,K23me1,R8un,0.013901567520258276
K23me2|K14ac,K23me2,K14ac,0.07292143595727768
K23me2|K14me1,K23me2,K14me1,-0.0299301555542604
K23me2|K14un,K23me2,K14un,-0.04656088677333067
K23me2|K18ac,K23me2,K18ac,-0.014655414199381425
K23me2|K18me1,K23me2,K18me1,0.3594346354102003
K23me2|K18me2,K23me2,K18me2,0.37559091560502783
K23me2|K18un,K23me2,K18un,-0.08964181112346893
K23me2|K27ac,K23me2,K27ac,-0.01948445096383615
K23me2|K27me1,K23me2,K27me1,0.0207213139909362
K23me2|K27me2,K23me2,K27me2,0.015530130421859025
K23me2|K27me3,K23me2,K27me3,-0.021442369843901497
K23me2|K27un,K23me2,K27un,-0.021198247924564432
K23me2|K36me1,K23me2,K36me1,-0.0010433109264469005
K23me2|K36me2,K23me2,K36me2,0.01712594926975585
K23me2|K36me3,K23me2,K36me3,-0.0118892329273993
K23me2|K36un,K23me2,K36un,-0.0101236829053173
K23me2|K4me1,K23me2,K4me1,-0.0037375081771345666
K23me2|K4un,K23me2,K4un,0.0105711264810349
K23me2|K9ac,K23me2,K9ac,0.0238036812016606
K23me2|K9me1,K23me2,K9me1,0.03540591207549053
K23me2|K9me2,K23me2,K9me2,-0.0032702443972407493
K23me2|K9me3,K23me2,K9me3,-0.0094765473070138
K23me2|K9un,K23me2,K9un,-0.027477150657982376
K23me2|R17me1,K23me2,R17me1,0.036310674202723374
K23me2|R17un,K23me2,R17un,-0.024283653423989925
K23me2|R26me1,K23me2,R26me1,-0.006869173436610426
K23me2|R26un,K23me2,R26un,0.0163591623105337
K23me2|R8me1,K23me2,R8me1,0.0380061035696998
K23me2|R8un,K23me2,R8un,-0.02532077425111335
K23me3|K14ac,K23me3,K14ac,0.17156085838528387
K23me3|K14me1,K23me3,K14me1,-0.05467063188823355
K23me3|K14un,K23me3,K14un,-0.1151067239739999
K23me3|K18ac,K23me3,K18ac,-0.047942175154347295
K23me3|K18me1,K23me3,K18me1,0.011050647611439625
K23me3|K18un,K23me3,K18un,0.029438029593845026
K23me3|K27ac,K23me3,K27ac,0.029560534083212704
K23me3|K27me1,K23me3,K27me1,-0.0517153374285361
K23me3|K27me2,K23me3,K27me2,0.02847043027055515
K23me3|K27me3,K23me3,K27me3,-0.00460569170728755
K23me3|K27un,K23me3,K27un,-0.019178457910199898
K23me3|K36me1,K23me3,K36me1,-0.0093083609080316
K23me3|K36me2,K23me3,K36me2,0.02620889223031052
K23me3|K36me3,K23me3,K36me3,-0.0551247196876445
K23me3|K36un,K23me3,K36un,-0.008616420131324777
K23me3|K4me1,K23me3,K4me1,0.2446835808798637
K23me3|K4un,K23me3,K4un,-0.24468358087964387
K23me3|K9ac,K23me3,K9ac,0.14998326202705153
K23me3|K9me1,K23me3,K9me1,-0.021713013692725675
K23me3|K9me2,K23me3,K9me2,-0.05509797740661425
K23me3|K9me3,K23me3,K9me3,-0.0549953874140043
K23me3|K9un,K23me3,K9un,0.029681014132442552
K23me3|R17me2,K23me3,R17me2,-0.0230532671230655
K23me3|R17un,K23me3,R17un,0.0428998827185133
K23me3|R26me1,K23me3,R26me1,-0.011098556600961734
K23me3|R26un,K23me3,R26un,0.03261859402589417
K23me3|R8un,K23me3,R8un,0.04472681211170597
K23un|K14ac,K23un,K14ac,-0.21860240203627535
K23un|K14me1,K23un,K14me1,0.02574083538336595
K23un|K14me2,K23un,K14me2,-0.16521529967685206
K23un|K14me3,K23un,K14me3,-0.09879410106627262
K23un|K14un,K23un,K14un,0.16307078388655005
K23un|K18ac,K23un,K18ac,-0.39311127789540457
K23un|K18me1,K23un,K18me1,-0.3280585681830332
K23un|K18me2,K23un,K18me2,-0.3656899552630053
K23un|K18un,K23un,K18un,0.4128224340518511
K23un|K27ac,K23un,K27ac,-0.08502793679090033
K23un|K27me1,K23un,K27me1,-0.1650599078089458
K23un|K27me2,K23un,K27me2,-0.0852986400718378
K23un|K27me3,K23un,K27me3,0.13404574824932636
K23un|K27un,K23un,K27un,0.1288067634307818
K23un|K36me1,K23un,K36me1,-0.0437589860282835
K23un|K36me2,K23un,K36me2,-0.1334735595110344
K23un|K36me3,K23un,K36me3,0.1775042840179451
K23un|K36un,K23un,K36un,0.15587338891805788
K23un|K4me1,K23un,K4me1,-0.3899023654588345
K23un|K4un,K23un,K4un,0.38990236545906154
K23un|K9ac,K23un,K9ac,-0.08995084697131482
K23un|K9me1,K23un,K9me1,-0.04437544380860525
K23un|K9me2,K23un,K9me2,0.09599946230300399
K23un|K9me3,K23un,K9me3,0.09856334700346076
K23un|K9un,K23un,K9un,-0.015149569605836605
K23un|R17me1,K23un,R17me1,0.06384215946666388
K23un|R17me2,K23un,R17me2,0.11402140915087794
K23un|R17un,K23un,R17un,-0.0730769578853291
K23un|R26me1,K23un,R26me1,0.11750491118998535
K23un|R26me2,K23un,R26me2,0.13817406789797784
K23un|R26un,K23un,R26un,-0.14248990411358906
K23un|R8me1,K23un,R8me1,0.11866622875494684
K23un|R8un,K23un,R8un,-0.11866622875432656
K27ac|K14ac,K27ac,K14ac,-0.0027571041411575
K27ac|K14me1,K27ac,K14me1,-0.008134467022591201
K27ac|K14me2,K27ac,K14me2,0.1306537517922368
K27ac|K14un,K27ac,K14un,0.013300752722585775
K27ac|K18ac,K27ac,K18ac,-0.009603854163637151
K27ac|K18un,K27ac,K18un,0.010718290114061025
K27ac|K23ac,K27ac,K23ac,0.012686032528570423
K27ac|K23me2,K27ac,K23me2,-0.0111869620576278
K27ac|K23me3,K27ac,K23me3,0.00019573207111059994
K27ac|K23un,K27ac,K23un,-0.0038159029319031748
K27ac|K36me1,K27ac,K36me1,0.0402283397933689
K27ac|K36me2,K27ac,K36me2,-0.0240222373410668
K27ac|K36un,K27ac,K36un,0.017804969835397526
K27ac|K4un,K27ac,K4un,0.010969619997364649
K27ac|K9me1,K27ac,K9me1,-0.013814729547273266
K27ac|K9me2,K27ac,K9me2,0.08685347142866462
K27ac|K9me3,K27ac,K9me3,0.04439525922783402
K27ac|K9un,K27ac,K9un,-0.015542287466073225
K27ac|R17un,K27ac,R17un,0.01104922947276105
K27ac|R26un,K27ac,R26un,0.011720109577254851
K27ac|R8un,K27ac,R8un,0.010983370048652
K27me1|K14ac,K27me1,K14ac,-0.029570668403772073
K27me1|K14me1,K27me1,K14me1,-0.08480918019514809
K27me1|K14me2,K27me1,K14me2,0.34860247507359465
K27me1|K14me3,K27me1,K14me3,0.2387796310835835
K27me1|K14un,K27me1,K14un,0.052409430063693155
K27me1|K18ac,K27me1,K18ac,0.029347662223704527
K27me1|K18me1,K27me1,K18me1,-0.036450530011408425
K27me1|K18me2,K27me1,K18me2,0.14930630679453158
K27me1|K18un,K27me1,K18un,-0.01393205280168735
K27me1|K23ac,K27me1,K23ac,0.017613440441912
K27me1|K23me1,K27me1,K23me1,0.45409369850379455
K27me1|K23me2,K27me1,K23me2,0.08358675056459255
K27me1|K23me3,K27me1,K23me3,-0.0561441137394098
K27me1|K23un,K27me1,K23un,-0.061457331005997706
K27me1|K36me1,K27me1,K36me1,0.15509126805929388
K27me1|K36me2,K27me1,K36me2,-0.1171143151259198
K27me1|K36me3,K27me1,K36me3,0.3242527302351017
K27me1|K36un,K27me1,K36un,-0.09121253476353341
K27me1|K4me1,K27me1,K4me1,-0.05971542083390305
K27me1|K4un,K27me1,K4un,0.059715420833929174
K27me1|K9ac,K27me1,K9ac,-0.022153801549505168
K27me1|K9me1,K27me1,K9me1,-0.07461414881350595
K27me1|K9me2,K27me1,K9me2,0.28981013617168594
K27me1|K9me3,K27me1,K9me3,-0.013323925122453301
K27me1|K9un,K27me1,K9un,-0.07926270185151375
K27me1|R17me1,K27me1,R17me1,0.0398360480122888
K27me1|R17me2,K27me1,R17me2,-0.1281828368072979
K27me1|R17un,K27me1,R17un,-0.002285254883823128
K27me1|R26me1,K27me1,R26me1,0.30962743700009787
K27me1|R26me2,K27me1,R26me2,-0.08990174472253824
K27me1|R26un,K27me1,R26un,-0.1518410648371448
K27me1|R8me1,K27me1,R8me1,-0.006046772672306449
K27me1|R8un,K27me1,R8un,0.06404719618794259
K27me2|K14ac,K27me2,K14ac,0.19264493788227882
K27me2|K14me1,K27me2,K14me1,0.12402785457450327
K27me2|K14me2,K27me2,K14me2,-0.23065799412251012
K27me2|K14me3,K27me2,K14me3,0.11486623491992268
K27me2|K14un,K27me2,K14un,-0.20021409263379716
K27me2|K18ac,K27me2,K18ac,0.14293929739025868
K27me2|K18me1,K27me2,K18me1,0.11502811616721757
K27me2|K18me2,K27me2,K18me2,-0.009928230906919716
K27me2|K18un,K27me2,K18un,-0.14780153356019451
K27me2|K23ac,K27me2,K23ac,0.1395285931310562
K27me2|K23me1,K27me2,K23me1,-0.30398554848641024
K27me2|K23me2,K27me2,K23me2,0.14632184627070555
K27me2|K23me3,K27me2,K23me3,0.18788707494266652
K27me2|K23un,K27me2,K23un,-0.1169898403972431
K27me2|K36me1,K27me2,K36me1,-0.19540920428442585
K27me2|K36me2,K27me2,K36me2,0.621967265835381
K27me2|K36me3,K27me2,K36me3,-0.5792901754199444
K27me2|K36un,K27me2,K36un,-0.6019848926595479
K27me2|K4me1,K27me2,K4me1,0.2711995304328336
K27me2|K4un,K27me2,K4un,-0.2711995304322197
K27me2|K9ac,K27me2,K9ac,0.17412392669953164
K27me2|K9me1,K27me2,K9me1,0.23534385346729364
K27me2|K9me2,K27me2,K9me2,-0.640997981081086
K27me2|K9me3,K27me2,K9me3,0.24253333627298457
K27me2|K9un,K27me2,K9un,0.07741063690461532
K27me2|R17me1,K27me2,R17me1,-0.2143048804978856
K27me2|R17me2,K27me2,R17me2,0.20204009902911158
K27me2|R17un,K27me2,R17un,0.07878438801861978
K27me2|R26me1,K27me2,R26me1,-0.40963852357630565
K27me2|R26me2,K27me2,R26me2,-0.4006688837524411
K27me2|R26un,K27me2,R26un,0.4480899059389643
K27me2|R8me1,K27me2,R8me1,0.3060566845507014
K27me2|R8un,K27me2,R8un,-0.3060566845500707
K27me3|K14ac,K27me3,K14ac,-0.08671743054953275
K27me3|K14me1,K27me3,K14me1,-0.0865642394496399
K27me3|K14me2,K27me3,K14me2,0.018096952149723098
K27me3|K14un,K27me3,K14un,0.10996223253189474
K27me3|K18ac,K27me3,K18ac,-0.11537214140852248
K27me3|K18me1,K27me3,K18me1,-0.11726644664564431
K27me3|K18me2,K27me3,K18me2,0.04220264735767874
K27me3|K18un,K27me3,K18un,0.12331448615067311
K27me3|K23ac,K27me3,K23ac,-0.11726569620357045
K27me3|K23me1,K27me3,K23me1,-0.0997601899885746
K27me3|K23me2,K27me3,K23me2,-0.14710200607581117
K27me3|K23me3,K27me3,K23me3,-0.030871236043622453
K27me3|K23un,K27me3,K23un,0.12030703526978613
K27me3|K36me1,K27me3,K36me1,0.08093043991421847
K27me3|K36me2,K27me3,K36me2,-0.4287350621912637
K27me3|K36me3,K27me3,K36me3,-0.17858891236699473
K27me3|K36un,K27me3,K36un,0.7728076857007865
K27me3|K4me1,K27me3,K4me1,-0.13589186941709805
K27me3|K4un,K27me3,K4un,0.135891869417133
K27me3|K9ac,K27me3,K9ac,-0.04654952496537495
K27me3|K9me1,K27me3,K9me1,-0.1399082308255363
K27me3|K9me2,K27me3,K9me2,0.08560511865000255
K27me3|K9un,K27me3,K9un,0.07467898809555878
K27me3|R17me1,K27me3,R17me1,-0.06749994955087577
K27me3|R17me2,K27me3,R17me2,-0.0182971165745929
K27me3|R17un,K27me3,R17un,0.093248678862829
K27me3|R26me1,K27me3,R26me1,-0.0438206406782657
K27me3|R26me2,K27me3,R26me2,-0.16596820764019005
K27me3|R26un,K27me3,R26un,0.11532429778159548
K27me3|R8me1,K27me3,R8me1,-0.1281924205423057
K27me3|R8un,K27me3,R8un,0.1728460193365981
K27un|K14ac,K27un,K14ac,-0.062446147441733546
K27un|K14me1,K27un,K14me1,0.054205115229454676
K27un|K14me2,K27un,K14me2,-0.00780972840344505
K27un|K14me3,K27un,K14me3,0.1219130122471953
K27un|K14un,K27un,K14un,0.024541677315656298
K27un|K18ac,K27un,K18ac,-0.04731096404179105
K27un|K18me1,K27un,K18me1,0.0499171070547767
K27un|K18me2,K27un,K18me2,-0.038647882038124304
K27un|K18un,K27un,K18un,0.027700810097218625
K27un|K23ac,K27un,K23ac,-0.052562369897956
K27un|K23me1,K27un,K23me1,-0.022641854382341474
K27un|K23me2,K27un,K23me2,-0.06395391802618279
K27un|K23me3,K27un,K23me3,-0.038284300957136766
K27un|K23un,K27un,K23un,0.06195603906541555
K27un|K36me1,K27un,K36me1,-0.08084084348244343
K27un|K36me2,K27un,K36me2,-0.052095651177093756
K27un|K36me3,K27un,K36me3,0.45559777188100087
K27un|K36un,K27un,K36un,-0.08819773103169226
K27un|K4me1,K27un,K4me1,-0.0296691921354566
K27un|K4un,K27un,K4un,0.06462262018448581
K27un|K9ac,K27un,K9ac,-0.03164124287397985
K27un|K9me1,K27un,K9me1,-0.009620349180467325
K27un|K9me2,K27un,K9me2,0.17872925483074462
K27un|K9me3,K27un,K9me3,-0.027497645533081025
K27un|K9un,K27un,K9un,-0.057284635682553674
K27un|R17me1,K27un,R17me1,0.25294940792225656
K27un|R17me2,K27un,R17me2,0.05427244562194347
K27un|R17un,K27un,R17un,-0.18079704146989425
K27un|R26me1,K27un,R26me1,0.15507329752540672
K27un|R26me2,K27un,R26me2,0.6794978933873945
K27un|R26un,K27un,R26un,-0.42329324846053634
K27un|R8me1,K27un,R8me1,-0.05818009897754185
K27un|R8un,K27un,R8un,0.05818009897756773
K36me1|K14ac,K36me1,K14ac,-0.06647999724146192
K36me1|K14me2,K36me1,K14me2,0.2394030300619777
K36me1|K14me3,K36me1,K14me3,0.3166415193180981
K36me1|K14un,K36me1,K14un,0.0919618133289124
K36me1|K18ac,K36me1,K18ac,-0.062417821172013443
K36me1|K18me2,K36me1,K18me2,0.3387100241341992
K36me1|K18un,K36me1,K18un,0.07481904071668495
K36me1|K23ac,K36me1,K23ac,0.04709884759736083
K36me1|K23me1,K36me1,K23me1,0.0128800903813317
K36me1|K23me2,K36me1,K23me2,0.026364315199927574
K36me1|K23me3,K36me1,K23me3,-0.03009290683935123
K36me1|K23un,K36me1,K23un,-0.019117941512521074
K36me1|K27ac,K36me1,K27ac,0.3969706127939936
K36me1|K27me1,K36me1,K27me1,0.1169858647729075
K36me1|K27me2,K36me1,K27me2,-0.06659538718301257
K36me1|K27me3,K36me1,K27me3,0.044427159415790674
K36me1|K27un,K36me1,K27un,-0.08061713659313695
K36me1|K4un,K36me1,K4un,0.09224352458928292
K36me1|K9ac,K36me1,K9ac,-0.0669822764033302
K36me1|K9me2,K36me1,K9me2,0.10513777837751126
K36me1|K9me3,K36me1,K9me3,-0.0291939370814627
K36me1|K9un,K36me1,K9un,0.05223911844635898
K36me1|R17me1,K36me1,R17me1,0.0071953253641868255
K36me1|R17un,K36me1,R17un,0.024210456049478326
K36me1|R26me1,K36me1,R26me1,0.18149488714852002
K36me1|R26me2,K36me1,R26me2,-0.08430017284766426
K36me1|R26un,K36me1,R26un,-0.08201369201563866
K36me1|R8me1,K36me1,R8me1,-0.045230595010743335
K36me1|R8un,K36me1,R8un,0.05580813320061234
K36me2|K14ac,K36me2,K14ac,0.268845255357599
K36me2|K14me1,K36me2,K14me1,0.23204682879594765
K36me2|K14me2,K36me2,K14me2,-0.3217611421248031
K36me2|K14me3,K36me2,K14me3,0.21906568418154132
K36me2|K14un,K36me2,K14un,-0.31053453460955144
K36me2|K18ac,K36me2,K18ac,0.2573460983439669
K36me2|K18me1,K36me2,K18me1,0.2701281861581403
K36me2|K18me2,K36me2,K18me2,0.008410648482735124
K36me2|K18un,K36me2,K18un,-0.27716058999167753
K36me2|K23ac,K36me2,K23ac,0.14544167386674317
K36me2|K23me1,K36me2,K23me1,0.18191797744030777
K36me2|K23me2,K36me2,K23me2,0.1347872996625734
K36me2|K23me3,K36me2,K23me3,0.16220714772969877
K36me2|K23un,K36me2,K23un,-0.1741169669035834
K36me2|K27ac,K36me2,K27ac,-0.4299576004618752
K36me2|K27me1,K36me2,K27me1,-0.2504735939096435
K36me2|K27me2,K36me2,K27me2,0.5734658006236324
K36me2|K27me3,K36me2,K27me3,-0.6087569260090824
K36me2|K27un,K36me2,K27un,-0.13391258095682998
K36me2|K4me1,K36me2,K4me1,0.312360733765146
K36me2|K4un,K36me2,K4un,-0.3123607337644539
K36me2|K9ac,K36me2,K9ac,0.30186294617511444
K36me2|K9me1,K36me2,K9me1,0.30597821307658984
K36me2|K9me2,K36me2,K9me2,-0.6950738346110245
K36me2|K9me3,K36me2,K9me3,0.2903854509001045
K36me2|K9un,K36me2,K9un,0.03533840813606899
K36me2|R17me1,K36me2,R17me1,0.05295716969202838
K36me2|R17me2,K36me2,R17me2,0.2528385710607437
K36me2|R17un,K36me2,R17un,-0.11178692765127463
K36me2|R26me1,K36me2,R26me1,-0.15668481581448868
K36me2|R26me2,K36me2,R26me2,0.043774528800101756
K36me2|R26un,K36me2,R26un,0.07092336267277335
K36me2|R8me1,K36me2,R8me1,0.28714391287789853
K36me2|R8un,K36me2,R8un,-0.28714391287721763
K36me3|K14ac,K36me3,K14ac,-0.08454943778298392
K36me3|K14me1,K36me3,K14me1,-0.05202319238865692
K36me3|K14me2,K36me3,K14me2,0.024080575113720804
K36me3|K14un,K36me3,K14un,0.09258239422877776
K36me3|K18ac,K36me3,K18ac,-0.08019930996947418
K36me3|K18me1,K36me3,K18me1,0.001120261073752
K36me3|K18me2,K36me3,K18me2,-0.0522562824910193
K36me3|K18un,K36me3,K18un,0.08223698463098872
K36me3|K23ac,K36me3,K23ac,-0.06486713709468772
K36me3|K23me1,K36me3,K23me1,-0.012349723142349101
K36me3|K23me2,K36me3,K23me2,-0.0963896321093694
K36me3|K23me3,K36me3,K23me3,-0.0514468578242032
K36me3|K23un,K36me3,K23un,0.07649136805077918
K36me3|K27me1,K36me3,K27me1,0.27516586360851925
K36me3|K27me2,K36me3,K27me2,-0.1769068316580467
K36me3|K27me3,K36me3,K27me3,-0.09674963655952373
K36me3|K27un,K36me3,K27un,0.3675124413610738
K36me3|K4un,K36me3,K4un,0.07825144851663296
K36me3|K9me1,K36me3,K9me1,-0.07033987535624922
K36me3|K9me2,K36me3,K9me2,0.4171404696756629
K36me3|K9un,K36me3,K9un,-0.12148223030695834
K36me3|R17me1,K36me3,R17me1,-0.00029041888833089904
K36me3|R17me2,K36me3,R17me2,-0.1071481275632371
K36me3|R17un,K36me3,R17un,0.036429596933319
K36me3|R26me1,K36me3,R26me1,-0.07042795768360087
K36me3|R26me2,K36me3,R26me2,-0.0566425655775297
K36me3|R26un,K36me3,R26un,0.06909048571360323
K36me3|R8me1,K36me3,R8me1,-0.107484443675806
K36me3|R8un,K36me3,R8un,0.07645264860456392
K36un|K14ac,K36un,K14ac,-0.11781582033313844
K36un|K14me1,K36un,K14me1,-0.07681416164921308
K36un|K14me2,K36un,K14me2,0.18816129836701415
K36un|K14un,K36un,K14un,0.12599032705189417
K36un|K18ac,K36un,K18ac,-0.11472896720246607
K36un|K18me1,K36un,K18me1,-0.10875983016451474
K36un|K18me2,K36un,K18me2,0.09833978946909443
K36un|K18un,K36un,K18un,0.1201045646440754
K36un|K23ac,K36un,K23ac,-0.12767338436940323
K36un|K23me1,K36un,K23me1,-0.12367707841722045
K36un|K23me2,K36un,K23me2,-0.05692237170393617
K36un|K23me3,K36un,K23me3,-0.03778132319475627
K36un|K23un,K36un,K23un,0.11674354036538259
K36un|K27ac,K36un,K27ac,0.11029799963312324
K36un|K27me1,K36un,K27me1,-0.14167813447177077
K36un|K27me2,K36un,K27me2,-0.32996358178254215
K36un|K27me3,K36un,K27me3,0.6510721380870798
K36un|K27un,K36un,K27un,-0.14919775587791775
K36un|K4me1,K36un,K4me1,-0.14411281129622655
K36un|K4un,K36un,K4un,0.14186576065923462
K36un|K9ac,K36un,K9ac,-0.13508737525671094
K36un|K9me1,K36un,K9me1,-0.11835049667873354
K36un|K9me2,K36un,K9me2,0.17279558655786192
K36un|K9un,K36un,K9un,0.0339047037245638
K36un|R17me1,K36un,R17me1,-0.03662465405685007
K36un|R17me2,K36un,R17me2,-0.06414260126342176
K36un|R17un,K36un,R17un,0.05114687466896615
K36un|R26me1,K36un,R26me1,0.0395495792205089
K36un|R26me2,K36un,R26me2,0.10955478050306203
K36un|R26un,K36un,R26un,-0.058000156370603254
K36un|R8un,K36un,R8un,0.15488313107274249
K4me1|K14ac,K4me1,K14ac,0.06814885293228524
K4me1|K14me1,K4me1,K14me1,-0.015056610987581065
K4me1|K14un,K4me1,K14un,-0.040704984562298624
K4me1|K18ac,K4me1,K18ac,0.0364893682509031
K4me1|K18me1,K4me1,K18me1,0.006161103155477625
K4me1|K18un,K4me1,K18un,-0.02996200088988295
K4me1|K23ac,K4me1,K23ac,0.0238681213524956
K4me1|K23me2,K4me1,K23me2,-0.0055622007092819324
K4me1|K23me3,K4me1,K23me3,0.0966215334183283
K4me1|K23un,K4me1,K23un,-0.03448397583857552
K4me1|K27me1,K4me1,K27me1,-0.013333188173529624
K4me1|K27me2,K4me1,K27me2,0.02188008062519405
K4me1|K27me3,K4me1,K27me3,-0.01491831000046115
K4me1|K27un,K4me1,K27un,-0.00547243298742895
K4me1|K36me2,K4me1,K36me2,0.027046020827983876
K4me1|K36un,K4me1,K36un,-0.018356664550648633
K4me1|K9ac,K4me1,K9ac,0.10628347222221357
K4me1|K9me1,K4me1,K9me1,0.05884073053078888
K4me1|K9me2,K4me1,K9me2,-0.010716276649675002
K4me1|K9un,K4me1,K9un,-0.0386111004511547
K4me1|R17me1,K4me1,R17me1,-0.0099578568107374
K4me1|R17un,K4me1,R17un,0.0187826645402847
K4me1|R26me1,K4me1,R26me1,0.006715277285725499
K4me1|R26un,K4me1,R26un,0.01641980876517795
K4me1|R8me1,K4me1,R8me1,-0.0073023730095034
K4me1|R8un,K4me1,R8un,0.017561668495415152
K4un|K14ac,K4un,K14ac,-0.06814885293227008
K4un|K14me1,K4un,K14me1,0.018180445375312927
K4un|K14me2,K4un,K14me2,0.019003787643621477
K4un|K14me3,K4un,K14me3,0.018933449078367824
K4un|K14un,K4un,K14un,0.040704984562331625
K4un|K18ac,K4un,K18ac,-0.03648936825089015
K4un|K18me1,K4un,K18me1,-0.0061611031554653015
K4un|K18me2,K4un,K18me2,0.01893948609128135
K4un|K18un,K4un,K18un,0.02996200088995465
K4un|K23ac,K4un,K23ac,-0.023868121352481973
K4un|K23me1,K4un,K23me1,0.0193448997931044
K4un|K23me2,K4un,K23me2,0.007505450752084475
K4un|K23me3,K4un,K23me3,-0.0966215334183173
K4un|K23un,K4un,K23un,0.03448397583863092
K4un|K27ac,K4un,K27ac,0.01906329787165885
K4un|K27me1,K4un,K27me1,0.013333188173542225
K4un|K27me2,K4un,K27me2,-0.021880080625163223
K4un|K27me3,K4un,K27me3,0.014918310000475525
K4un|K27un,K4un,K27un,0.016213886190422952
K4un|K36me1,K4un,K36me1,0.020759966700025227
K4un|K36me2,K4un,K36me2,-0.027046020827946653
K4un|K36me3,K4un,K36me3,0.02064181419867185
K4un|K36un,K4un,K36un,0.0208827945473816
K4un|K9ac,K4un,K9ac,-0.10628347222220572
K4un|K9me1,K4un,K9me1,-0.058840730530773926
K4un|K9me2,K4un,K9me2,0.020176718231986225
K4un|K9me3,K4un,K9me3,0.01909236329414365
K4un|K9un,K4un,K9un,0.03861110045118887
K4un|R17me1,K4un,R17me1,0.0184417246161052
K4un|R17me2,K4un,R17me2,0.0191347278231916
K4un|R17un,K4un,R17un,-0.01878266453979405
K4un|R26me1,K4un,R26me1,0.00988483095399565
K4un|R26me2,K4un,R26me2,0.019697654713924425
K4un|R26un,K4un,R26un,-0.016419808765041673
K4un|R8me1,K4un,R8me1,0.017561668495425727
K4un|R8un,K4un,R8un,-0.017561668494723872
K9ac|K14ac,K9ac,K14ac,0.009535579239368175
K9ac|K14me1,K9ac,K14me1,0.0007892356607556248
K9ac|K14me3,K9ac,K14me3,0.3005005413838554
K9ac|K14un,K9ac,K14un,-0.00958966659347105
K9ac|K18ac,K9ac,K18ac,-0.0003391571643547667
K9ac|K18me1,K9ac,K18me1,0.06589919540258067
K9ac|K18un,K9ac,K18un,-0.0085467737323582
K9ac|K23ac,K9ac,K23ac,-0.0020812096473826498
K9ac|K23me1,K9ac,K23me1,0.0076654289403517
K9ac|K23me2,K9ac,K23me2,0.020632615038310865
K9ac|K23me3,K9ac,K23me3,0.026812858786269822
K9ac|K23un,K9ac,K23un,-0.0019282338957155747
K9ac|K27me1,K9ac,K27me1,-0.004666778966476533
K9ac|K27me2,K9ac,K27me2,0.01033961190052415
K9ac|K27me3,K9ac,K27me3,-0.002565999407724325
K9ac|K27un,K9ac,K27un,-0.00400396569280515
K9ac|K36me1,K9ac,K36me1,-0.0079750806429775
K9ac|K36me2,K9ac,K36me2,0.019898285901703124
K9ac|K36un,K9ac,K36un,-0.01051238020848495
K9ac|K4me1,K9ac,K4me1,0.08446341072707803
K9ac|K4un,K9ac,K4un,-0.08446341072699678
K9ac|R17me1,K9ac,R17me1,0.02293462666303935
K9ac|R17me2,K9ac,R17me2,0.5454942918576183
K9ac|R17un,K9ac,R17un,-0.15771191805068083
K9ac|R26me1,K9ac,R26me1,0.0019125774432767746
K9ac|R26un,K9ac,R26un,0.006146567279959275
K9ac|R8me1,K9ac,R8me1,0.0247412463078598
K9ac|R8un,K9ac,R8un,-0.005418476150219025
K9me1|K14ac,K9me1,K14ac,0.065095651309628
K9me1|K14me1,K9me1,K14me1,0.8092988007189384
K9me1|K14un,K9me1,K14un,-0.4169857507295921
K9me1|K18ac,K9me1,K18ac,0.09929631366237646
K9me1|K18me1,K9me1,K18me1,0.3619448887392537
K9me1|K18un,K9me1,K18un,-0.16620102943281484
K9me1|K23ac,K9me1,K23ac,0.026571618943202348
K9me1|K23me1,K9me1,K23me1,0.0788114954589528
K9me1|K23me2,K9me1,K23me2,0.2080357177435655
K9me1|K23me3,K9me1,K23me3,-0.10596744674300967
K9me1|K23un,K9me1,K23un,-0.0344369957622126
K9me1|K27ac,K9me1,K27ac,-0.2033774475545731
K9me1|K27me1,K9me1,K27me1,-0.1382557524772797
K9me1|K27me2,K9me1,K27me2,0.17571024391449216
K9me1|K27me3,K9me1,K27me3,-0.15894788442090257
K9me1|K27un,K9me1,K27un,-0.01879822504041495
K9me1|K36me2,K9me1,K36me2,0.2472996516052086
K9me1|K36me3,K9me1,K36me3,-0.1613296942454927
K9me1|K36un,K9me1,K36un,-0.16004847266672528
K9me1|K4me1,K9me1,K4me1,0.5150639395976299
K9me1|K4un,K9me1,K4un,-0.5150639395971637
K9me1|R17me1,K9me1,R17me1,0.1770697923021613
K9me1|R17un,K9me1,R17un,-0.06001541244524682
K9me1|R26me1,K9me1,R26me1,0.006726173289005578
K9me1|R26me2,K9me1,R26me2,-0.19828104975634078
K9me1|R26un,K9me1,R26un,0.10225400680327815
K9me1|R8me1,K9me1,R8me1,0.4962121980526762
K9me1|R8un,K9me1,R8un,-0.4962121980521969
K9me2|K14ac,K9me2,K14ac,-0.09574979031520164
K9me2|K14me1,K9me2,K14me1,-0.10789879606061094
K9me2|K14me2,K9me2,K14me2,0.0564419649577365
K9me2|K14un,K9me2,K14un,0.1423715302635513
K9me2|K18ac,K9me2,K18ac,-0.08589189407417984
K9me2|K18me1,K9me2,K18me1,-0.044387509112706725
K9me2|K18me2,K9me2,K18me2,0.15123731830715942
K9me2|K18un,K9me2,K18un,0.07950822868979071
K9me2|K23ac,K9me2,K23ac,-0.08973753127044454
K9me2|K23me1,K9me2,K23me1,0.09330211484428134
K9me2|K23me2,K9me2,K23me2,-0.01221289145368205
K9me2|K23me3,K9me2,K23me3,-0.118220997739958
K9me2|K23un,K9me2,K23un,0.07366596508614512
K9me2|K27ac,K9me2,K27ac,0.42941126491807047
K9me2|K27me1,K9me2,K27me1,0.3553636383184232
K9me2|K27me2,K9me2,K27me2,-0.28190968534280775
K9me2|K27me3,K9me2,K27me3,0.08202469829222453
K9me2|K27un,K9me2,K27un,0.1920088228888332
K9me2|K36me1,K9me2,K36me1,0.13745859505882368
K9me2|K36me2,K9me2,K36me2,-0.3286511753059116
K9me2|K36me3,K9me2,K36me3,0.5642134400032653
K9me2|K36un,K9me2,K36un,0.14034442243958306
K9me2|K4me1,K9me2,K4me1,-0.041430888777646946
K9me2|K4un,K9me2,K4un,0.11237364616011072
K9me2|R17me1,K9me2,R17me1,-0.04982059008064793
K9me2|R17un,K9me2,R17un,0.0931187488063503
K9me2|R26me1,K9me2,R26me1,0.1020727744467964
K9me2|R26un,K9me2,R26un,-0.020691993917276948
K9me2|R8me1,K9me2,R8me1,-0.045993180931769
K9me2|R8un,K9me2,R8un,0.1179861221771356
K9me3|K14ac,K9me3,K14ac,0.0147474523483705
K9me3|K14me3,K9me3,K14me3,0.3801519681275052
K9me3|K14un,K9me3,K14un,-0.0079437857493081
K9me3|K18ac,K9me3,K18ac,0.0010556953122207498
K9me3|K18un,K9me3,K18un,0.00244520438435045
K9me3|K23ac,K9me3,K23ac,-0.0036885910171710248
K9me3|K23me1,K9me3,K23me1,0.030881716662082198
K9me3|K23me2,K9me3,K23me2,-0.004569722490858
K9me3|K23me3,K9me3,K23me3,-0.0099778802399916
K9me3|K23un,K9me3,K23un,0.005965791517752676
K9me3|K27ac,K9me3,K27ac,0.06526847348651113
K9me3|K27me1,K9me3,K27me1,-0.0019083333461627
K9me3|K27me2,K9me3,K27me2,0.010969525391023326
K9me3|K27un,K9me3,K27un,-0.003886187880814001
K9me3|K36me1,K9me3,K36me1,-0.00418419768879195
K9me3|K36me2,K9me3,K36me2,0.014082483713926675
K9me3|K4un,K9me3,K4un,0.011076277733720176
K9me3|R17me1,K9me3,R17me1,0.042969052144528
K9me3|R17un,K9me3,R17un,-0.0014830044667510749
K9me3|R26me1,K9me3,R26me1,0.009539996304301525
K9me3|R26un,K9me3,R26un,0.001374665440960975
K9me3|R8un,K9me3,R8un,0.0110759355750754
K9un|K14ac,K9un,K14ac,0.0063711074178494295
K9un|K14me1,K9un,K14me1,-0.6651609342008855
K9un|K14me2,K9un,K14me2,0.3420309432327995
K9un|K14me3,K9un,K14me3,-0.17974730778611941
K9un|K14un,K9un,K14un,0.2921476728088535
K9un|K18ac,K9un,K18ac,-0.00825994959208922
K9un|K18me1,K9un,K18me1,-0.3721678917514937
K9un|K18me2,K9un,K18me2,0.2671854150556812
K9un|K18un,K9un,K18un,0.09279437009110467
K9un|K23ac,K9un,K23ac,0.0779423293369003
K9un|K23me1,K9un,K23me1,-0.1854378314285225
K9un|K23me2,K9un,K23me2,-0.19848741754609767
K9un|K23me3,K9un,K23me3,0.20546266753220524
K9un|K23un,K9un,K23un,-0.04326652694591389
K9un|K27ac,K9un,K27ac,-0.27399615383305187
K9un|K27me1,K9un,K27me1,-0.2028837138349497
K9un|K27me2,K9un,K27me2,0.0848903041367987
K9un|K27me3,K9un,K27me3,0.09299005034809797
K9un|K27un,K9un,K27un,-0.15755435072133403
K9un|K36me1,K9un,K36me1,0.1347853418475667
K9un|K36me2,K9un,K36me2,0.04737075408510953
K9un|K36me3,K9un,K36me3,-0.3756045707432384
K9un|K36un,K9un,K36un,0.0480634180331488
K9un|K4me1,K9un,K4me1,-0.4760774264308786
K9un|K4un,K9un,K4un,0.47607742643102235
K9un|R17me1,K9un,R17me1,-0.10061151197504554
K9un|R17me2,K9un,R17me2,-0.18664642742212323
K9un|R17un,K9un,R17un,0.1260915861568132
K9un|R26me1,K9un,R26me1,-0.12025152148336919
K9un|R26me2,K9un,R26me2,0.3522252125733364
K9un|R26un,K9un,R26un,-0.08908324560678668
K9un|R8me1,K9un,R8me1,-0.3725686164506843
K9un|R8un,K9un,R8un,0.3725686164508959
R17me1|K14ac,R17me1,K14ac,-0.00306062571611635
R17me1|K14me1,R17me1,K14me1,-0.0005333753267860249
R17me1|K14un,R17me1,K14un,0.003344556941593275
R17me1|K18ac,R17me1,K18ac,-0.012098028850924373
R17me1|K18me1,R17me1,K18me1,0.03871377800570353
R17me1|K18un,R17me1,K18un,0.0046346914616772995
R17me1|K23ac,R17me1,K23ac,-0.017443117074112953
R17me1|K23me1,R17me1,K23me1,0.06551264960358923
R17me1|K23me2,R17me1,K23me2,0.018904280424286924
R17me1|K23un,R17me1,K23un,0.005486568446402125
R17me1|K27me1,R17me1,K27me1,0.011379762572586398
R17me1|K27me2,R17me1,K27me2,-0.015984445063470024
R17me1|K27me3,R17me1,K27me3,-0.0061993407537733495
R17me1|K27un,R17me1,K27un,0.0529742134189459
R17me1|K36me1,R17me1,K36me1,0.00242991947524025
R17me1|K36me2,R17me1,K36me2,0.003668458900380291
R17me1|K36me3,R17me1,K36me3,0.0029239557257235665
R17me1|K36un,R17me1,K36un,-0.004548139763953824
R17me1|K4me1,R17me1,K4me1,-0.01286029001249
R17me1|K4un,R17me1,K4un,0.0167584169912743
R17me1|K9ac,R17me1,K9ac,0.0159824887644385
R17me1|K9me1,R17me1,K9me1,0.016751678138022898
R17me1|K9me2,R17me1,K9me2,-0.007330355009091866
R17me1|K9me3,R17me1,K9me3,0.0519502506653309
R17me1|K9un,R17me1,K9un,-0.00763917781294055
R17me1|R26me1,R17me1,R26me1,0.06366236307079574
R17me1|R26un,R17me1,R26un,-0.027840376034108202
R17me1|R8me1,R17me1,R8me1,0.21439726562091105
R17me1|R8un,R17me1,R8un,-0.2143972656207443
R17me2|K14ac,R17me2,K14ac,0.007345842649126951
R17me2|K14me1,R17me2,K14me1,-0.0236003667921101
R17me2|K14un,R17me2,K14un,0.006269068318795276
R17me2|K18ac,R17me2,K18ac,-0.011228200251169801
R17me2|K18me1,R17me2,K18me1,-0.01049329548411625
R17me2|K18un,R17me2,K18un,0.009290864126494849
R17me2|K23ac,R17me2,K23ac,-0.0031998758027635666
R17me2|K23me1,R17me2,K23me1,0.0065435322145831
R17me2|K23me3,R17me2,K23me3,-0.001544528482372
R17me2|K23un,R17me2,K23un,0.0060317496702816
R17me2|K27me1,R17me2,K27me1,-0.0218397202872501
R17me2|K27me2,R17me2,K27me2,0.0075184179359326
R17me2|K27me3,R17me2,K27me3,-0.0027064670136889
R17me2|K27un,R17me2,K27un,0.005142002072474601
R17me2|K36me2,R17me2,K36me2,0.011151878696638626
R17me2|K36me3,R17me2,K36me3,-0.0218023134572755
R17me2|K36un,R17me2,K36un,0.0003109098768854333
R17me2|K4un,R17me2,K4un,0.010655795833212123
R17me2|K9ac,R17me2,K9ac,0.2903075314389697
R17me2|K9un,R17me2,K9un,-0.0011400842166707002
R17me2|R26me1,R17me2,R26me1,-0.006406603117602434
R17me2|R26un,R17me2,R26un,0.00838806415333585
R17me2|R8un,R17me2,R8un,0.010658754625697726
R17un|K14ac,R17un,K14ac,0.0014029957838009501
R17un|K14me1,R17un,K14me1,0.012424138439294175
R17un|K14me2,R17un,K14me2,0.028023637532744575
R17un|K14me3,R17un,K14me3,0.02790823769453525
R17un|K14un,R17un,K14un,-0.0096136252603555
R17un|K18ac,R17un,K18ac,0.0211296232371181
R17un|K18me1,R17un,K18me1,-0.017836128976349376
R17un|K18me2,R17un,K18me2,0.027918405775018376
R17un|K18un,R17un,K18un,-0.0139255555881004
R17un|K23ac,R17un,K23ac,0.022513841471727452
R17un|K23me1,R17un,K23me1,-0.06032091237345745
R17un|K23me2,R17un,K23me2,-0.008299058679538325
R17un|K23me3,R17un,K23me3,0.028276962699318977
R17un|K23un,R17un,K23un,-0.01151831811662865
R17un|K27ac,R17un,K27ac,0.028101194357434498
R17un|K27me1,R17un,K27me1,-0.00011560290994124933
R17un|K27me2,R17un,K27me2,0.008466027127568375
R17un|K27me3,R17un,K27me3,0.013326612778967526
R17un|K27un,R17un,K27un,-0.0581162154914074
R17un|K36me1,R17un,K36me1,0.009003790726974775
R17un|K36me2,R17un,K36me2,-0.014820337596981651
R17un|K36me3,R17un,K36me3,0.012975145133991176
R17un|K36un,R17un,K36un,0.0087002822517261
R17un|K4me1,R17un,K4me1,0.027414212824497325
R17un|K4un,R17un,K4un,-0.027414212823792253
R17un|K9ac,R17un,K9ac,-0.2885292021696109
R17un|K9me1,R17un,K9me1,-0.003013223810394424
R17un|K9me2,R17un,K9me2,0.022358547764862898
R17un|K9me3,R17un,K9me3,0.010908922903629251
R17un|K9un,R17un,K9un,0.0087792620296448
R17un|R26me1,R17un,R26me1,-0.058300295241602546
R17un|R26me2,R17un,R26me2,0.0290348998691488
R17un|R26un,R17un,R26un,0.0194523118809113
R17un|R8me1,R17un,R8me1,-0.20373851099520132
R17un|R8un,R17un,R8un,0.2037385109957405
R26me1|K14ac,R26me1,K14ac,-0.04175677327775702
R26me1|K14me1,R26me1,K14me1,0.022747980371984826
R26me1|K14me2,R26me1,K14me2,0.42470814929614553
R26me1|K14me3,R26me1,K14me3,-0.0038166230952422
R26me1|K14un,R26me1,K14un,0.015053329363538696
R26me1|K18ac,R26me1,K18ac,-0.04318004463422453
R26me1|K18me1,R26me1,K18me1,-0.042523559936864234
R26me1|K18me2,R26me1,K18me2,0.3458168031778645
R26me1|K18un,R26me1,K18un,0.04516358070067768
R26me1|K23ac,R26me1,K23ac,-0.0508559212993983
R26me1|K23me1,R26me1,K23me1,-0.005715184777467074
R26me1|K23me2,R26me1,K23me2,-0.015017206249998324
R26me1|K23me3,R26me1,K23me3,-0.0252051189209687
R26me1|K23un,R26me1,K23un,0.04483030980628609
R26me1|K27me1,R26me1,K27me1,0.20140554439467528
R26me1|K27me2,R26me1,K27me2,-0.09818221716346953
R26me1|K27me3,R26me1,K27me3,-0.015255977724138678
R26me1|K27un,R26me1,K27un,0.08836151710440272
R26me1|K36me1,R26me1,K36me1,0.1669427552547138
R26me1|K36me2,R26me1,K36me2,-0.048077240320540594
R26me1|K36me3,R26me1,K36me3,-0.05573242781575003
R26me1|K36un,R26me1,K36un,0.00975247170740735
R26me1|K4me1,R26me1,K4me1,0.0130871316677624
R26me1|K4un,R26me1,K4un,0.03498025096363852
R26me1|K9ac,R26me1,K9ac,0.001657377227088799
R26me1|K9me1,R26me1,K9me1,-0.00902646950565
R26me1|K9me2,R26me1,K9me2,0.0503724476118687
R26me1|K9me3,R26me1,K9me3,0.021186312946108926
R26me1|K9un,R26me1,K9un,-0.027066204922403525
R26me1|R17me1,R26me1,R17me1,0.20329319383955996
R26me1|R17me2,R26me1,R17me2,-0.0190448358560423
R26me1|R17un,R26me1,R17un,-0.11170365111023642
R26me1|R8me1,R26me1,R8me1,0.0042176590171821016
R26me1|R8un,R26me1,R8un,0.0128056273245014
R26me2|K14ac,R26me2,K14ac,-0.018510335583038325
R26me2|K14un,R26me2,K14un,0.03694057057287782
R26me2|K18ac,R26me2,K18ac,-0.010091752326521375
R26me2|K18un,R26me2,K18un,0.0192093068467806
R26me2|K23ac,R26me2,K23ac,-0.018767189397733648
R26me2|K23me1,R26me2,K23me1,0.02208830365799125
R26me2|K23un,R26me2,K23un,0.030613709283495723
R26me2|K27me1,R26me2,K27me1,-0.04030042364856076
R26me2|K27me2,R26me2,K27me2,-0.0654632573269672
R26me2|K27me3,R26me2,K27me3,-0.044948694747159935
R26me2|K27un,R26me2,K27un,0.3304547094950258
R26me2|K36me1,R26me2,K36me1,-0.04119270333251603
R26me2|K36me2,R26me2,K36me2,0.0073128492825840505
R26me2|K36me3,R26me2,K36me3,-0.0293018545300328
R26me2|K36un,R26me2,K36un,0.03728126752442023
R26me2|K4un,R26me2,K4un,0.04127158835482792
R26me2|K9me1,R26me2,K9me1,-0.04187048924823816
R26me2|K9un,R26me2,K9un,0.0596922412058114
R26me2|R17un,R26me2,R17un,0.0416537735144097
R26me2|R8me1,R26me2,R8me1,0.0335681995482272
R26me2|R8un,R26me2,R8un,0.0224035509929297
R26un|K14ac,R26un,K14ac,0.060267108860810055
R26un|K14me1,R26un,K14me1,0.023463013015351752
R26un|K14me2,R26un,K14me2,-0.15690969204213207
R26un|K14me3,R26un,K14me3,0.07719688409791009
R26un|K14un,R26un,K14un,-0.05199389993638333
R26un|K18ac,R26un,K18ac,0.05327179696075862
R26un|K18me1,R26un,K18me1,0.08145676352980578
R26un|K18me2,R26un,K18me2,-0.011480098250910498
R26un|K18un,R26un,K18un,-0.06437288754738693
R26un|K23ac,R26un,K23ac,0.06962311069714493
R26un|K23me1,R26un,K23me1,0.016185248535814302
R26un|K23me2,R26un,K23me2,0.0564762122962743
R26un|K23me3,R26un,K23me3,0.08249723398775897
R26un|K23un,R26un,K23un,-0.07544401908972681
R26un|K27ac,R26un,K27ac,0.09655005584134585
R26un|K27me1,R26un,K27me1,-0.1612932312785688
R26un|K27me2,R26un,K27me2,0.1636454744904672
R26un|K27me3,R26un,K27me3,0.06081253502909567
R26un|K27un,R26un,K27un,-0.4188162265994167
R26un|K36me1,R26un,K36me1,-0.12592133211930645
R26un|K36me2,R26un,K36me2,0.0407643910379933
R26un|K36me3,R26un,K36me3,0.08367012277967083
R26un|K36un,R26un,K36un,-0.047033739231813795
R26un|K4me1,R26un,K4me1,0.07625183931845739
R26un|K4un,R26un,K4un,-0.07625183931777504
R26un|K9ac,R26un,K9ac,0.03942141944529597
R26un|K9me1,R26un,K9me1,0.0544164141368261
R26un|K9me2,R26un,K9me2,-0.004212513449103046
R26un|K9me3,R26un,K9me3,0.019743001482531497
R26un|K9un,R26un,K9un,-0.03262603628337432
R26un|R17me1,R26un,R17me1,-0.16209158681247016
R26un|R17me2,R26un,R17me2,0.06266439241843641
R26un|R17un,R26un,R17un,0.07004987759632537
R26un|R8me1,R26un,R8me1,0.03520917831739867
R26un|R8un,R26un,R8un,-0.03520917831674365
R8me1|K14ac,R8me1,K14ac,-0.007832496083673524
R8me1|K14me1,R8me1,K14me1,-0.0172426257771632
R8me1|K14un,R8me1,K14un,0.017138845329840148
R8me1|K18ac,R8me1,K18ac,-0.007313158346993476
R8me1|K18un,R8me1,K18un,0.011181837812790375
R8me1|K23ac,R8me1,K23ac,-0.01350474131160095
R8me1|K23me1,R8me1,K23me1,0.0129683847703421
R8me1|K23me2,R8me1,K23me2,0.019417395844842433
R8me1|K23un,R8me1,K23un,0.01416863800084015
R8me1|K27me1,R8me1,K27me1,-0.0010540454854784998
R8me1|K27me2,R8me1,K27me2,0.0256475302988447
R8me1|K27me3,R8me1,K27me3,-0.0097999499407794
R8me1|K27un,R8me1,K27un,-0.014756526893238624
R8me1|K36me1,R8me1,K36me1,-0.011785513579332933
R8me1|K36me2,R8me1,K36me2,0.024897983598290624
R8me1|K36me3,R8me1,K36me3,-0.0315432296203457
R8me1|K4me1,R8me1,K4me1,-0.0084212120990281
R8me1|K4un,R8me1,K4un,0.017364242805673325
R8me1|K9ac,R8me1,K9ac,0.0197990304605507
R8me1|K9me1,R8me1,K9me1,0.053811772046442455
R8me1|K9me2,R8me1,K9me2,-0.0126888486960981
R8me1|K9un,R8me1,K9un,-0.030383304137033176
R8me1|R17me1,R8me1,R17me1,0.2231097775530834
R8me1|R17un,R8me1,R17un,-0.15185620331552122
R8me1|R26me1,R8me1,R26me1,-0.0032723445580731996
R8me1|R26me2,R8me1,R26me2,0.0107614571658569
R8me1|R26un,R8me1,R26un,0.0099337764355837
R8un|K14ac,R8un,K14ac,0.00783249608368875
R8un|K14me1,R8un,K14me1,0.021764810610489474
R8un|K14me2,R8un,K14me2,0.019072998489478375
R8un|K14me3,R8un,K14me3,0.018995478146825902
R8un|K14un,R8un,K14un,-0.017138845329806952
R8un|K18ac,R8un,K18ac,0.0073131583470067
R8un|K18me1,R8un,K18me1,0.019636467909177124
R8un|K18me2,R8un,K18me2,0.019004027241498224
R8un|K18un,R8un,K18un,-0.011181837812718375
R8un|K23ac,R8un,K23ac,0.013504741311614075
R8un|K23me1,R8un,K23me1,0.012046176263050273
R8un|K23me2,R8un,K23me2,-0.006988035717931926
R8un|K23me3,R8un,K23me3,0.019724431220930226
R8un|K23un,R8un,K23un,-0.0141686380007845
R8un|K27ac,R8un,K27ac,0.0191439640280549
R8un|K27me1,R8un,K27me1,0.013895122024969576
R8un|K27me2,R8un,K27me2,-0.025647530298813902
R8un|K27me3,R8un,K27me3,0.02164431511350345
R8un|K27un,R8un,K27un,0.014756526893251323
R8un|K36me1,R8un,K36me1,0.013461259083014576
R8un|K36me2,R8un,K36me2,-0.024897983598253026
R8un|K36me3,R8un,K36me3,0.020193998288195625
R8un|K36un,R8un,K36un,0.0222507471020661
R8un|K4me1,R8un,K4me1,0.017364242805683175
R8un|K4un,R8un,K4un,-0.0173642428049809
R8un|K9ac,R8un,K9ac,0.0009545062811328244
R8un|K9me1,R8un,K9me1,-0.05381177204642685
R8un|K9me2,R8un,K9me2,0.021680772776017675
R8un|K9me3,R8un,K9me3,0.019159110151318375
R8un|K9un,R8un,K9un,0.030383304137066924
R8un|R17me1,R8un,R17me1,-0.2231097775530749
R8un|R17me2,R8un,R17me2,0.01920456981699725
R8un|R17un,R8un,R17un,0.1518562033160135
R8un|R26me1,R8un,R26me1,0.009110135703268775
R8un|R26me2,R8un,R26me2,0.013711008629360826
R8un|R26un,R8un,R26un,-0.009933776435448051
