PTM Combination,Percentage Abundance,PTM1,PTM2,PTM1_abundance,PTM2_abundance,interplay,abundance_corrected_interplay,normalized_interplay
K4unR8un,0.935486911287079,K4un,R8un,0.979940463985598,0.955546447301478,-0.0009527582933900829,-0.06764088280059398,-0.014286775950402744
K4unK9me1,0.2168546241079673,K4un,K9me1,0.979940463985598,0.2369141601223664,-0.06820722770522472,-1.5967353126397974,-0.04462281614415846
K4unK14me1,0.151557165737976,K4un,K14me1,0.979940463985598,0.151557165737976,0.020263460198042572,inf,0.010739634242097873
K4unR17un,0.9114056843921976,K4un,R17un,0.979940463985598,0.9314652204065968,-0.001507276155768407,-0.09427443933793006,-0.016247949210279767
K4unK18un,0.8695667050832128,K4un,K18un,0.979940463985598,0.8831031758180881,0.004816466965258082,0.3157925956951782,0.034462356798487755
K4unK23un,0.925224432868218,K4un,K23un,0.979940463985598,0.9440455053806311,0.00012542857229411015,0.008516044118961435,0.001613873928909237
K4unR26un,0.9502841455126864,K4un,R26un,0.979940463985598,0.9703436815270856,-0.0006258189861765848,-0.051620057555474365,-0.012272346910784656
K4unK27me2,0.6181944829450261,K4un,K27me2,0.979940463985598,0.6382540189594252,-0.011669787472831676,-0.49262196118189344,-0.024263925002836754
K4unK36un,0.1757864928755773,K4un,K36un,0.979940463985598,0.1757864928755773,0.020263460198042572,inf,0.011655814513348982
R8unK9me1,0.2103144739693405,R8un,K9me1,0.955546447301478,0.2369141601223664,-0.07362207025278554,-1.095552991461009,-0.04721932168584182
R8unK14me1,0.151557165737976,R8un,K14me1,0.955546447301478,0.151557165737976,0.045471906015988196,inf,0.024100110945017048
R8unR17un,0.9042941825842348,R8un,R17un,0.955546447301478,0.9314652204065968,0.015867784528557662,0.6981420416924361,0.1577305968424847
R8unK18un,0.8386496231195691,R8un,K18un,0.955546447301478,0.8831031758180881,-0.006177127916755297,-0.18213940014754537,-0.03510484286455485
R8unK23un,0.8995919526821122,R8un,K23un,0.955546447301478,0.9440455053806311,-0.002761189214980285,-0.1085751935919128,-0.026094742668853674
R8unR26un,0.9258901288285666,R8un,R26un,0.955546447301478,0.9703436815270856,-0.0014228373473278895,-0.0784225400957862,-0.018478478442610115
R8unK27me2,0.5964641468214253,R8un,K27me2,0.955546447301478,0.6382540189594252,-0.0222453131117362,-0.4697999463926138,-0.04304965565082971
R8unK36un,0.1704479935591016,R8un,K36un,0.955546447301478,0.1757864928755773,0.01463198313205274,0.4134277073590972,0.008269810635603066
K9me1K14me1,0.1395215668382693,K9me1,K14me1,0.2369141601223664,0.151557165737976,1.357313701952992,5.701931854439753,0.6891540143665692
K9me1R17un,0.2327837302491412,K9me1,R17un,0.2369141601223664,0.9314652204065968,0.053408371046945756,1.492898333554074,0.0366401657850855
K9me1K18un,0.1501576231638403,K9me1,K18un,0.2369141601223664,0.8831031758180881,-0.3316990801900226,-1.8892837554522428,-0.17494033973277193
K9me1K23un,0.2167038101100024,K9me1,K23un,0.2369141601223664,0.9440455053806311,-0.031585481998747875,-0.49449120218633863,-0.020654584530375247
K9me1R26un,0.2369141601223664,K9me1,R26un,0.2369141601223664,0.9703436815270856,0.030104959385310714,inf,0.020905388526436034
K9me1K27me2,0.2321654424130157,K9me1,K27me2,0.2369141601223664,0.6382540189594252,0.4287712754583073,3.932333081283351,0.2936176082932925
K9me1K36un,0.0277779750822046,K9me1,K36un,0.2369141601223664,0.1757864928755773,-0.4049693094730999,-0.9769364775810708,-0.11300906151859061
K14me1R17un,0.1500035762574542,K14me1,R17un,0.151557165737976,0.9314652204065968,0.060692676975378494,2.0326064745590555,0.031992409654518286
K14me1K18un,0.0901609547113656,K14me1,K18un,0.151557165737976,0.8831031758180881,-0.3950531883289263,-2.089616079122621,-0.1641841698095183
K14me1K23un,0.1433045652466164,K14me1,K23un,0.151557165737976,0.9440455053806311,0.001590216057820351,0.03068276743673737,0.0008185247589995297
K14me1R26un,0.151557165737976,K14me1,R26un,0.151557165737976,0.9703436815270856,0.030104959385310714,inf,0.015955628975088898
K14me1K27me2,0.1506946399298687,K14me1,K27me2,0.151557165737976,0.6382540189594252,0.4433115778389543,5.14363492334375,0.23424657242875985
K14me1K36un,0.0212169644250047,K14me1,K36un,0.151557165737976,0.1757864928755773,-0.22767668595584542,-0.5335905607601836,-0.05909145908072429
R17unK18un,0.8145683962246878,R17un,K18un,0.9314652204065968,0.8831031758180881,-0.009787216073497793,-0.21488409727360136,-0.04771996539501573
R17unK23un,0.8755107257872309,R17un,K23un,0.9314652204065968,0.9440455053806311,-0.004370540314700493,-0.13731841660392669,-0.03287408897897226
R17unR26un,0.9018089019336852,R17un,R26un,0.9314652204065968,0.9703436815270856,-0.0022512555351951722,-0.10560389728409679,-0.021782273748374457
R17unK27me2,0.5727568282034576,R17un,K27me2,0.9314652204065968,0.6382540189594252,-0.03727868306580809,-0.5408061485377866,-0.0668923057886653
R17unK36un,0.1609666282910203,R17un,K36un,0.9314652204065968,0.1757864928755773,-0.017076657332245317,-0.24487022587515686,-0.009349090113329662
K18unK23un,0.855815446520224,K18un,K23un,0.8831031758180881,0.9440455053806311,0.02619362149929519,0.869938727780778,0.1682307836812218
K18unR26un,0.855231894751225,K18un,R26un,0.8831031758180881,0.9703436815270856,-0.0019644272046845253,-0.08088066763231512,-0.012561671771973988
K18unK27me2,0.526753603271117,K18un,K27me2,0.8831031758180881,0.6382540189594252,-0.06769022141310208,-0.6464191637933421,-0.10559728165179127
K18unK36un,0.1688924926509729,K18un,K36un,0.8831031758180881,0.1757864928755773,0.0843054626748419,1.2797043721613732,0.047402754576562636
K23unR26un,0.9161780471689815,K23un,R26un,0.9440455053806311,0.9703436815270856,0.00014130997371704384,0.00730442976807769,0.0016141491378237362
K23unK27me2,0.6073001479138184,K23un,K27me2,0.9440455053806311,0.6382540189594252,0.007867702665512585,0.17279149575710845,0.015775407583577285
K23unK36un,0.1720931191839054,K23un,K36un,0.9440455053806311,0.1757864928755773,0.0363464800999021,1.0601321011365301,0.020654700309120734
R26unK27me2,0.6347646488685054,R26un,K27me2,0.9703436815270856,0.6382540189594252,0.024622904930158333,1.785160659132031,0.05417569155389515
R26unK36un,0.1692880165783535,R26un,K36un,0.9703436815270856,0.1757864928755773,-0.007563686117065457,-0.237110821590785,-0.004258463555111047
K27me2K36un,0.0638977742086253,K27me2,K36un,0.6382540189594252,0.1757864928755773,-0.5629666955654351,-1.7788202168656642,-0.2046801244617089
K4unK9me2,0.3423998086873335,K4un,K9me2,0.979940463985598,0.3423998086873335,0.020263460198042572,inf,0.018906428713182575
K4unK14un,0.545841284537873,K4un,K14un,0.979940463985598,0.5461861910304805,0.019631779197714496,3.5218053024813982,0.03242633401323473
K4unK27me1,0.0547025803305174,K4un,K27me1,0.979940463985598,0.0547025803305174,0.020263460198042354,inf,0.006973346614897525
K4unK36me1,0.2043950658454946,K4un,K36me1,0.979940463985598,0.2043950658454946,0.020263460198042354,inf,0.01276277196112761
R8unK9me2,0.3423998086873335,R8un,K9me2,0.955546447301478,0.3423998086873335,0.045471906015988404,inf,0.04242668039621731
R8unK14un,0.5195865048774544,R8un,K14un,0.955546447301478,0.5461861910304805,-0.00445470848997027,-0.10549457005150732,-0.006803969802164426
R8unK27me1,0.0547025803305174,R8un,K27me1,0.955546447301478,0.0547025803305174,0.045471906015988196,inf,0.015648431155907114
R8unK36me1,0.2043950658454946,R8un,K36me1,0.955546447301478,0.2043950658454946,0.045471906015988196,inf,0.028640102008636772
K9me2K14un,0.3013485735310736,K9me2,K14un,0.3423998086873335,0.5461861910304805,0.4770839129497648,2.6684642868753783,0.3977397515070363
K9me2R17un,0.3406348530700926,K9me2,R17un,0.3423998086873335,0.9314652204065968,0.06582843274481887,2.7551682338478076,0.06112520361456007
K9me2K18un,0.3350006960192245,K9me2,K18un,0.3423998086873335,0.8831031758180881,0.1024667622632112,1.9509105688838384,0.09369480454442732
K9me2K23un,0.3129013363781503,K9me2,K23un,0.3423998086873335,0.9440455053806311,-0.03251025477208758,-0.5131145025047198,-0.027981038081308727
K9me2R26un,0.3179711975233175,K9me2,R26un,0.3423998086873335,0.9703436815270856,-0.043913321289781426,-0.9878061833858841,-0.0383256528821387
K9me2K27me1,0.0511955118358307,K9me2,K27me1,0.3423998086873335,0.0547025803305174,1.0055171814819936,4.44470493999863,0.33831837008738075
K9me2K36me1,0.1982280688518872,K9me2,K36me1,0.3423998086873335,0.2043950658454946,1.041139705813718,5.800285305753335,0.6433392270895985
K14unR17un,0.5069617851110301,K14un,R17un,0.5461861910304805,0.9314652204065968,-0.0035278737833597616,-0.058038428657592206,-0.0051932455788583935
K14unK18un,0.5354806153749134,K14un,K18un,0.5461861910304805,0.8831031758180881,0.10451800158979022,2.1370241255926716,0.16733841888349288
K14unK23un,0.5367008849178273,K14un,K23un,0.5461861910304805,0.9440455053806311,0.04006191031249618,1.3005698884635195,0.06437568127570624
K14unR26un,0.5182682097755446,K14un,R26un,0.5461861910304805,0.9703436815270856,-0.02236207969509685,-0.6153823741683805,-0.03402306292481985
K14unK27me1,0.0532862832674826,K14un,K27me1,0.5461861910304805,0.0547025803305174,0.5785634199081581,4.067321808578065,0.19732208670290582
K14unK36me1,0.1845253275130908,K14un,K36me1,0.5461861910304805,0.2043950658454946,0.5025273643680316,2.7294437471200643,0.2973590040093146
R17unK27me1,0.0529376247132765,R17un,K27me1,0.9314652204065968,0.0547025803305174,0.038199874377159285,0.8320270157060283,0.01299916356500793
R17unK36me1,0.2026301102282537,R17un,K36me1,0.9314652204065968,0.2043950658454946,0.062323908354411706,2.212821861565307,0.039040941725775234
K18unK27me1,0.0547025803305174,K18un,K27me1,0.8831031758180881,0.0547025803305174,0.12431323829814318,inf,0.042780418102385843
K18unK36me1,0.2014938019128098,K18un,K36me1,0.8831031758180881,0.2043950658454946,0.11001714113483738,2.3588117241221593,0.06867501289639545
K23unK27me1,0.049865724570408,K23un,K27me1,0.9440455053806311,0.0547025803305174,-0.03499608718445035,-0.529550835016211,-0.01167150396123719
K23unK36me1,0.1829855899832504,K23un,K36me1,0.9440455053806311,0.2043950658454946,-0.053066402712866195,-0.7463184706734411,-0.031245897010891654
R26unK27me1,0.0355761749563195,R26un,K27me1,0.9703436815270856,0.0547025803305174,-0.40012975031933895,-3.286401748732339,-0.11994012652870391
R26unK36me1,0.1866849575343314,R26un,K36me1,0.9703436815270856,0.2043950658454946,-0.06052728190197139,-1.208191322520007,-0.036063933108114316
K27me1K36me1,0.0287197897391873,K27me1,K36me1,0.0547025803305174,0.2043950658454946,0.9433761030176945,2.4977379163787434,0.2657271080087171
K4unK9un,0.0643866041206643,K4un,K9un,0.979940463985598,0.0643866041206643,0.020263460198042354,inf,0.007387739969910218
K4unR17me2,0.0453568792267768,K4un,R17me2,0.979940463985598,0.0453568792267768,0.020263460198042354,inf,0.006550983864645631
R8unK9un,0.0465327375751713,R8un,K9un,0.955546447301478,0.0643866041206643,-0.27927759615606,-2.4058098135627506,-0.09104109753189533
R8unR17me2,0.0453568792267768,R8un,R17me2,0.955546447301478,0.0453568792267768,0.045471906015988404,inf,0.014700634526091516
K9unK14un,0.0187776052327617,K9un,K14un,0.0643866041206643,0.5461861910304805,-0.627445300013299,-1.731726870505249,-0.15784428727126074
K9unR17me2,0.0224679112011143,K9un,R17me2,0.0643866041206643,0.0453568792267768,2.0403759435444777,5.08086180661189,0.5375539686137316
K9unK18un,0.0585280549079048,K9un,K18un,0.0643866041206643,0.8831031758180881,0.028913847729371302,0.310388585771542,0.010187212971891709
K9unK23un,0.0606932304289924,K9un,K23un,0.0643866041206643,0.9440455053806311,-0.0014925249900477056,-0.027938913666449905,-0.0005326787817810914
K9unR26un,0.0599378153604818,K9un,R26un,0.0643866041206643,0.9703436815270856,-0.04149302742054851,-0.9315855122878768,-0.014742866935690492
K9unK27me2,0.0577455022869518,K9un,K27me2,0.0643866041206643,0.6382540189594252,0.3401587890057975,1.9634112213233925,0.11928239935416832
K9unK36un,0.0214194105662251,K9un,K36un,0.0643866041206643,0.1757864928755773,0.6378770748173095,1.5502810007622971,0.16596437875813236
K14unR17me2,0.034882609909506,K14un,R17me2,0.5461861910304805,0.0453568792267768,0.34222191684552683,1.3795944216513782,0.10198024218983592
K14unK27me2,0.2309923686134802,K14un,K27me2,0.5461861910304805,0.6382540189594252,-0.4115563271186708,-1.6309412885204853,-0.2808547719102301
K14unK36un,0.128966333223233,K14un,K36un,0.5461861910304805,0.1757864928755773,0.29507658972371104,1.1990621149493417,0.14406602338554256
R17me2K18un,0.0453568792267768,R17me2,K18un,0.0453568792267768,0.8831031758180881,0.12431323829814298,inf,0.040189287036557476
R17me2K23un,0.0453568792267768,R17me2,K23un,0.0453568792267768,0.9440455053806311,0.057580909146089355,inf,0.01861536001457933
R17me2R26un,0.0453568792267768,R17me2,R26un,0.0453568792267768,0.9703436815270856,0.030104959385310714,inf,0.009732646904897103
R17me2K27me2,0.0453568792267768,R17me2,K27me2,0.0453568792267768,0.6382540189594252,0.4490189260383395,inf,0.14516354613916585
R17me2K36un,0.0119936418838435,R17me2,K36un,0.0453568792267768,0.1757864928755773,0.40829993843845347,0.9546313666991255,0.09230499448390721
K4unR8me1,0.044453552698519,K4un,R8me1,0.979940463985598,0.044453552698519,0.020263460198042572,inf,0.006508654014679765
R8me1K9me1,0.026599686153026,R8me1,K9me1,0.044453552698519,0.2369141601223664,0.9265119294990963,2.568485964872167,0.2554587126554371
R8me1K14un,0.026599686153026,R8me1,K14un,0.044453552698519,0.5461861910304805,0.09124988462196626,0.3091109868027883,0.025159501257676367
R8me1R17un,0.0271710378223618,R8me1,R17un,0.044453552698519,0.9314652204065968,-0.42129683759136466,-2.5941257960957262,-0.11684502165130381
R8me1K18un,0.044453552698519,R8me1,K18un,0.044453552698519,0.8831031758180881,0.12431323829814318,inf,0.03992959986198266
R8me1K23un,0.044453552698519,R8me1,K23un,0.044453552698519,0.9440455053806311,0.057580909146089564,inf,0.018495074968430582
R8me1R26un,0.044453552698519,R8me1,R26un,0.044453552698519,0.9703436815270856,0.03010495938531093,inf,0.009669758414898118
R8me1K27me2,0.0417898721379998,R8me1,K27me2,0.044453552698519,0.6382540189594252,0.38722805837000257,2.5946244552677338,0.12195770351801573
R8me1K36un,0.0053384993164757,R8me1,K36un,0.044453552698519,0.1757864928755773,-0.38101516887512793,-0.8420504983206475,-0.0728127179203644
K9me1K14un,0.029521433038337,K9me1,K14un,0.2369141601223664,0.5461861910304805,-1.4777859865832272,-3.8273756478722074,-0.4195110817290835
K4unK27me3,0.2308786268719388,K4un,K27me3,0.979940463985598,0.2308786268719388,0.020263460198042354,inf,0.013823569039152536
R8unK27me3,0.2287356333502391,R8un,K27me3,0.955546447301478,0.2308786268719388,0.03614665553201085,1.6497820389194549,0.024503077693230096
K9me2K27me3,0.2217478315856706,K9me2,K27me3,0.3423998086873335,0.2308786268719388,1.0314248883117345,5.654493399198926,0.6847795794064839
K9me2K36un,0.104638744547918,K9me2,K36un,0.3423998086873335,0.1757864928755773,0.5530199333052785,1.7627803713333463,0.24499813620258648
K14unK27me3,0.1885955356177659,K14un,K27me3,0.5461861910304805,0.2308786268719388,0.4025079032647715,1.8735169302668992,0.24128990993673444
R17unK27me3,0.2296059936517472,R17un,K27me3,0.9314652204065968,0.2308786268719388,0.06546904804720183,2.6718476672054075,0.044494678738789296
K18unK27me3,0.2254822183783382,K18un,K27me3,0.8831031758180881,0.2308786268719388,0.10066239229265099,1.843326554218964,0.06758069667259417
K23unK27me3,0.2143060067698041,K23un,K27me3,0.9440455053806311,0.2308786268719388,-0.016906306684446416,-0.2879086614902392,-0.010975624289298347
R26unK27me3,0.2285068991799569,R26un,K27me3,0.9703436815270856,0.2308786268719388,0.019779214970480276,1.1057664107623677,0.013398837571073931
K27me3K36un,0.1038707282159253,K27me3,K36un,0.2308786268719388,0.1757864928755773,0.9397401094313017,2.9150655774143344,0.41496808577966454
K4unK9me3,0.3213748601442632,K4un,K9me3,0.979940463985598,0.3213748601442632,0.020263460198042572,inf,0.017850956158915486
K4unK27un,0.0173045552883147,K4un,K27un,0.979940463985598,0.0173045552883147,0.020263460198042354,inf,0.004994954797257148
K4unK36me2,0.5642030716736024,K4un,K36me2,0.979940463985598,0.5842626076880014,-0.014672849404982046,-0.5870138855346977,-0.025636549677092467
R8unK9me3,0.3213748601442632,R8un,K9me3,0.955546447301478,0.3213748601442632,0.045471906015988404,inf,0.04005816345384809
R8unK27un,0.0167838682494953,R8un,K27un,0.955546447301478,0.0173045552883147,0.014920329564572518,0.4203708949897054,0.003650379032369981
R8unK36me2,0.5456682413447775,R8un,K36me2,0.955546447301478,0.5842626076880014,-0.02286747195282045,-0.4730792725969608,-0.037751043358250996
K9me3K14un,0.1736496112026456,K9me3,K14un,0.3213748601442632,0.5461861910304805,-0.010773338036022971,-0.039422533246800985,-0.006153676349318643
K9me3R17un,0.3213748601442632,K9me3,R17un,0.3213748601442632,0.9314652204065968,0.07099642682852987,inf,0.0625438148455101
K9me3K18un,0.3165278337014557,K9me3,K18un,0.3213748601442632,0.8831031758180881,0.10911618779368869,2.322157208405455,0.09485525929238485
K9me3K23un,0.3188225615381164,K9me3,K23un,0.3213748601442632,0.9440455053806311,0.04960739334620951,2.0759918280064245,0.04339646656021642
K9me3R26un,0.3205959415955503,K9me3,R26un,0.3213748601442632,0.9703436815270856,0.027678310295252917,2.5731133178418037,0.024331004094111514
K9me3K27un,0.0095843227822608,K9me3,K27un,0.3213748601442632,0.0173045552883147,0.5443059903590796,1.5208714909664485,0.11711482914170668
K9me3K36me2,0.2965546187016953,K9me3,K36me2,0.3213748601442632,0.5842626076880014,0.45702790906591984,2.9180211876838724,0.37599254266904203
K14unK27un,0.014451784981951,K14un,K27un,0.5461861910304805,0.0173045552883147,0.42464350893985786,1.8712577290362813,0.10022416535194469
K14unK36me2,0.1996694268546561,K14un,K36me2,0.5461861910304805,0.5842626076880014,-0.4688920669692616,-1.7323607200271187,-0.2910398813842888
R17unK27un,0.0173045552883147,R17un,K27un,0.9314652204065968,0.0173045552883147,0.07099642682852987,inf,0.017500660761262356
R17unK36me2,0.5323126482963991,R17un,K36me2,0.9314652204065968,0.5842626076880014,-0.022123124136513454,-0.3348769273774988,-0.03508687123755987
K18unK27un,0.0173045552883147,K18un,K27un,0.8831031758180881,0.0173045552883147,0.12431323829814298,inf,0.03064328599021153
K18unK36me2,0.4771610476633817,K18un,K36me2,0.8831031758180881,0.5842626076880014,-0.07818325412299805,-0.7067271308339963,-0.10566715139915712
K23unK27un,0.0173045552883147,K23un,K27un,0.9440455053806311,0.0173045552883147,0.057580909146089355,inf,0.014193727801605834
K23unK36me2,0.5570021103340664,K23un,K36me2,0.9440455053806311,0.5842626076880014,0.009799385361475088,0.2152302022400606,0.016745754631554345
R26unK27un,0.0126357399725032,R26un,K27un,0.9703436815270856,0.0173045552883147,-0.28433551450097405,-2.7810352631070927,-0.06504708659667917
R26unK36me2,0.5831616489843479,R26un,K36me2,0.9703436815270856,0.5842626076880014,0.028218825833177516,2.8535806631238985,0.0523258002723146
K27unK36me2,0.0099063629372015,K27un,K36me2,0.0173045552883147,0.5842626076880014,-0.020387780166433594,-0.06909827796555092,-0.004418124503232446
K4unR26me1,0.0247978470623349,K4un,R26me1,0.979940463985598,0.0247978470623349,0.020263460198042354,inf,0.005481057273416159
R8unR26me1,0.0247978470623349,R8un,R26me1,0.955546447301478,0.0247978470623349,0.045471906015988196,inf,0.012299682224514968
K9me2R26me1,0.0226026314505872,K9me2,R26me1,0.3423998086873335,0.0247978470623349,0.9790856914218401,4.006671424328234,0.2583551594838281
K14unR26me1,0.0233815499993001,K14un,R26me1,0.5461861910304805,0.0247978470623349,0.54598576455037,3.1832559002200504,0.1453710520632437
R17unR26me1,0.0247978470623349,R17un,R26me1,0.9314652204065968,0.0247978470623349,0.07099642682852987,inf,0.01920380220613388
K18unR26me1,0.0247978470623349,K18un,R26me1,0.8831031758180881,0.0247978470623349,0.12431323829814298,inf,0.0336254505546777
K23unR26me1,0.023008986801073,K23un,R26me1,0.9440455053806311,0.0247978470623349,-0.017291058158533577,-0.2890562948584801,-0.004584213210982662
R26me1K27me1,0.0173004256607692,R26me1,K27me1,0.0247978470623349,0.0547025803305174,2.545818666732296,6.5866514247065755,0.6275088730317488
R26me1K36me1,0.0158841285977344,R26me1,K36me1,0.0247978470623349,0.2043950658454946,1.1422641325341987,3.1348292792037626,0.2757470348880524
K9me3K27me2,0.3089206585986641,K9me3,K27me2,0.3213748601442632,0.6382540189594252,0.40949517126965845,3.3267069912493037,0.34860419625982203
K9me3K36un,0.0219503626792296,K9me3,K36un,0.3213748601442632,0.1757864928755773,-0.9453394390328634,-2.2675627871450708,-0.24753769703795914
K4unK18me1,0.0518640867365255,K4un,K18me1,0.979940463985598,0.0531025502385114,-0.003334913731867904,-0.15755369479857023,-0.001126991784204175
R8unK18me1,0.0531025502385114,R8un,K18me1,0.955546447301478,0.0531025502385114,0.045471906015988196,inf,0.015490184390833807
K9me1K18me1,0.0336678386706958,K9me1,K18me1,0.2369141601223664,0.0531025502385114,0.9843754824143066,2.8022451958528047,0.2902724491771689
K14me1K18me1,0.013592114516318,K14me1,K18me1,0.151557165737976,0.0531025502385114,0.5240572490230199,1.218820053507867,0.12192296003049996
R17unK18me1,0.0531025502385114,R17un,K18me1,0.9314652204065968,0.0531025502385114,0.07099642682852987,inf,0.024185213223250197
K18me1K23un,0.0337456880493981,K18me1,K23un,0.0531025502385114,0.9440455053806311,-0.39579139738212255,-2.6837854732005986,-0.11679043054340055
K18me1R26un,0.0531025502385114,K18me1,R26un,0.0531025502385114,0.9703436815270856,0.030104959385310714,inf,0.01025537332420288
K18me1K27me2,0.0477061417449107,K18me1,K27me2,0.0531025502385114,0.6382540189594252,0.3418541192137685,1.9765076910271813,0.11235240614842429
K18me1K36un,0.0040516601775272,K18me1,K36un,0.0531025502385114,0.1757864928755773,-0.8346131076666944,-1.8144312131749785,-0.15151014419500208
K4unR17me1,0.0231779003666234,K4un,R17me1,0.979940463985598,0.0231779003666234,0.020263460198042354,inf,0.005382695878372633
R8unR17me1,0.0058953854904662,R8un,R17me1,0.955546447301478,0.0231779003666234,-1.323557423632515,-5.484183249790119,-0.2578232039157588
K9me1R17me1,0.0041304298732253,K9me1,R17me1,0.2369141601223664,0.0231779003666234,-0.28476037017000877,-0.6495032233601853,-0.051874836905850034
K14me1R17me1,0.0015535894805218,K14me1,R17me1,0.151557165737976,0.0231779003666234,-0.8158388131858684,-1.739796109204701,-0.12615048613625213
R17me1K18un,0.0231779003666234,R17me1,K18un,0.0231779003666234,0.8831031758180881,0.12431323829814318,inf,0.03302201839541776
R17me1K23un,0.0231779003666234,R17me1,K23un,0.0231779003666234,0.9440455053806311,0.057580909146089355,inf,0.015295537845187342
R17me1R26un,0.0231779003666234,R17me1,R26un,0.0231779003666234,0.9703436815270856,0.030104959385310714,inf,0.00799694816275962
R17me1K27me2,0.0201403115291908,R17me1,K27me2,0.0231779003666234,0.6382540189594252,0.30854302710679954,1.6410214179510358,0.07901165294957674
R17me1K36un,0.0028262227007135,R17me1,K36un,0.0231779003666234,0.1757864928755773,-0.36577303989405135,-0.802078344537278,-0.0623248628815628
K9me3K27me1,0.0020907714316519,K9me3,K27me1,0.3213748601442632,0.0547025803305174,-2.129230728216869,-4.6569062621995885,-0.3450816952467312
K9me3K36me1,0.0028698787633383,K9me3,K36me1,0.3213748601442632,0.2043950658454946,-3.1306378836235798,-6.854504215909443,-0.5348331156627701
K4unK23me1,0.0048368557601094,K4un,K23me1,0.979940463985598,0.0048368557601094,0.020263460198042572,inf,0.0038007121191439195
R8unK23me1,0.0048368557601094,R8un,K23me1,0.955546447301478,0.0048368557601094,0.045471906015988196,inf,0.008528929540485609
K9me2K23me1,0.0048368557601094,K9me2,K23me1,0.3423998086873335,0.0048368557601094,1.0717761934549705,inf,0.20102750111097717
K14unK23me1,0.0048368557601094,K14un,K23me1,0.5461861910304805,0.0048368557601094,0.6047953521543247,inf,0.1134383270216063
R17unK23me1,0.0048368557601094,R17un,K23me1,0.9314652204065968,0.0048368557601094,0.07099642682852987,inf,0.013316431509025983
K18unK23me1,0.0048368557601094,K18un,K23me1,0.8831031758180881,0.0048368557601094,0.12431323829814298,inf,0.0233167892725162
K23me1R26un,0.0030479954988475,K23me1,R26un,0.0048368557601094,0.9703436815270856,-0.43167575282983617,-3.3884478951485204,-0.07451330069724132
K23me1K27me1,0.0048368557601094,K23me1,K27me1,0.0048368557601094,0.0547025803305174,2.9058443982624445,inf,0.5450341606459398
K23me1K36me1,0.0048368557601094,K23me1,K36me1,0.0048368557601094,0.2043950658454946,1.5877005606431007,inf,0.29779675847221515
K9me2R17me1,0.0017649556172409,K9me2,R17me1,0.3423998086873335,0.0231779003666234,-1.5032975167996758,-3.36483229544858,-0.23712702155325668
K14unR17me1,0.0043417960099444,K14un,R17me1,0.5461861910304805,0.0231779003666234,-1.0701158124446724,-2.7383457919643455,-0.19673173404747832
R17me1K27me1,0.0017649556172409,R17me1,K27me1,0.0231779003666234,0.0547025803305174,0.330770688007798,0.6938351456521934,0.052175079907926566
R17me1K36me1,0.0017649556172409,R17me1,K36me1,0.0231779003666234,0.2043950658454946,-0.9873731496115458,-2.138973422585794,-0.15574618564359918
K9me1K27me3,0.0042280306705312,K9me1,K27me3,0.2369141601223664,0.2308786268719388,-2.560098428481426,-5.61659813720717,-0.4683661818024326
K14me1K27me3,0.0008625258081073,K14me1,K27me3,0.151557165737976,0.2308786268719388,-3.702989962121478,-7.823388798295299,-0.5248265334349727
R8me1K27me3,0.0021429935216998,R8me1,K27me3,0.044453552698519,0.2308786268719388,-1.566378059669216,-3.3820010607233644,-0.2548799790998175
K4unK36me3,0.0355558335909235,K4un,K36me3,0.979940463985598,0.0355558335909235,0.020263460198042354,inf,0.006072993534595271
R8me1K27un,0.0005206870388194,R8me1,K27un,0.044453552698519,0.0173045552883147,-0.3902654947786327,-0.8011251520050208,-0.05161995236070434
R8me1K36me3,0.0005206870388194,R8me1,K36me3,0.044453552698519,0.0355558335909235,-1.1103999546437031,-2.2759404626914446,-0.14687128000529154
K9me1K27un,0.0005206870388194,K9me1,K27un,0.2369141601223664,0.0173045552883147,-2.06351849223733,-4.3821259816098594,-0.27293913423000216
K9me1K36me3,0.0005206870388194,K9me1,K36me3,0.2369141601223664,0.0355558335909235,-2.783652952102401,-5.856941292296283,-0.36819046187458937
K14unK36me3,0.0330251034395005,K14un,K36me3,0.5461861910304805,0.0355558335909235,0.5309590965435776,2.940613078393462,0.15568423230919032
R17unK36me3,0.0355558335909235,R17un,K36me3,0.9314652204065968,0.0355558335909235,0.07099642682852966,inf,0.0212777500434344
K18unK36me3,0.0355558335909235,K18un,K36me3,0.8831031758180881,0.0355558335909235,0.12431323829814298,inf,0.03725688925142999
K23unK36me3,0.0319646858794086,K23un,K36me3,0.9440455053806311,0.0355558335909235,-0.048891601871988995,-0.690124899581607,-0.014199781429866061
R26unK36me3,0.0312090584300527,R26un,K36me3,0.9703436815270856,0.0355558335909235,-0.10029089181323977,-1.6205037024499438,-0.028926892233385997
K27unK36me3,0.0073981923511132,K27un,K36me3,0.0173045552883147,0.0355558335909235,2.4869169559968767,5.711252525811844,0.5068596818306575
K4unK14me2,0.0025611478080301,K4un,K14me2,0.979940463985598,0.0025611478080301,0.020263460198042354,inf,0.003395750342406203
R8unK14me2,0.0025611478080301,R8un,K14me2,0.955546447301478,0.0025611478080301,0.045471906015988404,inf,0.0076201812974949325
K9unK14me2,0.0025611478080301,K9un,K14me2,0.0643866041206643,0.0025611478080301,2.742849678057715,inf,0.459646706061241
K9unR17un,0.0246361780433928,K9un,R17un,0.0643866041206643,0.9314652204065968,-0.8896931593369565,-4.01726322868695,-0.24022781881416483
K9unK27me3,0.004902764615737,K9un,K27me3,0.0643866041206643,0.2308786268719388,-1.1092432162785437,-2.4468809600183867,-0.20858450331718417
K14me2R17un,0.0025611478080301,K14me2,R17un,0.0025611478080301,0.9314652204065968,0.07099642682852987,inf,0.011897580095224234
K14me2K18un,0.0025611478080301,K14me2,K18un,0.0025611478080301,0.8831031758180881,0.12431323829814298,inf,0.020832410525687288
K14me2K23un,0.0025611478080301,K14me2,K23un,0.0025611478080301,0.9440455053806311,0.057580909146089355,inf,0.009649407852257312
K14me2R26un,0.0011448507449954,K14me2,R26un,0.0025611478080301,0.9703436815270856,-0.7750762863398707,-4.477206786124815,-0.1144449553805341
K14me2K27me3,0.0011448507449954,K14me2,K27me3,0.0025611478080301,0.2308786268719388,0.6606818856159429,1.653673609763911,0.09755389276209647
K14me2K36un,0.001749310228311,K14me2,K36un,0.0025611478080301,0.1757864928755773,1.35725116348359,3.677523906288937,0.21378970680320117
R8unK36me3,0.0350351465521041,R8un,K36me3,0.955546447301478,0.0355558335909235,0.030719412677988802,1.1729895386675206,0.009166133640720877
K9me2K27un,0.0068775053122938,K9me2,K27un,0.3423998086873335,0.0173045552883147,0.14906240138103433,0.38836767221504026,0.02993521890807001
K9me2K36me3,0.0350351465521041,K9me2,K36me3,0.3423998086873335,0.0355558335909235,1.0570237001169709,5.990340486404334,0.31539732215074856
R26me1K27un,0.0043467751608708,R26me1,K27un,0.0247978470623349,0.0173045552883147,2.3154628911175044,5.0703541890808035,0.4257679657643678
R26me1K36me3,0.0043467751608708,R26me1,K36me3,0.0247978470623349,0.0355558335909235,1.5953284312524338,3.4524604241899803,0.29334943933072044
K27me1K36me3,0.0245664935282954,K27me1,K36me3,0.0547025803305174,0.0355558335909235,2.5361236228981925,6.750154288090316,0.684260443550346
K23me1R26me1,0.0017888602612619,K23me1,R26me1,0.0048368557601094,0.0247978470623349,2.702312259804669,5.911318114795941,0.4271635833172783
K4unR26me2,0.0048584714105764,K4un,R26me2,0.979940463985598,0.0048584714105764,0.020263460198042354,inf,0.0038038935044655015
R8unR26me2,0.0048584714105764,R8un,R26me2,0.955546447301478,0.0048584714105764,0.045471906015988196,inf,0.008536068679257151
K9me2R26me2,0.0018259797134288,K9me2,R26me2,0.3423998086873335,0.0048584714105764,0.09316900185777448,0.23899594550144568,0.014775506125357035
K14unR26me2,0.0045364312556357,K14un,R26me2,0.5461861910304805,0.0048584714105764,0.536212124187873,2.9996288930005623,0.09937924771469024
R17unR26me2,0.0048584714105764,R17un,R26me2,0.9314652204065968,0.0048584714105764,0.07099642682852966,inf,0.013327578025365822
K18unR26me2,0.0030734340045281,K18un,R26me2,0.8831031758180881,0.0048584714105764,-0.33361512085031403,-1.8137933023355544,-0.05766939336976609
K23unR26me2,0.0048584714105764,K23un,R26me2,0.9440455053806311,0.0048584714105764,0.057580909146089355,inf,0.01080919271147916
R26me2K27me1,0.0018259797134288,R26me2,K27me1,0.0048584714105764,0.0547025803305174,1.9272372066652486,4.298637642067558,0.3056371173275824
R26me2K36me1,0.0018259797134288,R26me2,K36me1,0.0048584714105764,0.2043950658454946,0.6090933690459049,1.4649768596054624,0.09659503295946435
K4me1R8un,0.0200595360143991,K4me1,R8un,0.0200595360143991,0.955546447301478,0.045471906015988196,inf,0.011632467921109073
K4me1K9me1,0.0200595360143991,K4me1,K9me1,0.0200595360143991,0.2369141601223664,1.4400573970314545,inf,0.36839057218393984
K4me1K14un,0.0003449064926075,K4me1,K14un,0.0200595360143991,0.5461861910304805,-3.458391234829531,-7.709138849403671,-0.43380435656556937
K4me1R17un,0.0200595360143991,K4me1,R17un,0.0200595360143991,0.9314652204065968,0.07099642682852987,inf,0.018162063787382537
K4me1K18un,0.0135364707348752,K4me1,K18un,0.0200595360143991,0.8831031758180881,-0.26900383530594607,-1.5659274633944245,-0.0625246036717867
K4me1K23un,0.0188210725124132,K4me1,K23un,0.0200595360143991,0.9440455053806311,-0.006146622789157842,-0.11080203642161629,-0.0015471850035075857
K4me1R26un,0.0200595360143991,K4me1,R26un,0.0200595360143991,0.9703436815270856,0.03010495938531093,inf,0.007701348040981397
K4me1K27me2,0.0200595360143991,K4me1,K27me2,0.0200595360143991,0.6382540189594252,0.4490189260383395,inf,0.11486649033966871
K4me1K36me2,0.0200595360143991,K4me1,K36me2,0.0200595360143991,0.5842626076880014,0.5374047265268478,inf,0.13747704439259575
K9me1K36me2,0.2086154980013425,K9me1,K36me2,0.2369141601223664,0.5842626076880014,0.41019967969152704,2.2388968630679216,0.2617300512092127
K27me2K36me2,0.5743562447507999,K27me2,K36me2,0.6382540189594252,0.5842626076880014,0.43191821284243853,5.347947021271571,0.7789251139869727
R8me1K36me2,0.0385943663432239,R8me1,K36me2,0.044453552698519,0.5842626076880014,0.3960661581965487,1.963732439572931,0.12169243525830852
K14me1K36me2,0.1303402013129713,K14me1,K36me2,0.151557165737976,0.5842626076880014,0.3865898065701294,1.9497116523872642,0.1897273355851933
K4unK27ac,0.0588602185498005,K4un,K27ac,0.979940463985598,0.0588602185498005,0.020263460198042354,inf,0.0071536867189565855
R8unK27ac,0.0588602185498005,R8un,K27ac,0.955546447301478,0.0588602185498005,0.045471906015988196,inf,0.016053120591104333
K9me2K27ac,0.0580811112181141,K9me2,K27ac,0.3423998086873335,0.0588602185498005,1.0584512404888187,6.147735951299356,0.37191951402610895
K14unK27ac,0.0588602185498005,K14un,K27ac,0.5461861910304805,0.0588602185498005,0.6047953521543246,inf,0.21351321226031506
R17unK27ac,0.0588602185498005,R17un,K27ac,0.9314652204065968,0.0588602185498005,0.07099642682852987,inf,0.02506413962535845
K18unK27ac,0.0588602185498005,K18un,K27ac,0.8831031758180881,0.0588602185498005,0.12431323829814298,inf,0.04388677714035362
K23unK27ac,0.0552690708382856,K23un,K27ac,0.9440455053806311,0.0588602185498005,-0.0053710923140545385,-0.0976000507909264,-0.0018549524197592167
R26unK27ac,0.0588602185498005,R26un,K27ac,0.9703436815270856,0.0588602185498005,0.030104959385310714,inf,0.010628068751566461
K27acK36me1,0.0486673774502937,K27ac,K36me1,0.0588602185498005,0.2043950658454946,1.3975440428767403,4.531197609318333,0.4623424810624597
R17me1K36me2,0.018586722048669,R17me1,K36me2,0.0231779003666234,0.5842626076880014,0.31665292968494435,1.3835454684077384,0.07945507445460691
R26me1K27me3,0.002371727691982,R26me1,K27me3,0.0247978470623349,0.2308786268719388,-0.8812750325328623,-1.9393107887744725,-0.1458066039965598
R26me1K36un,0.0037880247550168,R26me1,K36un,0.0247978470623349,0.1757864928755773,-0.14042699796472638,-0.3117388015323391,-0.025184585770873062
K4unK14ac,0.2774285672955717,K4un,K14ac,0.979940463985598,0.2971431968173634,-0.04838722167828268,-1.312744497547322,-0.03773789685876256
R8unK14ac,0.2792893302718703,R8un,K14ac,0.955546447301478,0.2971431968173634,-0.01649399021341987,-0.34119638932876994,-0.012931320725265346
K9unK14ac,0.0430478510798724,K9un,K14ac,0.0643866041206643,0.2971431968173634,0.8109478240669662,2.46362600287097,0.2578167313099152
K9unK36me2,0.0396700753241701,K9un,K36me2,0.0643866041206643,0.5842626076880014,0.05309625889595955,0.18968418834447495,0.016452946059335432
K14acR17un,0.2693864126239353,K14ac,R17un,0.2971431968173634,0.9314652204065968,-0.027070912936258778,-0.37504971964009876,-0.020639477349779348
K14acK18un,0.2523481593176318,K14ac,K18un,0.2971431968173634,0.8831031758180881,-0.03909120988127073,-0.3486067958796029,-0.028389800588986006
K14acK23un,0.261478907408157,K14ac,K23un,0.2971431968173634,0.9440455053806311,-0.0702796373839287,-0.9319993478893754,-0.05239268710169903
K14acR26un,0.2968211566624227,K14ac,R26un,0.2971431968173634,0.9703436815270856,0.029020583918633623,3.379781074738599,0.02389261892915357
K14acK27me2,0.2540147118099294,K14ac,K27me2,0.2971431968173634,0.6382540189594252,0.29219694511632666,1.6524800467838927,0.2132259301066394
K14acK36me2,0.2517006809142271,K14ac,K36me2,0.2971431968173634,0.5842626076880014,0.37143116715083696,1.9538492360110356,0.26924771066371617
K4unK18ac,0.0585096721658593,K4un,K18ac,0.979940463985598,0.0637942739433974,-0.06620789928160327,-1.5549561414003135,-0.02332444076964806
K4unK23me2,0.0081912224270961,K4un,K23me2,0.979940463985598,0.0081912224270961,0.020263460198042354,inf,0.004217431551060847
R8unK18ac,0.0637942739433974,R8un,K18ac,0.955546447301478,0.0637942739433974,0.045471906015988196,inf,0.016522670250111136
R8unK23me2,0.0081912224270961,R8un,K23me2,0.955546447301478,0.0081912224270961,0.045471906015988196,inf,0.00946406236863877
K9unK18ac,0.0058585492127595,K9un,K18ac,0.0643866041206643,0.0637942739433974,0.3550882401610888,0.7694321450858264,0.06908528721962695
K9unK23me2,0.0036933736916719,K9un,K23me2,0.0643866041206643,0.0081912224270961,1.946326852772298,4.476413179989235,0.3474829777118392
K14unK18ac,0.010705575655567,K14un,K18ac,0.5461861910304805,0.0637942739433974,-1.1801033890118473,-3.012700483741615,-0.26010708357916174
K14unK23me2,0.0010573026410289,K14un,K23me2,0.5461861910304805,0.0081912224270961,-1.4425468064179086,-3.543246875208763,-0.21052825261437116
R17unK18ac,0.0637942739433974,R17un,K18ac,0.9314652204065968,0.0637942739433974,0.07099642682852987,inf,0.025797259279421697
R17unK23me2,0.0081912224270961,R17un,K23me2,0.9314652204065968,0.0081912224270961,0.07099642682852987,inf,0.01477647783709476
K18acK23me2,0.0010573026410289,K18ac,K23me2,0.0637942739433974,0.0081912224270961,0.7047496841904303,1.4902691903559206,0.1028526207143106
K18acR26un,0.0620092365373491,K18ac,R26un,0.0637942739433974,0.9703436815270856,0.00172487352390192,0.06171138166425775,0.0006203527919648807
K18acK27me2,0.0637942739433974,K18ac,K27me2,0.0637942739433974,0.6382540189594252,0.4490189260383395,inf,0.16315550195722966
K18acK36un,0.0028423400470772,K18ac,K36un,0.0637942739433974,0.1757864928755773,-1.37255063405938,-2.9424676988537026,-0.23409871425830306
K23me2R26un,0.0081912224270961,K23me2,R26un,0.0081912224270961,0.9703436815270856,0.03010495938531093,inf,0.006265741601588941
K23me2K27me2,0.0081912224270961,K23me2,K27me2,0.0081912224270961,0.6382540189594252,0.4490189260383395,inf,0.09345425545240788
K23me2K36un,0.0036933736916719,K23me2,K36un,0.0081912224270961,0.1757864928755773,0.9419623037319991,2.3030723311894947,0.16817106835210058
K9unR26me2,0.0030324916971477,K9un,R26me2,0.0643866041206643,0.0048584714105764,2.2715104380673763,5.49844822900867,0.3917497816506572
K18acK23un,0.0544843708110089,K18ac,K23un,0.0637942739433974,0.9440455053806311,-0.10016864064167239,-1.1654429441867662,-0.03442408953907839
K18acR26me2,0.0017850374060483,K18ac,R26me2,0.0637942739433974,0.0048584714105764,1.7508073496776346,3.91713279835491,0.2766624446495782
R26me2K27me2,0.002710451542207,R26me2,K27me2,0.0048584714105764,0.6382540189594252,-0.13458969607557222,-0.47042958150840297,-0.02277074821471544
R26me2K36un,0.002710451542207,R26me2,K36un,0.0048584714105764,0.1757864928755773,1.1548765069035039,2.9432735739238125,0.19538941631180853
K9unK36me1,0.003297118230269,K9un,K36me1,0.0643866041206643,0.2043950658454946,-1.3841562168804795,-2.9946894330858775,-0.24220950413448392
K14acK27me3,0.0402757147010702,K14ac,K27me3,0.2971431968173634,0.2308786268719388,-0.5326023610017802,-1.342959587121028,-0.16581608526186384
K14acK36me1,0.0190579007526845,K14ac,K36me1,0.2971431968173634,0.2043950658454946,-1.1590318528651138,-2.7351540200002775,-0.2926645963565569
K27me3K36me1,0.1270078986560135,K27me3,K36me1,0.2308786268719388,0.2043950658454946,0.9900576916685424,3.2589351332651573,0.4797939485114557
K9unK27un,0.0003220401549407,K9un,K27un,0.0643866041206643,0.0173045552883147,-1.241199136676858,-2.542607529662247,-0.15436198384266264
K14acR26me2,0.0003220401549407,K14ac,R26me2,0.2971431968173634,0.0048584714105764,-1.5002617880869766,-3.2883283867190727,-0.18658036333515274
K14acK27un,0.0028527703063637,K14ac,K27un,0.2971431968173634,0.0173045552883147,-0.5891381066204475,-1.358535459202414,-0.10054469730989088
R26me2K27un,0.0003220401549407,R26me2,K27un,0.0048584714105764,0.0173045552883147,1.3429826003811463,2.7510075725797027,0.16702030507050122
R26me2K36me2,0.0003220401549407,R26me2,K36me2,0.0048584714105764,0.5842626076880014,-2.1763981737675113,-5.166233575525746,-0.2706682028749794
K9me3K27ac,0.0007791073316864,K9me3,K27ac,0.3213748601442632,0.0588602185498005,-3.1896248685009447,-6.811847531550386,-0.4456425404041233
K9me2K14ac,0.0410512351562599,K9me2,K14ac,0.3423998086873335,0.2971431968173634,-0.9076170488055633,-2.310605342986693,-0.2842579734016525
K14acK36un,0.0238538849990286,K14ac,K36un,0.2971431968173634,0.1757864928755773,-0.783781940647588,-1.8839753760240021,-0.20980251193056618
K9me1K14ac,0.0678711602457601,K9me1,K14ac,0.2369141601223664,0.2971431968173634,-0.03654556405425798,-0.09922828296732664,-0.013584983948283981
R8me1K9un,0.017853866545493,R8me1,K9un,0.044453552698519,0.0643866041206643,1.8306248915270134,4.387519920323515,0.45475317174169544
R8me1K14ac,0.017853866545493,R8me1,K14ac,0.044453552698519,0.2971431968173634,0.30131632567668076,0.7800700072711926,0.07485124638763399
K14acK18me1,0.0395104357221935,K14ac,K18me1,0.2971431968173634,0.0531025502385114,0.9178809905343037,2.934009545038356,0.28406898501977
K18me1K27me3,0.0053964084936007,K18me1,K27me3,0.0531025502385114,0.2308786268719388,-0.820628184324518,-1.8275116865798873,-0.15714760313628862
K9me3R26me1,0.0007789185487129,K9me3,R26me1,0.3213748601442632,0.0247978470623349,-2.3254585861792907,-5.0293727672319175,-0.324893436599443
R26me1K27me2,0.0007789185487129,R26me1,K27me2,0.0247978470623349,0.6382540189594252,-3.0115867087163957,-7.031961169175893,-0.4207534639520939
R26me1K36me2,0.0007789185487129,R26me1,K36me2,0.0247978470623349,0.5842626076880014,-2.9232009082278876,-6.715965111676855,-0.4084049462713365
R8me1R17me1,0.0172825148761572,R8me1,R17me1,0.044453552698519,0.0231779003666234,2.819806429806671,7.432012815746475,0.6948656346099931
K9unR17me1,0.0172825148761572,K9un,R17me1,0.0643866041206643,0.0231779003666234,2.449345713374233,6.49026288125163,0.6035755311118081
K14acR17me1,0.0172825148761572,K14ac,R17me1,0.2971431968173634,0.0231779003666234,0.9200371475239009,2.892973042876563,0.22671846890667402
K9me1K18ac,0.0530886982878303,K9me1,K18ac,0.2369141601223664,0.0637942739433974,1.2563580281359792,4.2150211641804525,0.4279452922765534
K14me1K18ac,0.0478040965102923,K14me1,K18ac,0.151557165737976,0.0637942739433974,1.5982402942585292,4.728845942098921,0.5256255992775789
K18acK36me2,0.0609519338963201,K18ac,K36me2,0.0637942739433974,0.5842626076880014,0.491826874957218,3.2612432348014675,0.17579876421923354
K4unK9ac,0.0349245669253692,K4un,K9ac,0.979940463985598,0.0349245669253692,0.020263460198042354,inf,0.006040563102195404
R8unK9ac,0.0349245669253692,R8un,K9ac,0.955546447301478,0.0349245669253692,0.045471906015988404,inf,0.013555232669157518
K9acK14me1,0.0120355988997067,K9ac,K14me1,0.0349245669253692,0.151557165737976,0.8214707218302404,1.9483190138044337,0.18585787935962164
K9acR17un,0.0120355988997067,K9ac,R17un,0.0349245669253692,0.9314652204065968,-0.9943252449418076,-4.269072625815115,-0.22496624226226639
K9acK18me1,0.0120355988997067,K9ac,K18me1,0.0349245669253692,0.0531025502385114,1.87020865302656,4.329860528978638,0.42313500040158714
K9acK23un,0.0349245669253692,K9ac,K23un,0.0349245669253692,0.9440455053806311,0.057580909146089355,inf,0.0171649418104977
K9acR26un,0.0349245669253692,K9ac,R26un,0.0349245669253692,0.9703436815270856,0.030104959385310714,inf,0.008974326451588346
K9acK27me2,0.0349245669253692,K9ac,K27me2,0.0349245669253692,0.6382540189594252,0.44901892603833965,inf,0.1338531095038072
K9acK36me2,0.0349245669253692,K9ac,K36me2,0.0349245669253692,0.5842626076880014,0.5374047265268479,inf,0.16020102836716435
K18me1K36me2,0.0461496261282994,K18me1,K36me2,0.0531025502385114,0.5842626076880014,0.39706863202903897,1.9772159555286493,0.12909163724999687
K9acK14un,0.0228889680256625,K9ac,K14un,0.0349245669253692,0.5461861910304805,0.18225989610001558,0.6470344949615741,0.04825392099670346
K9acR17me2,0.0228889680256625,K9ac,R17me2,0.0349245669253692,0.0453568792267768,2.670657965990318,7.027144622686876,0.7070656861858188
K9acK18un,0.0228889680256625,K9ac,K18un,0.0349245669253692,0.8831031758180881,-0.2982222177561661,-1.68687474966502,-0.07895533599542365
R17me2K36me2,0.0333632373429333,R17me2,K36me2,0.0453568792267768,0.5842626076880014,0.23029748502542574,0.925459361160053,0.06772856515142897
K9me3K14ac,0.1451729503354708,K9me3,K14ac,0.3213748601442632,0.2971431968173634,0.418858674381356,1.368935956278113,0.21704439554522326
K9me3K18ac,0.0048470264428075,K9me3,K18ac,0.3213748601442632,0.0637942739433974,-1.4421509752958774,-3.2436908121886936,-0.27060339201769307
K4unK23ac,0.0143960468090213,K4un,K23ac,0.979940463985598,0.0143960468090213,0.020263460198042354,inf,0.00477821457624829
R8unK23ac,0.0143960468090213,R8un,K23ac,0.955546447301478,0.0143960468090213,0.045471906015988196,inf,0.010722478886225854
K9me2K23ac,0.0035911477115149,K9me2,K23ac,0.3423998086873335,0.0143960468090213,-0.3167056000773473,-0.769572470012607,-0.05626037558280177
K14unK23ac,0.0035911477115149,K14un,K23ac,0.5461861910304805,0.0143960468090213,-0.7836864413779933,-2.0783911834539968,-0.13921602118910203
R17unK23ac,0.0143960468090213,R17un,K23ac,0.9314652204065968,0.0143960468090213,0.07099642682852987,inf,0.016741275094092768
K18unK23ac,0.0061434463176617,K18un,K23ac,0.8831031758180881,0.0143960468090213,-0.7272545292265805,-3.0520670637256133,-0.1428126028221718
K23acR26un,0.0143960468090213,K23ac,R26un,0.0143960468090213,0.9703436815270856,0.030104959385310714,inf,0.007098884116847503
K23acK27ac,0.0035911477115149,K23ac,K27ac,0.0143960468090213,0.0588602185498005,1.444108029606865,3.1629577709522,0.25653496530525427
K23acK36me3,0.0035911477115149,K23ac,K36me3,0.0143960468090213,0.0355558335909235,1.9481692472781171,4.239060983688541,0.34607766179051747
K27acK36me3,0.0035911477115149,K27ac,K36me3,0.0588602185498005,0.0355558335909235,0.5399574331763427,1.1524724370959618,0.0959193900638559
K4unK23me3,0.0272919061211531,K4un,K23me3,0.979940463985598,0.028530369623139,-0.024115481385259405,-0.8208834821409228,-0.006696577556637999
R8unK23me3,0.028530369623139,R8un,K23me3,0.955546447301478,0.028530369623139,0.045471906015988196,inf,0.012784548745101636
K9me1K23me3,0.0119577495210044,K9me1,K23me3,0.2369141601223664,0.028530369623139,0.5704678399712185,1.436614065561732,0.12887921782117803
K14acK23me3,0.028530369623139,K14ac,K23me3,0.2971431968173634,0.028530369623139,1.2135411122073825,inf,0.3411903494378511
R17unK23me3,0.028530369623139,R17un,K23me3,0.9314652204065968,0.028530369623139,0.07099642682852987,inf,0.01996083646017046
K18me1K23me3,0.0148590134536892,K18me1,K23me3,0.0531025502385114,0.028530369623139,2.283167851757329,5.546742599410179,0.5424298478764924
K23me3R26un,0.028530369623139,K23me3,R26un,0.028530369623139,0.9703436815270856,0.030104959385310714,inf,0.008464090346146569
K23me3K27me2,0.0119577495210044,K23me3,K27me2,0.028530369623139,0.6382540189594252,-0.42057063102189673,-1.3247695580535184,-0.09501467070851179
K23me3K36me2,0.0119577495210044,K23me3,K36me2,0.028530369623139,0.5842626076880014,-0.33218483053338815,-1.007120506019027,-0.07504668647642539
K9me1K23ac,0.0082526004913596,K9me1,K23ac,0.2369141601223664,0.0143960468090213,0.8836321170421817,2.3694014525547864,0.1841964393780154
K14me1K23ac,0.0082526004913596,K14me1,K23ac,0.151557165737976,0.0143960468090213,1.3303671136113049,3.3894394432934294,0.27732003021016516
K18acK23ac,0.0082526004913596,K18ac,K23ac,0.0637942739433974,0.0143960468090213,2.1956665627733907,5.3010100081707865,0.4576949559936807
K23acK27me2,0.0108048990975063,K23ac,K27me2,0.0143960468090213,0.6382540189594252,0.16206493571229377,0.6983717355027025,0.035793657839122306
K23acK36me2,0.0108048990975063,K23ac,K36me2,0.0143960468090213,0.5842626076880014,0.2504507362008021,1.015847465390636,0.05531454362862384
K9me2K18me1,0.007399112668109,K9me2,K18me1,0.3423998086873335,0.0531025502385114,-0.8990886774248898,-2.1000020656207945,-0.18324832011435133
K9me2K23me2,0.0044978487354242,K9me2,K23me2,0.3423998086873335,0.0081912224270961,0.4723122719053561,1.326987561392692,0.08739797057517114
K9me2K27me2,0.0044978487354242,K9me2,K27me2,0.3423998086873335,0.6382540189594252,-3.8833609358137124,-9.182397685779144,-0.7185878601710901
K9me2K36me2,0.0044978487354242,K9me2,K36me2,0.3423998086873335,0.5842626076880014,-3.794975135325204,-8.865858490866465,-0.7022327069179357
K14acK23me2,0.0071339197860672,K14ac,K23me2,0.2971431968173634,0.0081912224270961,1.075338809963121,3.861493976391151,0.21755245309931553
K18me1K23me2,0.0044978487354242,K18me1,K23me2,0.0531025502385114,0.0081912224270961,2.3360664032472833,5.494370884922434,0.4322721955731099
K23me2K36me2,0.0044978487354242,K23me2,K36me2,0.0081912224270961,0.5842626076880014,-0.0620591950227664,-0.20579388691709657,-0.011483605282238777
K4me1K14ac,0.0197146295217916,K4me1,K14ac,0.0200595360143991,0.2971431968173634,1.1961974352924598,6.151366577419114,0.3046554530246043
K4me1K18ac,0.005284601777538,K4me1,K18ac,0.0200595360143991,0.0637942739433974,1.418184457302951,3.1424293200951063,0.2704931937351392
K14acK18ac,0.005284601777538,K14ac,K18ac,0.2971431968173634,0.0637942739433974,-1.277325057095888,-2.868756145037827,-0.2436267950565889
K4unK14me3,0.0025522986061468,K4un,K14me3,0.979940463985598,0.0025522986061468,0.020263460198042572,inf,0.0033937818810412393
R8unK14me3,0.0025522986061468,R8un,K14me3,0.955546447301478,0.0025522986061468,0.045471906015988196,inf,0.0076157640020621045
K9me3K14me3,0.0025522986061468,K9me3,K14me3,0.3213748601442632,0.0025522986061468,1.135147048575445,inf,0.19011765256878121
K9me3K23ac,0.0025522986061468,K9me3,K23ac,0.3213748601442632,0.0143960468090213,-0.5948122258499599,-1.3886845006372668,-0.09962084140528002
K14me3R17un,0.0025522986061468,K14me3,R17un,0.0025522986061468,0.9314652204065968,0.07099642682852987,inf,0.011890683261124867
K14me3K18un,0.0025522986061468,K14me3,K18un,0.0025522986061468,0.8831031758180881,0.12431323829814298,inf,0.020820334315387743
K14me3K23ac,0.0025522986061468,K14me3,K23ac,0.0025522986061468,0.0143960468090213,4.240801637240957,inf,0.7102615060259387
K14me3R26un,0.0025522986061468,K14me3,R26un,0.0025522986061468,0.9703436815270856,0.030104959385310714,inf,0.0050420641239357225
K14me3K27me2,0.0025522986061468,K14me3,K27me2,0.0025522986061468,0.6382540189594252,0.4490189260383395,inf,0.07520296536426278
K14me3K36me2,0.0025522986061468,K14me3,K36me2,0.0025522986061468,0.5842626076880014,0.5374047265268479,inf,0.0900060703279551
K4me1K18me1,0.0012384635019859,K4me1,K18me1,0.0200595360143991,0.0531025502385114,0.15069717240305924,0.31389230922683575,0.022512666394929635
K4me1K23me3,0.0012384635019859,K4me1,K23me3,0.0200595360143991,0.028530369623139,0.7719530058513349,1.6028037538211364,0.11532214052970159
K9unR26me1,0.0014162970630348,K9un,R26me1,0.0643866041206643,0.0247978470623349,-0.11986139579477831,-0.25033432135070316,-0.018272363358888054
K9unK27me1,0.0014162970630348,K9un,K27me1,0.0643866041206643,0.0547025803305174,-0.9110154391145394,-1.896365241415292,-0.13888045453399445
K14me2R26me1,0.0014162970630348,K14me2,R26me1,0.0025611478080301,0.0247978470623349,3.1045886846108512,7.045493276263962,0.47328142767692605
K14me2K27me1,0.0014162970630348,K14me2,K27me1,0.0025611478080301,0.0547025803305174,2.3134346412910904,5.399462356199374,0.3526733365018197
K27me1K36un,0.0014162970630348,K27me1,K36un,0.0547025803305174,0.1757864928755773,-1.9153799881548388,-4.0460198386436526,-0.2919915864640098
K27acK36un,0.0066016933879919,K27ac,K36un,0.0588602185498005,0.1757864928755773,-0.44935413676445596,-0.9954565886746175,-0.0895051257184527
K14me2K36me1,0.0008118375797192,K14me2,K36me1,0.0025611478080301,0.2043950658454946,0.43879005631983065,1.0315769277578402,0.061660636787874534
K18unK23me2,0.002636071050643,K18un,K23me2,0.8831031758180881,0.0081912224270961,-1.0094603366878923,-3.782282260852664,-0.16998672488781452
K14acK36me3,0.002530730151423,K14ac,K36me3,0.2971431968173634,0.0355558335909235,-1.4290552674607149,-3.164526371710464,-0.23900253108213818
R17me1K27me3,0.0012726332201917,R17me1,K27me3,0.0231779003666234,0.2308786268719388,-1.4362479672780069,-3.0964536397981823,-0.21543718033479237
K14acR17me2,0.0104742693172708,K14ac,R17me2,0.2971431968173634,0.0453568792267768,-0.25209903626939567,-0.6047582633281638,-0.055299021639994304
K9me2K23me3,0.0165726201021347,K9me2,K23me3,0.3423998086873335,0.028530369623139,0.5285590148992064,1.5282161124176237,0.12891672798286527
K18unK23me3,0.0136713561694499,K18un,K23me3,0.8831031758180881,0.028530369623139,-0.6113530289097577,-2.7301503105698943,-0.14242511466978663
K23me3K27me3,0.0165726201021347,K23me3,K27me3,0.028530369623139,0.2308786268719388,0.9226459527853604,2.4979169177449445,0.2250354150943845
K23me3K36me1,0.0165726201021347,K23me3,K36me1,0.028530369623139,0.2043950658454946,1.0444833820873365,2.7855161591209088,0.2547518370807726
K18me1K36me1,0.0029012639326848,K18me1,K36me1,0.0531025502385114,0.2043950658454946,-1.31937791264305,-2.8514924353939057,-0.22581999894908866
K4me1R8me1,0.0,K4me1,R8me1,0.0200595360143991,0.044453552698519,,,-1.0
K4me1K9me2,0.0,K4me1,K9me2,0.0200595360143991,0.3423998086873335,,,-1.0
K4me1K9me3,0.0,K4me1,K9me3,0.0200595360143991,0.3213748601442632,,,-1.0
K4me1K9ac,0.0,K4me1,K9ac,0.0200595360143991,0.0349245669253692,,,-1.0
K4me1K9un,0.0,K4me1,K9un,0.0200595360143991,0.0643866041206643,,,-1.0
K4me1K14me1,0.0,K4me1,K14me1,0.0200595360143991,0.151557165737976,,,-1.0
K4me1K14me2,0.0,K4me1,K14me2,0.0200595360143991,0.0025611478080301,,,-1.0
K4me1K14me3,0.0,K4me1,K14me3,0.0200595360143991,0.0025522986061468,,,-1.0
K4me1R17me1,0.0,K4me1,R17me1,0.0200595360143991,0.0231779003666234,,,-1.0
K4me1R17me2,0.0,K4me1,R17me2,0.0200595360143991,0.0453568792267768,,,-1.0
K4me1K18me2,0.0,K4me1,K18me2,0.0200595360143991,0.0,,,
K4me1K23me1,0.0,K4me1,K23me1,0.0200595360143991,0.0048368557601094,,,-1.0
K4me1K23me2,0.0,K4me1,K23me2,0.0200595360143991,0.0081912224270961,,,-1.0
K4me1K23ac,0.0,K4me1,K23ac,0.0200595360143991,0.0143960468090213,,,-1.0
K4me1R26me1,0.0,K4me1,R26me1,0.0200595360143991,0.0247978470623349,,,-1.0
K4me1R26me2,0.0,K4me1,R26me2,0.0200595360143991,0.0048584714105764,,,-1.0
K4me1K27me1,0.0,K4me1,K27me1,0.0200595360143991,0.0547025803305174,,,-1.0
K4me1K27me3,0.0,K4me1,K27me3,0.0200595360143991,0.2308786268719388,,,-1.0
K4me1K27ac,0.0,K4me1,K27ac,0.0200595360143991,0.0588602185498005,,,-1.0
K4me1K27un,0.0,K4me1,K27un,0.0200595360143991,0.0173045552883147,,,-1.0
K4me1K36me1,0.0,K4me1,K36me1,0.0200595360143991,0.2043950658454946,,,-1.0
K4me1K36me3,0.0,K4me1,K36me3,0.0200595360143991,0.0355558335909235,,,-1.0
K4me1K36un,0.0,K4me1,K36un,0.0200595360143991,0.1757864928755773,,,-1.0
K4unK18me2,0.0,K4un,K18me2,0.979940463985598,0.0,,,
R8me1K9me2,0.0,R8me1,K9me2,0.044453552698519,0.3423998086873335,,,-1.0
R8me1K9me3,0.0,R8me1,K9me3,0.044453552698519,0.3213748601442632,,,-1.0
R8me1K9ac,0.0,R8me1,K9ac,0.044453552698519,0.0349245669253692,,,-1.0
R8me1K14me1,0.0,R8me1,K14me1,0.044453552698519,0.151557165737976,,,-1.0
R8me1K14me2,0.0,R8me1,K14me2,0.044453552698519,0.0025611478080301,,,-1.0
R8me1K14me3,0.0,R8me1,K14me3,0.044453552698519,0.0025522986061468,,,-1.0
R8me1R17me2,0.0,R8me1,R17me2,0.044453552698519,0.0453568792267768,,,-1.0
R8me1K18me1,0.0,R8me1,K18me1,0.044453552698519,0.0531025502385114,,,-1.0
R8me1K18me2,0.0,R8me1,K18me2,0.044453552698519,0.0,,,
R8me1K18ac,0.0,R8me1,K18ac,0.044453552698519,0.0637942739433974,,,-1.0
R8me1K23me1,0.0,R8me1,K23me1,0.044453552698519,0.0048368557601094,,,-1.0
R8me1K23me2,0.0,R8me1,K23me2,0.044453552698519,0.0081912224270961,,,-1.0
R8me1K23me3,0.0,R8me1,K23me3,0.044453552698519,0.028530369623139,,,-1.0
R8me1K23ac,0.0,R8me1,K23ac,0.044453552698519,0.0143960468090213,,,-1.0
R8me1R26me1,0.0,R8me1,R26me1,0.044453552698519,0.0247978470623349,,,-1.0
R8me1R26me2,0.0,R8me1,R26me2,0.044453552698519,0.0048584714105764,,,-1.0
R8me1K27me1,0.0,R8me1,K27me1,0.044453552698519,0.0547025803305174,,,-1.0
R8me1K27ac,0.0,R8me1,K27ac,0.044453552698519,0.0588602185498005,,,-1.0
R8me1K36me1,0.0,R8me1,K36me1,0.044453552698519,0.2043950658454946,,,-1.0
R8unK18me2,0.0,R8un,K18me2,0.955546447301478,0.0,,,
K9me1K14me2,0.0,K9me1,K14me2,0.2369141601223664,0.0025611478080301,,,-1.0
K9me1K14me3,0.0,K9me1,K14me3,0.2369141601223664,0.0025522986061468,,,-1.0
K9me1R17me2,0.0,K9me1,R17me2,0.2369141601223664,0.0453568792267768,,,-1.0
K9me1K18me2,0.0,K9me1,K18me2,0.2369141601223664,0.0,,,
K9me1K23me1,0.0,K9me1,K23me1,0.2369141601223664,0.0048368557601094,,,-1.0
K9me1K23me2,0.0,K9me1,K23me2,0.2369141601223664,0.0081912224270961,,,-1.0
K9me1R26me1,0.0,K9me1,R26me1,0.2369141601223664,0.0247978470623349,,,-1.0
K9me1R26me2,0.0,K9me1,R26me2,0.2369141601223664,0.0048584714105764,,,-1.0
K9me1K27me1,0.0,K9me1,K27me1,0.2369141601223664,0.0547025803305174,,,-1.0
K9me1K27ac,0.0,K9me1,K27ac,0.2369141601223664,0.0588602185498005,,,-1.0
K9me1K36me1,0.0,K9me1,K36me1,0.2369141601223664,0.2043950658454946,,,-1.0
K9me2K14me1,0.0,K9me2,K14me1,0.3423998086873335,0.151557165737976,,,-1.0
K9me2K14me2,0.0,K9me2,K14me2,0.3423998086873335,0.0025611478080301,,,-1.0
K9me2K14me3,0.0,K9me2,K14me3,0.3423998086873335,0.0025522986061468,,,-1.0
K9me2R17me2,0.0,K9me2,R17me2,0.3423998086873335,0.0453568792267768,,,-1.0
K9me2K18me2,0.0,K9me2,K18me2,0.3423998086873335,0.0,,,
K9me2K18ac,0.0,K9me2,K18ac,0.3423998086873335,0.0637942739433974,,,-1.0
K9me3K14me1,0.0,K9me3,K14me1,0.3213748601442632,0.151557165737976,,,-1.0
K9me3K14me2,0.0,K9me3,K14me2,0.3213748601442632,0.0025611478080301,,,-1.0
K9me3R17me1,0.0,K9me3,R17me1,0.3213748601442632,0.0231779003666234,,,-1.0
K9me3R17me2,0.0,K9me3,R17me2,0.3213748601442632,0.0453568792267768,,,-1.0
K9me3K18me1,0.0,K9me3,K18me1,0.3213748601442632,0.0531025502385114,,,-1.0
K9me3K18me2,0.0,K9me3,K18me2,0.3213748601442632,0.0,,,
K9me3K23me1,0.0,K9me3,K23me1,0.3213748601442632,0.0048368557601094,,,-1.0
K9me3K23me2,0.0,K9me3,K23me2,0.3213748601442632,0.0081912224270961,,,-1.0
K9me3K23me3,0.0,K9me3,K23me3,0.3213748601442632,0.028530369623139,,,-1.0
K9me3R26me2,0.0,K9me3,R26me2,0.3213748601442632,0.0048584714105764,,,-1.0
K9me3K27me3,0.0,K9me3,K27me3,0.3213748601442632,0.2308786268719388,,,-1.0
K9me3K36me3,0.0,K9me3,K36me3,0.3213748601442632,0.0355558335909235,,,-1.0
K9acK14me2,0.0,K9ac,K14me2,0.0349245669253692,0.0025611478080301,,,-1.0
K9acK14me3,0.0,K9ac,K14me3,0.0349245669253692,0.0025522986061468,,,-1.0
K9acK14ac,0.0,K9ac,K14ac,0.0349245669253692,0.2971431968173634,,,-1.0
K9acR17me1,0.0,K9ac,R17me1,0.0349245669253692,0.0231779003666234,,,-1.0
K9acK18me2,0.0,K9ac,K18me2,0.0349245669253692,0.0,,,
K9acK18ac,0.0,K9ac,K18ac,0.0349245669253692,0.0637942739433974,,,-1.0
K9acK23me1,0.0,K9ac,K23me1,0.0349245669253692,0.0048368557601094,,,-1.0
K9acK23me2,0.0,K9ac,K23me2,0.0349245669253692,0.0081912224270961,,,-1.0
K9acK23me3,0.0,K9ac,K23me3,0.0349245669253692,0.028530369623139,,,-1.0
K9acK23ac,0.0,K9ac,K23ac,0.0349245669253692,0.0143960468090213,,,-1.0
K9acR26me1,0.0,K9ac,R26me1,0.0349245669253692,0.0247978470623349,,,-1.0
K9acR26me2,0.0,K9ac,R26me2,0.0349245669253692,0.0048584714105764,,,-1.0
K9acK27me1,0.0,K9ac,K27me1,0.0349245669253692,0.0547025803305174,,,-1.0
K9acK27me3,0.0,K9ac,K27me3,0.0349245669253692,0.2308786268719388,,,-1.0
K9acK27ac,0.0,K9ac,K27ac,0.0349245669253692,0.0588602185498005,,,-1.0
K9acK27un,0.0,K9ac,K27un,0.0349245669253692,0.0173045552883147,,,-1.0
K9acK36me1,0.0,K9ac,K36me1,0.0349245669253692,0.2043950658454946,,,-1.0
K9acK36me3,0.0,K9ac,K36me3,0.0349245669253692,0.0355558335909235,,,-1.0
K9acK36un,0.0,K9ac,K36un,0.0349245669253692,0.1757864928755773,,,-1.0
K9unK14me1,0.0,K9un,K14me1,0.0643866041206643,0.151557165737976,,,-1.0
K9unK14me3,0.0,K9un,K14me3,0.0643866041206643,0.0025522986061468,,,-1.0
K9unK18me1,0.0,K9un,K18me1,0.0643866041206643,0.0531025502385114,,,-1.0
K9unK18me2,0.0,K9un,K18me2,0.0643866041206643,0.0,,,
K9unK23me1,0.0,K9un,K23me1,0.0643866041206643,0.0048368557601094,,,-1.0
K9unK23me3,0.0,K9un,K23me3,0.0643866041206643,0.028530369623139,,,-1.0
K9unK23ac,0.0,K9un,K23ac,0.0643866041206643,0.0143960468090213,,,-1.0
K9unK27ac,0.0,K9un,K27ac,0.0643866041206643,0.0588602185498005,,,-1.0
K9unK36me3,0.0,K9un,K36me3,0.0643866041206643,0.0355558335909235,,,-1.0
K14me1R17me2,0.0,K14me1,R17me2,0.151557165737976,0.0453568792267768,,,-1.0
K14me1K18me2,0.0,K14me1,K18me2,0.151557165737976,0.0,,,
K14me1K23me1,0.0,K14me1,K23me1,0.151557165737976,0.0048368557601094,,,-1.0
K14me1K23me2,0.0,K14me1,K23me2,0.151557165737976,0.0081912224270961,,,-1.0
K14me1K23me3,0.0,K14me1,K23me3,0.151557165737976,0.028530369623139,,,-1.0
K14me1R26me1,0.0,K14me1,R26me1,0.151557165737976,0.0247978470623349,,,-1.0
K14me1R26me2,0.0,K14me1,R26me2,0.151557165737976,0.0048584714105764,,,-1.0
K14me1K27me1,0.0,K14me1,K27me1,0.151557165737976,0.0547025803305174,,,-1.0
K14me1K27ac,0.0,K14me1,K27ac,0.151557165737976,0.0588602185498005,,,-1.0
K14me1K27un,0.0,K14me1,K27un,0.151557165737976,0.0173045552883147,,,-1.0
K14me1K36me1,0.0,K14me1,K36me1,0.151557165737976,0.2043950658454946,,,-1.0
K14me1K36me3,0.0,K14me1,K36me3,0.151557165737976,0.0355558335909235,,,-1.0
K14me2R17me1,0.0,K14me2,R17me1,0.0025611478080301,0.0231779003666234,,,-1.0
K14me2R17me2,0.0,K14me2,R17me2,0.0025611478080301,0.0453568792267768,,,-1.0
K14me2K18me1,0.0,K14me2,K18me1,0.0025611478080301,0.0531025502385114,,,-1.0
K14me2K18me2,0.0,K14me2,K18me2,0.0025611478080301,0.0,,,
K14me2K18ac,0.0,K14me2,K18ac,0.0025611478080301,0.0637942739433974,,,-1.0
K14me2K23me1,0.0,K14me2,K23me1,0.0025611478080301,0.0048368557601094,,,-1.0
K14me2K23me2,0.0,K14me2,K23me2,0.0025611478080301,0.0081912224270961,,,-1.0
K14me2K23me3,0.0,K14me2,K23me3,0.0025611478080301,0.028530369623139,,,-1.0
K14me2K23ac,0.0,K14me2,K23ac,0.0025611478080301,0.0143960468090213,,,-1.0
K14me2R26me2,0.0,K14me2,R26me2,0.0025611478080301,0.0048584714105764,,,-1.0
K14me2K27me2,0.0,K14me2,K27me2,0.0025611478080301,0.6382540189594252,,,-1.0
K14me2K27ac,0.0,K14me2,K27ac,0.0025611478080301,0.0588602185498005,,,-1.0
K14me2K27un,0.0,K14me2,K27un,0.0025611478080301,0.0173045552883147,,,-1.0
K14me2K36me2,0.0,K14me2,K36me2,0.0025611478080301,0.5842626076880014,,,-1.0
K14me2K36me3,0.0,K14me2,K36me3,0.0025611478080301,0.0355558335909235,,,-1.0
K14me3R17me1,0.0,K14me3,R17me1,0.0025522986061468,0.0231779003666234,,,-1.0
K14me3R17me2,0.0,K14me3,R17me2,0.0025522986061468,0.0453568792267768,,,-1.0
K14me3K18me1,0.0,K14me3,K18me1,0.0025522986061468,0.0531025502385114,,,-1.0
K14me3K18me2,0.0,K14me3,K18me2,0.0025522986061468,0.0,,,
K14me3K18ac,0.0,K14me3,K18ac,0.0025522986061468,0.0637942739433974,,,-1.0
K14me3K23me1,0.0,K14me3,K23me1,0.0025522986061468,0.0048368557601094,,,-1.0
K14me3K23me2,0.0,K14me3,K23me2,0.0025522986061468,0.0081912224270961,,,-1.0
K14me3K23me3,0.0,K14me3,K23me3,0.0025522986061468,0.028530369623139,,,-1.0
K14me3K23un,0.0,K14me3,K23un,0.0025522986061468,0.9440455053806311,,,-1.0
K14me3R26me1,0.0,K14me3,R26me1,0.0025522986061468,0.0247978470623349,,,-1.0
K14me3R26me2,0.0,K14me3,R26me2,0.0025522986061468,0.0048584714105764,,,-1.0
K14me3K27me1,0.0,K14me3,K27me1,0.0025522986061468,0.0547025803305174,,,-1.0
K14me3K27me3,0.0,K14me3,K27me3,0.0025522986061468,0.2308786268719388,,,-1.0
K14me3K27ac,0.0,K14me3,K27ac,0.0025522986061468,0.0588602185498005,,,-1.0
K14me3K27un,0.0,K14me3,K27un,0.0025522986061468,0.0173045552883147,,,-1.0
K14me3K36me1,0.0,K14me3,K36me1,0.0025522986061468,0.2043950658454946,,,-1.0
K14me3K36me3,0.0,K14me3,K36me3,0.0025522986061468,0.0355558335909235,,,-1.0
K14me3K36un,0.0,K14me3,K36un,0.0025522986061468,0.1757864928755773,,,-1.0
K14acK18me2,0.0,K14ac,K18me2,0.2971431968173634,0.0,,,
K14acK23me1,0.0,K14ac,K23me1,0.2971431968173634,0.0048368557601094,,,-1.0
K14acK23ac,0.0,K14ac,K23ac,0.2971431968173634,0.0143960468090213,,,-1.0
K14acR26me1,0.0,K14ac,R26me1,0.2971431968173634,0.0247978470623349,,,-1.0
K14acK27me1,0.0,K14ac,K27me1,0.2971431968173634,0.0547025803305174,,,-1.0
K14acK27ac,0.0,K14ac,K27ac,0.2971431968173634,0.0588602185498005,,,-1.0
K14unK18me1,0.0,K14un,K18me1,0.5461861910304805,0.0531025502385114,,,-1.0
K14unK18me2,0.0,K14un,K18me2,0.5461861910304805,0.0,,,
K14unK23me3,0.0,K14un,K23me3,0.5461861910304805,0.028530369623139,,,-1.0
R17me1K18me1,0.0,R17me1,K18me1,0.0231779003666234,0.0531025502385114,,,-1.0
R17me1K18me2,0.0,R17me1,K18me2,0.0231779003666234,0.0,,,
R17me1K18ac,0.0,R17me1,K18ac,0.0231779003666234,0.0637942739433974,,,-1.0
R17me1K23me1,0.0,R17me1,K23me1,0.0231779003666234,0.0048368557601094,,,-1.0
R17me1K23me2,0.0,R17me1,K23me2,0.0231779003666234,0.0081912224270961,,,-1.0
R17me1K23me3,0.0,R17me1,K23me3,0.0231779003666234,0.028530369623139,,,-1.0
R17me1K23ac,0.0,R17me1,K23ac,0.0231779003666234,0.0143960468090213,,,-1.0
R17me1R26me1,0.0,R17me1,R26me1,0.0231779003666234,0.0247978470623349,,,-1.0
R17me1R26me2,0.0,R17me1,R26me2,0.0231779003666234,0.0048584714105764,,,-1.0
R17me1K27ac,0.0,R17me1,K27ac,0.0231779003666234,0.0588602185498005,,,-1.0
R17me1K27un,0.0,R17me1,K27un,0.0231779003666234,0.0173045552883147,,,-1.0
R17me1K36me3,0.0,R17me1,K36me3,0.0231779003666234,0.0355558335909235,,,-1.0
R17me2K18me1,0.0,R17me2,K18me1,0.0453568792267768,0.0531025502385114,,,-1.0
R17me2K18me2,0.0,R17me2,K18me2,0.0453568792267768,0.0,,,
R17me2K18ac,0.0,R17me2,K18ac,0.0453568792267768,0.0637942739433974,,,-1.0
R17me2K23me1,0.0,R17me2,K23me1,0.0453568792267768,0.0048368557601094,,,-1.0
R17me2K23me2,0.0,R17me2,K23me2,0.0453568792267768,0.0081912224270961,,,-1.0
R17me2K23me3,0.0,R17me2,K23me3,0.0453568792267768,0.028530369623139,,,-1.0
R17me2K23ac,0.0,R17me2,K23ac,0.0453568792267768,0.0143960468090213,,,-1.0
R17me2R26me1,0.0,R17me2,R26me1,0.0453568792267768,0.0247978470623349,,,-1.0
R17me2R26me2,0.0,R17me2,R26me2,0.0453568792267768,0.0048584714105764,,,-1.0
R17me2K27me1,0.0,R17me2,K27me1,0.0453568792267768,0.0547025803305174,,,-1.0
R17me2K27me3,0.0,R17me2,K27me3,0.0453568792267768,0.2308786268719388,,,-1.0
R17me2K27ac,0.0,R17me2,K27ac,0.0453568792267768,0.0588602185498005,,,-1.0
R17me2K27un,0.0,R17me2,K27un,0.0453568792267768,0.0173045552883147,,,-1.0
R17me2K36me1,0.0,R17me2,K36me1,0.0453568792267768,0.2043950658454946,,,-1.0
R17me2K36me3,0.0,R17me2,K36me3,0.0453568792267768,0.0355558335909235,,,-1.0
R17unK18me2,0.0,R17un,K18me2,0.9314652204065968,0.0,,,
K18me1K23me1,0.0,K18me1,K23me1,0.0531025502385114,0.0048368557601094,,,-1.0
K18me1K23ac,0.0,K18me1,K23ac,0.0531025502385114,0.0143960468090213,,,-1.0
K18me1R26me1,0.0,K18me1,R26me1,0.0531025502385114,0.0247978470623349,,,-1.0
K18me1R26me2,0.0,K18me1,R26me2,0.0531025502385114,0.0048584714105764,,,-1.0
K18me1K27me1,0.0,K18me1,K27me1,0.0531025502385114,0.0547025803305174,,,-1.0
K18me1K27ac,0.0,K18me1,K27ac,0.0531025502385114,0.0588602185498005,,,-1.0
K18me1K27un,0.0,K18me1,K27un,0.0531025502385114,0.0173045552883147,,,-1.0
K18me1K36me3,0.0,K18me1,K36me3,0.0531025502385114,0.0355558335909235,,,-1.0
K18me2K23me1,0.0,K18me2,K23me1,0.0,0.0048368557601094,,,
K18me2K23me2,0.0,K18me2,K23me2,0.0,0.0081912224270961,,,
K18me2K23me3,0.0,K18me2,K23me3,0.0,0.028530369623139,,,
K18me2K23ac,0.0,K18me2,K23ac,0.0,0.0143960468090213,,,
K18me2K23un,0.0,K18me2,K23un,0.0,0.9440455053806311,,,
K18me2R26me1,0.0,K18me2,R26me1,0.0,0.0247978470623349,,,
K18me2R26me2,0.0,K18me2,R26me2,0.0,0.0048584714105764,,,
K18me2R26un,0.0,K18me2,R26un,0.0,0.9703436815270856,,,
K18me2K27me1,0.0,K18me2,K27me1,0.0,0.0547025803305174,,,
K18me2K27me2,0.0,K18me2,K27me2,0.0,0.6382540189594252,,,
K18me2K27me3,0.0,K18me2,K27me3,0.0,0.2308786268719388,,,
K18me2K27ac,0.0,K18me2,K27ac,0.0,0.0588602185498005,,,
K18me2K27un,0.0,K18me2,K27un,0.0,0.0173045552883147,,,
K18me2K36me1,0.0,K18me2,K36me1,0.0,0.2043950658454946,,,
K18me2K36me2,0.0,K18me2,K36me2,0.0,0.5842626076880014,,,
K18me2K36me3,0.0,K18me2,K36me3,0.0,0.0355558335909235,,,
K18me2K36un,0.0,K18me2,K36un,0.0,0.1757864928755773,,,
K18acK23me1,0.0,K18ac,K23me1,0.0637942739433974,0.0048368557601094,,,-1.0
K18acK23me3,0.0,K18ac,K23me3,0.0637942739433974,0.028530369623139,,,-1.0
K18acR26me1,0.0,K18ac,R26me1,0.0637942739433974,0.0247978470623349,,,-1.0
K18acK27me1,0.0,K18ac,K27me1,0.0637942739433974,0.0547025803305174,,,-1.0
K18acK27me3,0.0,K18ac,K27me3,0.0637942739433974,0.2308786268719388,,,-1.0
K18acK27ac,0.0,K18ac,K27ac,0.0637942739433974,0.0588602185498005,,,-1.0
K18acK27un,0.0,K18ac,K27un,0.0637942739433974,0.0173045552883147,,,-1.0
K18acK36me1,0.0,K18ac,K36me1,0.0637942739433974,0.2043950658454946,,,-1.0
K18acK36me3,0.0,K18ac,K36me3,0.0637942739433974,0.0355558335909235,,,-1.0
K23me1R26me2,0.0,K23me1,R26me2,0.0048368557601094,0.0048584714105764,,,-1.0
K23me1K27me2,0.0,K23me1,K27me2,0.0048368557601094,0.6382540189594252,,,-1.0
K23me1K27me3,0.0,K23me1,K27me3,0.0048368557601094,0.2308786268719388,,,-1.0
K23me1K27ac,0.0,K23me1,K27ac,0.0048368557601094,0.0588602185498005,,,-1.0
K23me1K27un,0.0,K23me1,K27un,0.0048368557601094,0.0173045552883147,,,-1.0
K23me1K36me2,0.0,K23me1,K36me2,0.0048368557601094,0.5842626076880014,,,-1.0
K23me1K36me3,0.0,K23me1,K36me3,0.0048368557601094,0.0355558335909235,,,-1.0
K23me1K36un,0.0,K23me1,K36un,0.0048368557601094,0.1757864928755773,,,-1.0
K23me2R26me1,0.0,K23me2,R26me1,0.0081912224270961,0.0247978470623349,,,-1.0
K23me2R26me2,0.0,K23me2,R26me2,0.0081912224270961,0.0048584714105764,,,-1.0
K23me2K27me1,0.0,K23me2,K27me1,0.0081912224270961,0.0547025803305174,,,-1.0
K23me2K27me3,0.0,K23me2,K27me3,0.0081912224270961,0.2308786268719388,,,-1.0
K23me2K27ac,0.0,K23me2,K27ac,0.0081912224270961,0.0588602185498005,,,-1.0
K23me2K27un,0.0,K23me2,K27un,0.0081912224270961,0.0173045552883147,,,-1.0
K23me2K36me1,0.0,K23me2,K36me1,0.0081912224270961,0.2043950658454946,,,-1.0
K23me2K36me3,0.0,K23me2,K36me3,0.0081912224270961,0.0355558335909235,,,-1.0
K23me3R26me1,0.0,K23me3,R26me1,0.028530369623139,0.0247978470623349,,,-1.0
K23me3R26me2,0.0,K23me3,R26me2,0.028530369623139,0.0048584714105764,,,-1.0
K23me3K27me1,0.0,K23me3,K27me1,0.028530369623139,0.0547025803305174,,,-1.0
K23me3K27ac,0.0,K23me3,K27ac,0.028530369623139,0.0588602185498005,,,-1.0
K23me3K27un,0.0,K23me3,K27un,0.028530369623139,0.0173045552883147,,,-1.0
K23me3K36me3,0.0,K23me3,K36me3,0.028530369623139,0.0355558335909235,,,-1.0
K23me3K36un,0.0,K23me3,K36un,0.028530369623139,0.1757864928755773,,,-1.0
K23acR26me1,0.0,K23ac,R26me1,0.0143960468090213,0.0247978470623349,,,-1.0
K23acR26me2,0.0,K23ac,R26me2,0.0143960468090213,0.0048584714105764,,,-1.0
K23acK27me1,0.0,K23ac,K27me1,0.0143960468090213,0.0547025803305174,,,-1.0
K23acK27me3,0.0,K23ac,K27me3,0.0143960468090213,0.2308786268719388,,,-1.0
K23acK27un,0.0,K23ac,K27un,0.0143960468090213,0.0173045552883147,,,-1.0
K23acK36me1,0.0,K23ac,K36me1,0.0143960468090213,0.2043950658454946,,,-1.0
K23acK36un,0.0,K23ac,K36un,0.0143960468090213,0.1757864928755773,,,-1.0
R26me1K27ac,0.0,R26me1,K27ac,0.0247978470623349,0.0588602185498005,,,-1.0
R26me2K27me3,0.0,R26me2,K27me3,0.0048584714105764,0.2308786268719388,,,-1.0
R26me2K27ac,0.0,R26me2,K27ac,0.0048584714105764,0.0588602185498005,,,-1.0
R26me2K36me3,0.0,R26me2,K36me3,0.0048584714105764,0.0355558335909235,,,-1.0
K27me1K36me2,0.0,K27me1,K36me2,0.0547025803305174,0.5842626076880014,,,-1.0
K27me2K36me1,0.0,K27me2,K36me1,0.6382540189594252,0.2043950658454946,,,-1.0
K27me2K36me3,0.0,K27me2,K36me3,0.6382540189594252,0.0355558335909235,,,-1.0
K27me3K36me2,0.0,K27me3,K36me2,0.2308786268719388,0.5842626076880014,,,-1.0
K27me3K36me3,0.0,K27me3,K36me3,0.2308786268719388,0.0355558335909235,,,-1.0
K27acK36me2,0.0,K27ac,K36me2,0.0588602185498005,0.5842626076880014,,,-1.0
K27unK36me1,0.0,K27un,K36me1,0.0173045552883147,0.2043950658454946,,,-1.0
K27unK36un,0.0,K27un,K36un,0.0173045552883147,0.1757864928755773,,,-1.0
