binary_comb,binary_abundance,PTM_1,PTM_2,discrete_mod_x,discrete_abundance_1,discrete_mod_y,discrete_abundance_2,interplay,abundance_corrected_interplay,normalized_interplay
K4unR8un,0.957090309024671,K4un,R8un,K4un,0.9663530303483316,R8un,0.990737278676332,-0.000325582410732068,-0.0003255824097231019,-0.007423638460271891
K4unK9un,0.7050792532925787,K4un,K9un,K4un,0.9663530303483316,K9un,0.7055122552265384,0.03361212607490615,4.506216784514462,0.0961871530035446
K4unK14un,0.7590696243821695,K4un,K14un,K4un,0.9663530303483316,K14un,0.7590696243821695,0.03422605568520749,inf,0.12415960029758435
K4unR17un,0.947896280194085,K4un,R17un,K4un,0.9663530303483316,R17un,0.981543249845746,-0.0006549349181851963,-0.0006549349175706186,-0.01223944254857056
K4unK18un,0.8747012553955843,K4un,K18un,K4un,0.9663530303483316,K18un,0.9022220703316854,0.0032477738719663995,0.2689306886695057,0.024260134194789215
K4unK23un,0.801156738620056,K4un,K23un,K4un,0.9663530303483316,K23un,0.8333087799576065,-0.005121595415520849,0.04933416434274594,-0.023101606160053193
K4unR26un,0.8346879270014042,K4un,R26un,K4un,0.9663530303483316,R26un,0.8683348966530653,-0.0052934953262104584,-0.00529349532594114,-0.029294812087342883
K4unK27me2,0.4669241618032846,K4un,K27me2,K4un,0.9663530303483316,K27me2,0.5005711314549458,-0.0353568037049876,-0.03535680370476044,-0.04642507995406502
K4unK36un,0.4303311044075822,K4un,K36un,K4un,0.9663530303483316,K36un,0.4303311044075822,0.03422605568520749,inf,0.04059065609668137
R8unK9un,0.7042725192800914,R8un,K9un,R8un,0.990737278676332,K9un,0.7055122552265384,0.007547127470177619,2.0462684656896992,0.02152693944117764
R8unK14un,0.7510466390049559,R8un,K14un,R8un,0.990737278676332,K14un,0.7590696243821695,-0.0013198654563646346,0.14752632871629248,-0.0046102792950665555
R8unR17un,0.972848596399252,R8un,R17un,R8un,0.990737278676332,R17un,0.981543249845746,0.0004082744380706731,0.09495979673976779,0.01483188139667717
R8unK18un,0.8929593490080249,R8un,K18un,R8un,0.990737278676332,K18un,0.9022220703316854,-0.001013742366510562,-0.0010137423656313737,-0.008954196370660783
R8unK23un,0.825285794580393,R8un,K23un,R8un,0.990737278676332,K23un,0.8333087799576065,-0.00036862659553059423,0.150783778946126,-0.001919674878664551
R8unR26un,0.8596402432065711,R8un,R26un,R8un,0.990737278676332,R26un,0.8683348966530653,-0.0007575989236463791,0.06685582071090085,-0.0050092066658549775
R8unK27me2,0.4919800782005659,R8un,K27me2,R8un,0.990737278676332,K27me2,0.5005711314549458,-0.00800559814736295,0.06861672177756697,-0.011286346625258325
R8unK36un,0.4290913684611352,R8un,K36un,R8un,0.990737278676332,K36un,0.4303311044075822,0.006420840803429879,2.0317040240012556,0.00758888025184112
K9unK14un,0.6249371325766312,K9un,K14un,K9un,0.7055122552265384,K14un,0.7590696243821695,0.1543886887422975,2.036116065030254,0.32841374626579395
K9unR17un,0.6893383953565394,K9un,R17un,K9un,0.7055122552265384,R17un,0.981543249845746,-0.004562650641105542,0.1352534400132723,-0.012264431983604883
K9unK18un,0.6540605770633197,K9un,K18un,K9un,0.7055122552265384,K18un,0.9022220703316854,0.02717042203882781,0.8403838982725121,0.06399736767715135
K9unK23un,0.5927068052315146,K9un,K23un,K9un,0.7055122552265384,K23un,0.8333087799576065,0.008126729631687347,0.6006985728738452,0.015537033340580911
K9unR26un,0.5781251270133677,K9un,R26un,K9un,0.7055122552265384,R26un,0.8683348966530653,-0.0579560010605549,-0.010291718338170091,-0.1057658905976113
K9unK27me2,0.3610422999535561,K9un,K27me2,K9un,0.7055122552265384,K27me2,0.5005711314549458,0.02207655326883724,1.1405009930288585,0.021670020368458526
K9unK36un,0.3676795961447718,K9un,K36un,K9un,0.7055122552265384,K36un,0.4303311044075822,0.19148811049991168,2.2616423692878835,0.1913841156804527
K14unR17un,0.7455113520203405,K14un,R17un,K14un,0.7590696243821695,R17un,0.981543249845746,0.0006060577502828312,0.3295803936251613,0.002063632533254269
K14unK18un,0.7210247972820786,K14un,K18un,K14un,0.7590696243821695,K18un,0.9022220703316854,0.05147461619204285,1.2803300245502547,0.1573753848648474
K14unK23un,0.6593430395451726,K14un,K23un,K14un,0.7590696243821695,K23un,0.8333087799576065,0.04150146101927159,0.8808618986921831,0.09964065224440241
K14unR26un,0.6305823910187096,K14un,R26un,K14un,0.7590696243821695,R26un,0.8683348966530653,-0.04427186926959134,-0.006562060979402242,-0.09601121085192006
K14unK27me2,0.3460341863546279,K14un,K27me2,K14un,0.7590696243821695,K27me2,0.5005711314549458,-0.09355036071135782,0.5404562255653581,-0.08815378817299119
K14unK36un,0.3719969217756286,K14un,K36un,K14un,0.7590696243821695,K36un,0.4303311044075822,0.12999243087500167,1.9347549499266465,0.13145557087600238
R17unK18un,0.8848638874360921,R17un,K18un,R17un,0.981543249845746,K18un,0.9022220703316854,-0.0007976526082763679,0.07186740374516654,-0.0065209547373818455
R17unK23un,0.8162931807321672,R17un,K23un,R17un,0.981543249845746,K23un,0.8333087799576065,-0.002001475968114521,0.08798138700234788,-0.009860376494791144
R17unR26un,0.8504462143759851,R17un,R26un,R17un,0.981543249845746,R26un,0.8683348966530653,-0.002187094867186271,0.03339865794855115,-0.013501076543172326
R17unK27me2,0.4855784700053122,R17un,K27me2,R17un,0.981543249845746,K27me2,0.5005711314549458,-0.011779606388355374,0.20304998132568736,-0.016305885875988496
R17unK36un,0.4218598114129839,R17un,K36un,R17un,0.981543249845746,K36un,0.4303311044075822,-0.0012526630426456463,0.7951783214854237,-0.0014513832086631622
K18unK23un,0.7778563377307651,K18un,K23un,K18un,0.9022220703316854,K23un,0.8333087799576065,0.03403218506533468,0.8941217502399814,0.13547120220902728
K18unR26un,0.7727350853499304,K18un,R26un,K18un,0.9022220703316854,R26un,0.8683348966530653,-0.013746594289945135,0.025462671862571177,-0.053318779254347644
K18unK27me2,0.4428357745328785,K18un,K27me2,K18un,0.9022220703316854,K27me2,0.5005711314549458,-0.019656128732933896,0.5907467208427101,-0.02413108704638126
K18unK36un,0.40248586756922,K18un,K36un,K18un,0.9022220703316854,K36un,0.4303311044075822,0.035999653495148054,1.423011556856781,0.03955591652641099
K23unR26un,0.7039221485078453,K23un,R26un,K23un,0.8333087799576065,R26un,0.8683348966530653,-0.027558679069826238,0.003660954953889024,-0.07849518429014213
K23unK27me2,0.4216167268905826,K23un,K27me2,K23un,0.8333087799576065,K27me2,0.5005711314549458,0.0106979830607637,0.9511601305550983,0.012386819241671515
K23unK36un,0.3521735229984967,K23un,K36un,K23un,0.8333087799576065,K36un,0.4303311044075822,-0.018079884157467762,0.9082430488936312,-0.017324015501910477
R26unK27me2,0.4351175846313331,R26un,K27me2,R26un,0.8683348966530653,K27me2,0.5005711314549458,0.0010444077089833029,0.8421910335119612,0.001255088080785709
R26unK36un,0.3334445416136975,R26un,K36un,R26un,0.8683348966530653,K36un,0.4303311044075822,-0.11390055002108815,0.2558137394872346,-0.10370823726450984
K27me2K36un,0.0975399714513598,K27me2,K36un,K27me2,0.5005711314549458,K36un,0.4303311044075822,-0.7922870955006667,-0.04029554964040675,-0.3404036395471585
K4unK23me2,0.0230488945793585,K4un,K23me2,K4un,0.9663530303483316,K23me2,0.0239568853300387,-0.00441190375824145,3.642150190553115,-0.0011702235781727703
K4unK27un,0.068308630440367,K4un,K27un,K4un,0.9663530303483316,K27un,0.068308630440367,0.03422605568520749,inf,0.012753218071459576
R8unK23me2,0.0233888174528724,R8un,K23me2,R8un,0.990737278676332,K23me2,0.0239568853300387,-0.014691861625912992,2.785768365545576,-0.003912094888814399
R8unK27un,0.068308630440367,R8un,K27un,R8un,0.990737278676332,K27un,0.068308630440367,0.00930588708856999,inf,0.0034675338718684625
K9unK23me2,0.021995731740435,K9un,K23me2,K9un,0.7055122552265384,K23me2,0.0239568853300387,0.2634237893725684,5.631384241313531,0.0690149902247609
K9unK27un,0.0408519431443896,K9un,K27un,K9un,0.7055122552265384,K27un,0.068308630440367,-0.16525059453186847,2.545102548449113,-0.05167632387503142
K14unK23me2,0.0187844919495642,K14un,K23me2,K14un,0.7590696243821695,K23me2,0.0239568853300387,0.03243763696220177,4.150081447424369,0.008160979190587692
K14unK27un,0.0550612318878162,K14un,K27un,K14un,0.7590696243821695,K27un,0.068308630440367,0.060071527721135214,3.2409896581810225,0.020719253901477774
R17unK23me2,0.0233888174528724,R17un,K23me2,R17un,0.981543249845746,K23me2,0.0239568853300387,-0.005368547527181295,3.4940737758245852,-0.0014295170943075081
R17unK27un,0.0664637951625976,R17un,K27un,R17un,0.981543249845746,K27un,0.068308630440367,-0.00874955241446475,2.3122813340929214,-0.003227309634148256
K18unK23me2,0.0217022141367632,K18un,K23me2,K18un,0.9022220703316854,K23me2,0.0239568853300387,0.004053110583205964,3.876742125693073,0.001058159206743487
K18unK27un,0.0623907257811047,K18un,K27un,K18un,0.9022220703316854,K27un,0.068308630440367,0.01227511118034957,2.9207920711111535,0.004424517974686359
K23me2R26un,0.0229937745902458,K23me2,R26un,K23me2,0.0239568853300387,R26un,0.8683348966530653,0.10014555217374405,5.161760553885304,0.026545979805555852
K23me2K27un,0.0012788911557193,K23me2,K27un,K23me2,0.0239568853300387,K27un,0.068308630440367,-0.2465431927071369,6.147433753406971,-0.03700870698295064
K23me2K36un,0.0205434982274573,K23me2,K36un,K23me2,0.0239568853300387,K36un,0.4303311044075822,0.6894890890483198,6.6747070811824,0.17746504084075398
R26unK27un,0.0380538103401234,R26un,K27un,R26un,0.8683348966530653,K27un,0.068308630440367,-0.44385708662554474,1.141986311917888,-0.1357878502228837
K27unK36un,0.0002217005053682,K27un,K36un,K27un,0.068308630440367,K36un,0.4303311044075822,-4.887263645859193,-1.9900316015778805,-0.5808363749471517
K4unK27me1,0.0472169836940757,K4un,K27me1,K4un,0.9663530303483316,K27me1,0.0472169836940757,0.03422605568520749,inf,0.01121062477712774
K4unK36me1,0.1291822627390204,K4un,K36me1,K4un,0.9663530303483316,K36me1,0.1291822627390204,0.03422605568520749,inf,0.0167239372285202
R8unK27me1,0.0472169836940757,R8un,K27me1,R8un,0.990737278676332,K27me1,0.0472169836940757,0.00930588708856999,inf,0.003048110753041434
R8unK36me1,0.1291822627390204,R8un,K36me1,R8un,0.990737278676332,K36me1,0.1291822627390204,0.00930588708856977,inf,0.004547151823638305
K9unK27me1,0.023448673171785,K9un,K27me1,K9un,0.7055122552265384,K27me1,0.0472169836940757,-0.3511086029065054,2.500039893380007,-0.09355557910063896
K9unK36me1,0.0716642123462177,K9un,K36me1,K9un,0.7055122552265384,K36me1,0.1291822627390204,-0.24040166722109238,1.7103603552859294,-0.09120759168852302
K14unK27me1,0.0353365999290853,K14un,K27me1,K14un,0.7590696243821695,K27me1,0.0472169836940757,-0.01417262583879344,3.270411370419818,-0.004239701177195354
K14unK36me1,0.1085726839931713,K14un,K36me1,K14un,0.7590696243821695,K36me1,0.1291822627390204,0.10185732469568928,2.852305466824637,0.04587474632892527
R17unK27me1,0.0472169836940757,R17un,K27me1,R17un,0.981543249845746,K27me1,0.0472169836940757,0.018629201187301544,inf,0.006101929662281331
R17unK36me1,0.1291822627390204,R17un,K36me1,R17un,0.981543249845746,K36me1,0.1291822627390204,0.018629201187301762,inf,0.009102819037618821
K18unK27me1,0.037396764446874,K18un,K27me1,K18un,0.9022220703316854,K27me1,0.0472169836940757,-0.130274871820741,2.2648402278495547,-0.039643362514062634
K18unK36me1,0.1199674845768379,K18un,K36me1,K18un,0.9022220703316854,K36me1,0.1291822627390204,0.028891039097479324,2.498033858667006,0.013624413384299535
K23unK27me1,0.0309329814897649,K23un,K27me1,K23un,0.8333087799576065,K27me1,0.0472169836940757,-0.24057965381242835,2.257190417422565,-0.06921298601293706
K23unK36me1,0.1017376100553695,K23un,K36me1,K23un,0.8333087799576065,K36me1,0.1291822627390204,-0.05647622693268972,1.9217337345510779,-0.024712198804197453
R26unK27me1,0.0358650487883908,R26un,K27me1,R26un,0.8683348966530653,K27me1,0.0472169836940757,-0.13381258888940636,2.452050998717865,-0.04020820594536899
R26unK36me1,0.1252512896624989,R26un,K36me1,R26un,0.8683348966530653,K36me1,0.1291822627390204,0.11027555309241609,3.7802742919991763,0.053082597718976665
K27me1K36me1,0.0160953053416708,K27me1,K36me1,K27me1,0.0472169836940757,K36me1,0.1291822627390204,0.970304966246097,6.433063170420966,0.2349846145790369
K4unK36me2,0.3654936662665277,K4un,K36me2,K4un,0.9663530303483316,K36me2,0.3991406359181887,-0.05383881999072268,-0.05383881999049292,-0.05349079130941721
R8unK36me2,0.3911176505409752,R8un,K36me2,R8un,0.990737278676332,K36me2,0.3991406359181887,-0.01099952742157822,0.13475316623200573,-0.011717245404124058
K9unK36me2,0.2553642941840222,K9un,K36me2,K9un,0.7055122552265384,K36me2,0.3991406359181887,-0.09779155858265298,0.9079714931575706,-0.07163880076864704
K14unK36me2,0.2455371422189691,K14un,K36me2,K14un,0.7590696243821695,K36me2,0.3991406359181887,-0.21020382376930724,0.39697722442748284,-0.1496850874679613
R17unK36me2,0.3891551787585405,R17un,K36me2,R17un,0.981543249845746,K36me2,0.3991406359181887,-0.006706443382927053,0.621792930104485,-0.007105961141259548
K18unK36me2,0.3396266462916351,K18un,K36me2,K18un,0.9022220703316854,K36me2,0.3991406359181887,-0.05857231912987984,0.5037153012734048,-0.054238230844099296
K23unK36me2,0.3402533005168399,K23un,K36me2,K23un,0.8333087799576065,K36me2,0.3991406359181887,0.02272753727388062,1.2609838094336088,0.021081788757851518
R26unK36me2,0.3682930684416677,R26un,K36me2,R26un,0.8683348966530653,K36me2,0.3991406359181887,0.06074299019702398,1.6956158484488357,0.06081132533536631
K27me1K36me2,0.0071691625874903,K27me1,K36me2,K27me1,0.0472169836940757,K36me2,0.3991406359181887,-0.9665233448185476,2.6299614192571137,-0.1957330734167342
K4unR26me1,0.0576502846625203,K4un,R26me1,K4un,0.9663530303483316,R26me1,0.0576502846625203,0.03422605568520749,inf,0.011995000473682073
R8unR26me1,0.057082216785354,R8un,R26me1,R8un,0.990737278676332,R26me1,0.0576502846625203,-0.0005966690673665872,2.800184977329635,-0.00020838782192344698
K9unR26me1,0.0533723095287637,K9un,R26me1,K9un,0.7055122552265384,R26me1,0.0576502846625203,0.2717280157087388,4.871602880054756,0.09272527778432683
K14unR26me1,0.0544724146790529,K14un,R26me1,K14un,0.7590696243821695,R26me1,0.0576502846625203,0.21896101044329289,4.8380079960993205,0.07524275990023245
R17unR26me1,0.057082216785354,R17un,R26me1,R17un,0.981543249845746,R26me1,0.0576502846625203,0.008726645031365166,3.5088367286243365,0.0030477975987784427
K18unR26me1,0.0554721662973481,K18un,R26me1,K18un,0.9022220703316854,R26me1,0.0576502846625203,0.06438079383918845,3.9755893835783374,0.022262656062983086
K23unR26me1,0.0553718127653543,K23un,R26me1,K23un,0.8333087799576065,R26me1,0.0576502846625203,0.1420265062286564,4.626395579181844,0.04908154321985511
R26me1K27me2,0.0281669003000715,R26me1,K27me2,R26me1,0.0576502846625203,K27me2,0.5005711314549458,-0.024242074600587093,3.4959376576991494,-0.006791243289323755
R26me1K36un,0.0531265642097215,R26me1,K36un,R26me1,0.0576502846625203,K36un,0.4303311044075822,0.7614822426346882,6.512791651575486,0.25944189170197035
K4unK27me3,0.3806036957000652,K4un,K27me3,K4un,0.9663530303483316,K27me3,0.3806036957000652,0.03422605568520771,inf,0.035430823659364744
R8unK27me3,0.3799320276307845,R8un,K27me3,R8un,0.990737278676332,K27me3,0.3806036957000652,0.007539584143685103,2.6454956047224565,0.007790734705665232
K9unK27me3,0.2788409667479742,K9un,K27me3,K9un,0.7055122552265384,K27me3,0.3806036957000652,0.03771407949737923,1.4730389516682394,0.02953071472326369
K14unK27me3,0.3193380475001012,K14un,K27me3,K14un,0.7590696243821695,K27me3,0.3806036957000652,0.10015336077548356,1.8120228697917287,0.08773799359930601
R17unK27me3,0.3789844422732216,R17un,K27me3,R17un,0.981543249845746,K27me3,0.3806036957000652,0.014365691006646501,2.4753906956166682,0.014806020209459779
K18unK27me3,0.3562992468602894,K18un,K27me3,K18un,0.9022220703316854,K27me3,0.3806036957000652,0.036906885334567124,1.5552140396196592,0.03576302916028875
K23unK27me3,0.3191463236761459,K23un,K27me3,K23un,0.8333087799576065,K27me3,0.3806036957000652,0.006242048795435661,1.1902473939127745,0.005465386799135158
R26unK27me3,0.3559988941826791,R26un,K27me3,R26un,0.8683348966530653,K27me3,0.3806036957000652,0.07434677270545677,1.9414314043446985,0.07198371615183412
K27me3K36un,0.3165052266956003,K27me3,K36un,K27me3,0.3806036957000652,K36un,0.4303311044075822,0.6587814468346339,4.537491683487422,0.5726465206564388
K27me2K36me1,0.0474441278476167,K27me2,K36me1,K27me2,0.5005711314549458,K36me1,0.1291822627390204,-0.3096659642172628,2.1535388088408567,-0.10158969510074971
K4unR26me2,0.0740148186844068,K4un,R26me2,K4un,0.9663530303483316,R26me2,0.0740148186844068,0.03422605568520749,inf,0.013146221532900532
R8unR26me2,0.0740148186844068,R8un,R26me2,R8un,0.990737278676332,R26me2,0.0740148186844068,0.00930588708856977,inf,0.0035743894754244536
K9unR26me2,0.0740148186844068,K9un,R26me2,K9un,0.7055122552265384,R26me2,0.0740148186844068,0.3488311368599318,inf,0.13398597387066707
K14unR26me2,0.0740148186844068,K14un,R26me2,K14un,0.7590696243821695,R26me2,0.0740148186844068,0.27566177406479125,inf,0.10588163542240642
R17unR26me2,0.0740148186844068,R17un,R26me2,R17un,0.981543249845746,R26me2,0.0740148186844068,0.018629201187301544,inf,0.007155472662165015
K18unR26me2,0.0740148186844068,K18un,R26me2,K18un,0.9022220703316854,R26me2,0.0740148186844068,0.1028945915142272,inf,0.039521793192429246
K23unR26me2,0.0740148186844068,K23un,R26me2,K23un,0.8333087799576065,R26me2,0.0740148186844068,0.18235102127890038,inf,0.07004099287780816
R26me2K27me1,0.0064733520606222,R26me2,K27me1,R26me2,0.0740148186844068,K27me1,0.0472169836940757,0.616430368617366,6.386634514929294,0.12230612738869232
R26me2K36un,0.0437599985841632,R26me2,K36un,R26me2,0.0740148186844068,K36un,0.4303311044075822,0.31765515646097153,4.126597356487823,0.10151856431966805
K27me1K36un,0.0140544743187351,K27me1,K36un,K27me1,0.0472169836940757,K36un,0.4303311044075822,-0.36861249361465404,3.3030599887451983,-0.08643107351991229
K4unK36me3,0.041345996935201,K4un,K36me3,K4un,0.9663530303483316,K36me3,0.041345996935201,0.03422605568520749,inf,0.010743384418999177
R8unK36me3,0.041345996935201,R8un,K36me3,R8un,0.990737278676332,K36me3,0.041345996935201,0.00930588708856999,inf,0.002921070522172919
K9unK36me3,0.0108041525515266,K9un,K36me3,K9un,0.7055122552265384,K36me3,0.041345996935201,-0.9932139148751054,1.59496424261485,-0.21935785406561678
K14unK36me3,0.0329628763944003,K14un,K36me3,K14un,0.7590696243821695,K36me3,0.041345996935201,0.049068137068428705,3.6851890868953694,0.014379475113753952
R17unK36me3,0.041345996935201,R17un,K36me3,R17un,0.981543249845746,K36me3,0.041345996935201,0.018629201187301762,inf,0.005847611294004865
K18unK36me3,0.0401420718939923,K18un,K36me3,K18un,0.9022220703316854,K36me3,0.041345996935201,0.07334394276423513,4.576637888026077,0.022810702310183274
K23unK27un,0.0606134600914063,K23un,K27un,K23un,0.8333087799576065,K27un,0.068308630440367,0.0628318840495294,3.325498891783831,0.02241403598121273
K23unK36me3,0.0391443463869001,K23un,K36me3,K23un,0.8333087799576065,K36me3,0.041345996935201,0.12763141679109538,4.642806893157155,0.039386343251690985
R26unK36me3,0.041345996935201,R26un,K36me3,R26un,0.8683348966530653,K36me3,0.041345996935201,0.14117781309618666,inf,0.04431499590475684
K27unK36me3,0.0299372088609405,K27un,K36me3,K27un,0.068308630440367,K36me3,0.041345996935201,2.3608457023723766,9.981680639217863,0.6728638072042464
K27me2K36me2,0.3540762855278882,K27me2,K36me2,K27me2,0.5005711314549458,K36me2,0.3991406359181887,0.5722041295358681,4.388948492721257,0.5511274223700336
K23me2K36me1,0.0008486232513347,K23me2,K36me1,K23me2,0.0239568853300387,K36me1,0.1291822627390204,-1.2938647348137664,4.364251073009085,-0.18295869685249735
K27unK36me1,0.0015064502958915,K27un,K36me1,K27un,0.068308630440367,K36me1,0.1291822627390204,-1.7677490510590799,2.787455205536988,-0.2720451324389818
R26me1K27me3,0.0246048015173861,R26me1,K27me3,R26me1,0.0576502846625203,K27me3,0.3806036957000652,0.11454303702442015,4.018852277091907,0.03091735433469231
R26me1K27me1,0.0048785828450627,R26me1,K27me1,R26me1,0.0576502846625203,K27me1,0.0472169836940757,0.5834612196992085,6.57955527359728,0.10961339959138176
R26me1K36me1,0.0028781031693382,R26me1,K36me1,R26me1,0.0576502846625203,K36me1,0.1291822627390204,-0.9507327467107412,3.825201013819272,-0.16250108969221688
R26me2K27un,0.0302548201002436,R26me2,K27un,R26me2,0.0740148186844068,K27un,0.068308630440367,1.7891093479132725,8.039247845437094,0.5114517789894272
R26me2K36me1,0.0010528699071833,R26me2,K36me1,R26me2,0.0740148186844068,K36me1,0.1291822627390204,-2.206214662704078,2.2510975765491086,-0.321782212854479
K4unK9me2,0.1438226005381389,K4un,K9me2,K4un,0.9663530303483316,K9me2,0.1438226005381389,0.03422605568520771,inf,0.017649805376319452
R8unK9me2,0.1438226005381389,R8un,K9me2,R8un,0.990737278676332,K9me2,0.1438226005381389,0.00930588708856999,inf,0.004798890572665403
K9me2K14un,0.107345519700574,K9me2,K14un,K9me2,0.1438226005381389,K14un,0.7590696243821695,-0.01686603732669858,2.1438140924578017,-0.007557475691746349
K9me2R17un,0.1438226005381389,K9me2,R17un,K9me2,0.1438226005381389,R17un,0.981543249845746,0.018629201187301762,inf,0.00960676796345778
K9me2K18un,0.137863001927856,K9me2,K18un,K9me2,0.1438226005381389,K18un,0.9022220703316854,0.0605744445199639,2.9717101299913615,0.0305700745254042
K9me2K23un,0.1135715153175831,K9me2,K23un,K9me2,0.1438226005381389,K23un,0.8333087799576065,-0.05379684872562658,1.8264055733792246,-0.024730515819823513
K9me2R26un,0.1409784530396845,K9me2,R26un,K9me2,0.1438226005381389,R26un,0.8683348966530653,0.12120427706964525,4.119263452117269,0.06186580275262745
K9me2K27me1,0.0237683105222906,K9me2,K27me1,K9me2,0.1438226005381389,K27me1,0.0472169836940757,1.25277423047491,6.921881050951244,0.3350199323183359
K9me2K36un,0.0566907623365452,K9me2,K36un,K9me2,0.1438226005381389,K36un,0.4303311044075822,-0.08776896734927501,2.619047901042807,-0.030579987362691536
K27me3K36me1,0.0630237512716591,K27me3,K36me1,K27me3,0.3806036957000652,K36me1,0.1291822627390204,0.24828397700563093,3.4936788444315945,0.08981986076397111
K4unR17me2,0.0176510658138282,K4un,R17me2,K4un,0.9663530303483316,R17me2,0.0176510658138282,0.03422605568520771,inf,0.008478177445191842
R8unR17me2,0.0176510658138282,R8un,R17me2,R8un,0.990737278676332,R17me2,0.0176510658138282,0.00930588708856999,inf,0.0023051724904402248
K9unR17me2,0.0155024359105018,K9un,R17me2,K9un,0.7055122552265384,R17me2,0.0176510658138282,0.21903213634501273,5.4926798871436455,0.05256655905224841
K14unR17me2,0.0135582723618291,K14un,R17me2,K14un,0.7590696243821695,R17me2,0.0176510658138282,0.01186247390659921,4.3630189491765625,0.002758228380090458
R17me2K18un,0.0166558546375059,R17me2,K18un,R17me2,0.0176510658138282,K18un,0.9022220703316854,0.04486020840488565,4.736078761993415,0.010954891250822876
R17me2K23un,0.0168813388445182,R17me2,K23un,R17me2,0.0176510658138282,K23un,0.8333087799576065,0.1377636551262208,5.700634719269354,0.033752808129168324
R17me2R26un,0.0176510658138282,R17me2,R26un,R17me2,0.0176510658138282,R26un,0.8683348966530653,0.14117781309618685,inf,0.034971325991002424
R17me2K27un,0.0018448352777694,R17me2,K27un,R17me2,0.0176510658138282,K27un,0.068308630440367,0.4253129851777656,7.195199606062231,0.06755969921808253
R17me2K36me2,0.0098511967787271,R17me2,K36me2,R17me2,0.0176510658138282,K36me2,0.3991406359181887,0.33523823379574963,5.605115643513597,0.07255983876602838
K27unK36me2,0.0366432707781668,K27un,K36me2,K27un,0.068308630440367,K36me2,0.3991406359181887,0.29563513764690436,4.182757118965621,0.08940960529852411
R26me2K36me2,0.0292019501930603,R26me2,K36me2,R26me2,0.0740148186844068,K36me2,0.3991406359181887,-0.011588377948002762,3.501798138697044,-0.0032795565483519002
K4unK14me3,0.0062710582830414,K4un,K14me3,K4un,0.9663530303483316,K14me3,0.0062710582830414,0.03422605568520749,inf,0.0067482919608542104
R8unK14me3,0.0062710582830414,R8un,K14me3,R8un,0.990737278676332,K14me3,0.0062710582830414,0.00930588708856999,inf,0.0018348255962066797
K9unK14me3,0.0003790536718077,K9un,K14me3,K9un,0.7055122552265384,K14me3,0.0062710582830414,-2.457191458374077,1.7975274006307118,-0.31191211298542987
K14me3R17un,0.0062710582830414,K14me3,R17un,K14me3,0.0062710582830414,R17un,0.981543249845746,0.018629201187301762,inf,0.0036730872457423824
K14me3K18un,0.0062710582830414,K14me3,K18un,K14me3,0.0062710582830414,K18un,0.9022220703316854,0.1028945915142272,inf,0.0202875479172127
K14me3K23un,0.0040723614631206,K14me3,K23un,K14me3,0.0062710582830414,K23un,0.8333087799576065,-0.24937106103187592,4.259866403239485,-0.045311093012868404
K14me3R26un,0.0052499226477122,K14me3,R26un,K14me3,0.0062710582830414,R26un,0.8683348966530653,-0.03655396975421023,4.963743582439475,-0.0069632684523859515
K14me3K27me2,0.0062710582830414,K14me3,K27me2,K14me3,0.0062710582830414,K27me2,0.5005711314549458,0.6920055695359619,inf,0.13644153637558018
K14me3K36un,0.0001869392721988,K14me3,K36un,K14me3,0.0062710582830414,K36un,0.4303311044075822,-2.669716231695618,2.707001194704481,-0.3109844159400921
K23me2K27me2,0.0210168515086285,K23me2,K27me2,K23me2,0.0239568853300387,K27me2,0.5005711314549458,0.5610743680335678,6.406768136749029,0.14526457822095176
R26me2K27me2,0.037286646523541,R26me2,K27me2,R26me2,0.0740148186844068,K27me2,0.5005711314549458,0.0063755043895603394,3.3088135205570435,0.0019383617361905165
K4unK9me1,0.0440079408912563,K4un,K9me1,K4un,0.9663530303483316,K9me1,0.0772219086089576,-0.5280870589202293,-0.5146652161853771,-0.16907522683879375
K4unK14me1,0.0361373288408989,K4un,K14me1,K4un,0.9663530303483316,K14me1,0.0372369945935778,0.004249681252011432,3.459557190778076,0.0012798591295834938
R8unK9me1,0.0691989232317441,R8un,K9me1,R8un,0.990737278676332,K9me1,0.0772219086089576,-0.10039201768513947,0.04463965857106036,-0.03758916663000652
R8unK14me1,0.0372369945935778,R8un,K14me1,R8un,0.990737278676332,K14me1,0.0372369945935778,0.00930588708856999,inf,0.0028281481023336597
K9me1K14me1,0.0255264380049635,K9me1,K14me1,K9me1,0.0772219086089576,K14me1,0.0372369945935778,2.183484026088555,9.474819215862071,0.5952725927710889
K9me1R17un,0.0770876482280365,K9me1,R17un,K9me1,0.0772219086089576,R17un,0.981543249845746,0.016889057316077587,4.96034901324013,0.006590048701920386
K9me1K18un,0.0542947271676485,K9me1,K18un,K9me1,0.0772219086089576,K18un,0.9022220703316854,-0.24936149887046136,1.285608048189499,-0.0855933437554858
K9me1K23un,0.0667862153646352,K9me1,K23un,K9me1,0.0772219086089576,K23un,0.8333087799576065,0.03716451666880485,2.9936003111869574,0.01373280328451505
K9me1R26un,0.0772219086089576,K9me1,R26un,K9me1,0.0772219086089576,R26un,0.8683348966530653,0.14117781309618666,inf,0.055124498307930196
K9me1K27un,0.0021914223483726,K9me1,K27un,K9me1,0.0772219086089576,K27un,0.068308630440367,-0.8784132402657449,4.276653593989744,-0.14345646047052552
K9me1K36me2,0.0741800565968523,K9me1,K36me2,K9me1,0.0772219086089576,K36me2,0.3991406359181887,0.878253581208928,7.2078328447306985,0.3376262273403475
K14me1R17un,0.0371027342126567,K14me1,R17un,K14me1,0.0372369945935778,R17un,0.981543249845746,0.015017121104335942,4.957636085974651,0.004558842301453038
K14me1K18un,0.0108207276058257,K14me1,K18un,K14me1,0.0372369945935778,K18un,0.9022220703316854,-1.132944636384035,0.25278676738612904,-0.25030305073004755
K14me1K23un,0.0196524731067299,K14me1,K23un,K14me1,0.0372369945935778,K23un,0.8333087799576065,-0.45674853591153003,1.9606447609516027,-0.11623424893339762
K14me1R26un,0.0372369945935778,K14me1,R26un,K14me1,0.0372369945935778,R26un,0.8683348966530653,0.14117781309618685,inf,0.042905287846228525
K14me1K27un,0.0057923345866335,K14me1,K27un,K14me1,0.0372369945935778,K27un,0.068308630440367,0.8229518346306346,6.946104295093876,0.15975863139808139
K14me1K36me2,0.0312172717436206,K14me1,K36me2,K14me1,0.0372369945935778,K36me2,0.3991406359181887,0.7421102309595645,6.307362529121504,0.2140630287989065
K4unK23me1,0.0066886813006411,K4un,K23me1,K4un,0.9663530303483316,K23me1,0.0066886813006411,0.03422605568520749,inf,0.006835179091001975
R8unK23me1,0.0066886813006411,R8un,K23me1,R8un,0.990737278676332,K23me1,0.0066886813006411,0.00930588708856977,inf,0.001858449756409076
K9unK23me1,0.0054318332583711,K9un,K23me1,K9un,0.7055122552265384,K23me1,0.0066886813006411,0.14069109075993835,5.9471703574496635,0.026975681801188985
K14unK23me1,0.004054639092839,K14un,K23me1,K14un,0.7590696243821695,K23me1,0.0066886813006411,-0.22489328503693948,4.565401612533313,-0.04083108742392902
R17unK23me1,0.0066886813006411,R17un,K23me1,R17un,0.981543249845746,K23me1,0.0066886813006411,0.018629201187301544,inf,0.0037203798067957454
K18unK23me1,0.0036722899389541,K18un,K23me1,K18un,0.9022220703316854,K23me1,0.0066886813006411,-0.4967067191435926,3.082192980483636,-0.0885878451415378
K23me1R26un,0.0066886813006411,K23me1,R26un,K23me1,0.0066886813006411,R26un,0.8683348966530653,0.14117781309618685,inf,0.0281941817971594
K23me1K27me3,0.0010389312385458,K23me1,K27me3,K23me1,0.0066886813006411,K27me3,0.3806036957000652,-0.896227596227293,4.762925285915332,-0.13046355771276
K23me1K36un,0.0021634473671843,K23me1,K36un,K23me1,0.0066886813006411,K36un,0.4303311044075822,-0.28551343059661954,5.391401889977094,-0.046530475200903976
K27me1K36me3,0.0098980414461795,K27me1,K36me3,K27me1,0.0472169836940757,K36me3,0.041345996935201,1.6233629234568938,8.280445331245783,0.351726060675981
K9me2K36me1,0.0575180503928027,K9me2,K36me1,K9me2,0.1438226005381389,K36me1,0.1291822627390204,1.1300492013695524,5.922085682496803,0.39572309098600766
K9me2K27me3,0.0970466988118563,K9me2,K27me3,K9me2,0.1438226005381389,K27me3,0.3806036957000652,0.5726083082694592,4.261049906128848,0.2454846072252415
K9me2K23me1,0.0012568480422699,K9me2,K23me1,K9me2,0.1438226005381389,K23me1,0.0066886813006411,0.26736497296305994,7.268806690278094,0.040029800675218205
K23me1K27me1,0.0056497500620953,K23me1,K27me1,K23me1,0.0066886813006411,K27me1,0.0472169836940757,2.88419619475823,12.87912278246992,0.5572094228026163
K9me2R26me1,0.0028441474984544,K9me2,R26me1,K9me2,0.1438226005381389,R26me1,0.0576502846625203,-1.0699571312728695,3.5784876760367865,-0.1825089311074643
K4unK14me2,0.0147785771695103,K4un,K14me2,K4un,0.9663530303483316,K14me2,0.0147785771695103,0.03422605568520749,inf,0.008120876340905183
R8unK14me2,0.0147785771695103,R8un,K14me2,R8un,0.990737278676332,K14me2,0.0147785771695103,0.00930588708856999,inf,0.0022080241726879814
K9unK14me2,0.0147785771695103,K9un,K14me2,K9un,0.7055122552265384,K14me2,0.0147785771695103,0.3488311368599319,inf,0.08276777646689863
K14me2R17un,0.0147785771695103,K14me2,R17un,K14me2,0.0147785771695103,R17un,0.981543249845746,0.018629201187301544,inf,0.004420183282682656
K14me2K18un,0.0147785771695103,K14me2,K18un,K14me2,0.0147785771695103,K18un,0.9022220703316854,0.1028945915142272,inf,0.024413980434097607
K14me2K23un,0.0142681436122266,K14me2,K23un,K14me2,0.0147785771695103,K23un,0.8333087799576065,0.14720171046188427,6.12057234271516,0.034637930145480035
K14me2R26un,0.0147785771695103,K14me2,R26un,K14me2,0.0147785771695103,R26un,0.8683348966530653,0.14117781309618666,inf,0.03349750765260013
K14me2K27me3,0.0136992457617963,K14me2,K27me3,K14me2,0.0147785771695103,K27me3,0.3806036957000652,0.8901587478078213,8.230327217141323,0.2074761651786426
K14me2K36un,0.0136992457617963,K14me2,K36un,K14me2,0.0147785771695103,K36un,0.4303311044075822,0.7673624901853257,7.89673942657851,0.1788550942825282
K4unK23ac,0.1068708238155926,K4un,K23ac,K4un,0.9663530303483316,K23ac,0.1074577613790229,0.02874905381799844,4.115252597498414,0.012856585659306119
R8unK23ac,0.1074577613790229,R8un,K23ac,R8un,0.990737278676332,K23ac,0.1074577613790229,0.00930588708856999,inf,0.004171813645597472
K9unK23ac,0.0779220154680152,K9un,K23ac,K9un,0.7055122552265384,K23ac,0.1074577613790229,0.027441808771303932,2.6792643114024544,0.010752862864680975
K14unK23ac,0.0747510782023988,K14un,K23ac,K14un,0.7590696243821695,K23ac,0.1074577613790229,-0.08727244260709079,2.1753064345002504,-0.03364926119060768
R17unK23ac,0.1065846783273821,R17un,K23ac,R17un,0.981543249845746,K23ac,0.1074577613790229,0.010471119125452793,3.081523179097624,0.004677079950358258
K18unK23ac,0.0704033364925197,K18un,K23ac,K18un,0.9022220703316854,K23ac,0.1074577613790229,-0.31996260603616095,0.7208077923958398,-0.12058068314102577
K23acR26un,0.1061424002216498,K23ac,R26un,K23ac,0.1074577613790229,R26un,0.8683348966530653,0.12886155102251395,4.8928865765061555,0.05745120939487948
K23acK27me2,0.0557812825161851,K23ac,K27me2,K23ac,0.1074577613790229,K27me2,0.5005711314549458,0.03634609092200132,3.00128046753511,0.012592550341061933
K23acK36un,0.0397221298334493,K23ac,K36un,K23ac,0.1074577613790229,K36un,0.4303311044075822,-0.1519890376769438,2.803820756848657,-0.04711601205980431
K4unK18ac,0.0670678204108719,K4un,K18ac,K4un,0.9663530303483316,K18ac,0.0731939751264319,-0.05318270252378068,1.680317087604997,-0.019682346472338623
R8unK18ac,0.0731939751264319,R8un,K18ac,R8un,0.990737278676332,K18ac,0.0731939751264319,0.00930588708856999,inf,0.003559143656816226
K9unK18ac,0.0382928426401194,K9un,K18ac,K9un,0.7055122552265384,K18ac,0.0731939751264319,-0.299018971217999,2.1623244862283078,-0.09165354148796258
K14unK18ac,0.0356997620539875,K14un,K18ac,K14un,0.7590696243821695,K18ac,0.0731939751264319,-0.44230731289013936,1.6658377137682632,-0.1327209443276672
R17unK18ac,0.0720954078677787,R17un,K18ac,R17un,0.981543249845746,K18ac,0.0731939751264319,0.0035064417316891276,2.8438364136032694,0.001333366984449088
K18acK23un,0.0527705300904966,K18ac,K23un,K18ac,0.0731939751264319,K23un,0.8333087799576065,-0.14480919661758102,2.1264109627565326,-0.04922465128563163
K18acR26un,0.0710158567612597,K18ac,R26un,K18ac,0.0731939751264319,R26un,0.8683348966530653,0.1109678893037577,4.363257516887908,0.04195617956503821
K18acK27me2,0.0499263337700854,K18ac,K27me2,K18ac,0.0731939751264319,K27me2,0.5005711314549458,0.30944105339200917,4.09690747604914,0.103243148023744
K18acK36un,0.020341717080422,K18ac,K36un,K18ac,0.0731939751264319,K36un,0.4303311044075822,-0.4372389482566229,2.7559289403691594,-0.11225412132831583
K23acK27un,0.0064162791932414,K23ac,K27un,K23ac,0.1074577613790229,K27un,0.068308630440367,-0.1345403085559535,4.755607388461525,-0.02664736048840078
K23acK36me2,0.050858857554007,K23ac,K36me2,K23ac,0.1074577613790229,K36me2,0.3991406359181887,0.1703978974495835,3.4738311620767237,0.057205439045571016
K4unK14ac,0.1500964416727114,K4un,K14ac,K4un,0.9663530303483316,K14ac,0.1826437455716936,-0.1620334222936921,-0.12745866157956123,-0.08543915965767084
R8unK14ac,0.1814040096252466,R8un,K14ac,R8un,0.990737278676332,K14ac,0.1826437455716936,0.002495018343222692,2.023458760409783,0.00146161481302695
K9unK14ac,0.0651320542387511,K9un,K14ac,K9un,0.7055122552265384,K14ac,0.1826437455716936,-0.6822895604468854,0.48042298650406134,-0.2498004435765975
K14acR17un,0.1778795281601973,K14ac,R17un,K14ac,0.1826437455716936,R17un,0.981543249845746,-0.0078017957070241175,1.3633892097750853,-0.0045184613460639185
K14acK18un,0.1493269099912292,K14ac,K18un,K14ac,0.1826437455716936,K18un,0.9022220703316854,-0.09850498907523589,1.060280115208947,-0.05180063649258184
K14acK23un,0.1359727622303569,K14ac,K23un,K14ac,0.1826437455716936,K23un,0.8333087799576065,-0.11273190072091506,1.3190962543284066,-0.056498702791084536
K14acR26un,0.1804870112235554,K14ac,R26un,K14ac,0.1826437455716936,R26un,0.8683348966530653,0.1292991183399331,4.413472854411857,0.07552093066915083
K14acK27me2,0.1206681772993755,K14ac,K27me2,K14ac,0.1826437455716936,K27me2,0.5005711314549458,0.2775125017112155,3.130396652530435,0.13122952645618
K14acK36un,0.0393563313228845,K14ac,K36un,K14ac,0.1826437455716936,K36un,0.4303311044075822,-0.6916802940296641,1.4259545229187356,-0.21380502363741286
K27me2K36me3,0.001510746628081,K27me2,K36me3,K27me2,0.5005711314549458,K36me3,0.041345996935201,-2.61736605363483,0.5641500429672328,-0.4029722996261034
K9me2K27un,0.0210364047022866,K9me2,K27un,K9me2,0.1438226005381389,K27un,0.068308630440367,0.7613930543147618,5.684504735681131,0.1971754239427991
K9me2K36me3,0.029613787808791,K9me2,K36me3,K9me2,0.1438226005381389,K36me3,0.041345996935201,1.605439129326681,8.023080507086876,0.4561534836966769
K27me3K36me2,0.0010747177328059,K27me3,K36me2,K27me3,0.3806036957000652,K36me2,0.3991406359181887,-4.95125915881988,-4.049701521270986,-0.7243239416714452
K23me2R26me1,0.0009631107397929,K23me2,R26me1,K23me2,0.0239568853300387,R26me1,0.0576502846625203,-0.3604825549192188,6.198629173799392,-0.05190277839579306
K23me2K27me1,0.000843326069033,K23me2,K27me1,K23me2,0.0239568853300387,K27me1,0.0472169836940757,-0.2936557429004478,6.472087209514552,-0.04148760022292794
K4unK27ac,0.0032995587105386,K4un,K27ac,K4un,0.9663530303483316,K27ac,0.0032995587105386,0.03422605568520749,inf,0.005989894309751858
R8unK27ac,0.0032995587105386,R8un,K27ac,R8un,0.990737278676332,K27ac,0.0032995587105386,0.00930588708856999,inf,0.0016286212069452706
K9me2K27ac,0.0019711865017053,K9me2,K27ac,K9me2,0.1438226005381389,K27ac,0.0032995587105386,1.4240215907034994,9.842215033201285,0.2286071988882372
K14unK27ac,0.0032995587105386,K14un,K27ac,K14un,0.7590696243821695,K27ac,0.0032995587105386,0.2756617740647914,inf,0.04824350509662844
R17unK27ac,0.0032995587105386,R17un,K27ac,R17un,0.981543249845746,K27ac,0.0032995587105386,0.018629201187301762,inf,0.0032602923110204977
K18unK27ac,0.0032995587105386,K18un,K27ac,K18un,0.9022220703316854,K27ac,0.0032995587105386,0.1028945915142272,inf,0.018007559325093025
K23unK27ac,0.0009992878097066,K23un,K27ac,K23un,0.8333087799576065,K27ac,0.0032995587105386,-1.0121501581938428,3.45121196931187,-0.1465086324169437
R26unK27ac,0.0032995587105386,R26un,K27ac,R26un,0.8683348966530653,K27ac,0.0032995587105386,0.14117781309618666,inf,0.024707497326183152
K27acK36un,0.0020097314365188,K27ac,K36un,K27ac,0.0032995587105386,K36un,0.4303311044075822,0.34741272037041776,7.282536193671654,0.055946291967036266
K9me1K36me3,0.0009280565748834,K9me1,K36me3,K9me1,0.0772219086089576,K36me3,0.041345996935201,-1.235566119276875,4.423486772236897,-0.1769539067367061
K14me1K36me3,0.0009280565748834,K14me1,K36me3,K14me1,0.0372369945935778,K36me3,0.041345996935201,-0.5061856576706313,5.937814151926947,-0.07249432325914666
K14me2K27un,0.0010793314077139,K14me2,K27un,K14me2,0.0147785771695103,K27un,0.068308630440367,0.06688229852513573,6.971300393034466,0.009790404073712022
K14me2K36me3,0.0010793314077139,K14me2,K36me3,K14me2,0.0147785771695103,K36me3,0.041345996935201,0.5689428104082751,8.01447469557974,0.08328332206819948
K4unK18me1,0.0173666779160586,K4un,K18me1,K4un,0.9663530303483316,K18me1,0.0173666779160586,0.03422605568520749,inf,0.008444201875199541
R8unK18me1,0.0173666779160586,R8un,K18me1,R8un,0.990737278676332,K18me1,0.0173666779160586,0.00930588708856999,inf,0.0022959347091128747
K9unK18me1,0.0059415588972826,K9un,K18me1,K9un,0.7055122552265384,K18me1,0.0173666779160586,-0.7237506314257585,2.865441578372827,-0.1411980427226873
K14unK18me1,0.0011411400048944,K14un,K18me1,K14un,0.7590696243821695,K18me1,0.0173666779160586,-2.4468637667553716,0.5107048097847642,-0.3611219256439493
R17unK18me1,0.0173666779160586,R17un,K18me1,R17un,0.981543249845746,K18me1,0.0173666779160586,0.018629201187301762,inf,0.004596168984417095
K18me1K23me1,0.0011411400048944,K18me1,K23me1,K18me1,0.0173666779160586,K23me1,0.0066886813006411,2.2848129984528827,11.57615192287422,0.3372055612363485
K18me1R26un,0.0173666779160586,K18me1,R26un,K18me1,0.0173666779160586,R26un,0.8683348966530653,0.14117781309618666,inf,0.03483118139723679
K18me1K27me1,0.0011411400048944,K18me1,K27me1,K18me1,0.0173666779160586,K27me1,0.0472169836940757,0.3304760862645772,7.463224080552812,0.04877352072992277
K18me1K36me2,0.0108646429558762,K18me1,K36me2,K18me1,0.0173666779160586,K36me2,0.3991406359181887,0.4494018966810345,5.9041672244326495,0.09937591655173618
K23me1K36me2,0.0045252339334568,K23me1,K36me2,K23me1,0.0066886813006411,K36me2,0.3991406359181887,0.5276939873306753,7.077484442012253,0.09775575765665143
K23me2K27me3,0.0008178165966579,K23me2,K27me3,K23me2,0.0239568853300387,K27me3,0.3806036957000652,-2.4113763332346756,1.8197456340741205,-0.3392065827839327
K4unK18me2,0.0072172766258166,K4un,K18me2,K4un,0.9663530303483316,K18me2,0.0072172766258166,0.03422605568520749,inf,0.006940606165395566
R8unK18me2,0.0072172766258166,R8un,K18me2,R8un,0.990737278676332,K18me2,0.0072172766258166,0.00930588708856999,inf,0.0018871148313277311
K9unK18me2,0.0072172766258166,K9un,K18me2,K9un,0.7055122552265384,K18me2,0.0072172766258166,0.3488311368599318,inf,0.070738491207983
K14unK18me2,0.0012039250412087,K14un,K18me2,K14un,0.7590696243821695,K18me2,0.0072172766258166,-1.5152288222260797,2.445302550103347,-0.22540775221779466
R17unK18me2,0.0072172766258166,R17un,K18me2,R17un,0.981543249845746,K18me2,0.0072172766258166,0.018629201187301544,inf,0.0037777636373349938
K18me2K23un,0.0012039250412087,K18me2,K23un,K18me2,0.0072172766258166,K23un,0.8333087799576065,-1.6085395750119704,1.890174654444988,-0.239288802218096
K18me2R26un,0.0072172766258166,K18me2,R26un,K18me2,0.0072172766258166,R26un,0.8683348966530653,0.14117781309618666,inf,0.02862905410441296
K18me2K27un,0.0012039250412087,K18me2,K27un,K18me2,0.0072172766258166,K27un,0.068308630440367,0.8928285633306506,8.630105578663795,0.13281853976387556
K18me2K36me3,0.0012039250412087,K18me2,K36me3,K18me2,0.0072172766258166,K36me3,0.041345996935201,1.39488907521379,9.674523907696507,0.20750582778327448
K23me2K36me3,0.0006036102616429,K23me2,K36me3,K23me2,0.0239568853300387,K36me3,0.041345996935201,-0.49530265021907555,6.3957281042689695,-0.0668191814331598
R17me2K27me3,0.0015158973445127,R17me2,K27me3,R17me2,0.0176510658138282,K27me3,0.3806036957000652,-1.4887919834100496,3.1111307900309275,-0.22933608177686313
R17me2K36un,0.0077998690351011,R17me2,K36un,R17me2,0.0176510658138282,K36un,0.4303311044075822,0.026511131924336236,4.927656692294433,0.00546210398656146
K23acK36me1,0.0152787337049086,K23ac,K36me1,K23ac,0.1074577613790229,K36me1,0.1291822627390204,0.09589503699765055,4.400317081090687,0.02293430010286414
K23acK27me3,0.0360583593259392,K23ac,K27me3,K23ac,0.1074577613790229,K27me3,0.3806036957000652,-0.125962520687013,2.986341441969164,-0.0379106401193719
K9unK27ac,0.0013283722088333,K9un,K27ac,K9un,0.7055122552265384,K27ac,0.0032995587105386,-0.561003309071735,4.793009178106579,-0.08469507311047149
K23acK27ac,0.0021614944889162,K23ac,K27ac,K23ac,0.1074577613790229,K27ac,0.0032995587105386,1.8076685660449756,10.720085935238084,0.29455461987047327
K27acK36me1,0.0011126279821823,K27ac,K36me1,K27ac,0.0032995587105386,K36me1,0.1291822627390204,0.9594670155139756,8.998276773869645,0.14107671095579932
K18acK27me3,0.0191089626737827,K18ac,K27me3,K18ac,0.0731939751264319,K27me3,0.3806036957000652,-0.37695902166573964,3.002725987496805,-0.0952494518971458
K14acK27me3,0.0437194519491242,K14ac,K27me3,K14ac,0.1826437455716936,K27me3,0.3806036957000652,-0.4637477682301585,1.9174040689089957,-0.14816401790948674
K18acK36me1,0.0042029113753325,K18ac,K36me1,K18ac,0.0731939751264319,K36me1,0.1291822627390204,-0.8108046584532548,3.7282468129668476,-0.14817396683981685
K9me1K27me2,0.0741614066093935,K9me1,K27me2,K9me1,0.0772219086089576,K27me2,0.5005711314549458,0.6515662507971577,6.518440583891966,0.25045681257884167
K14me1K27me2,0.0275977095179009,K14me1,K27me2,K14me1,0.0372369945935778,K27me2,0.5005711314549458,0.3924356048983641,5.050821928633415,0.10931285391576477
K23acK36me3,0.001598040286658,K23ac,K36me3,K23ac,0.1074577613790229,K36me3,0.041345996935201,-1.0225401237454566,4.292390669007978,-0.15880474314552534
K4unR8me1,0.0092627213236606,K4un,R8me1,K4un,0.9663530303483316,R8me1,0.0092627213236606,0.03422605568520749,inf,0.0073105145791368675
R8me1K9me1,0.0080229853772136,R8me1,K9me1,R8me1,0.0092627213236606,K9me1,0.0772219086089576,2.4173847811733626,11.69133924484132,0.5009662195025755
R8me1K14un,0.0080229853772136,R8me1,K14un,R8me1,0.0092627213236606,K14un,0.7590696243821695,0.13197448329737654,5.678565706191917,0.02734970389620861
R8me1R17un,0.0086946534464943,R8me1,R17un,R8me1,0.0092627213236606,R17un,0.981543249845746,-0.04466039337212437,3.4545050643190893,-0.009412002342506342
R8me1K18un,0.0092627213236606,R8me1,K18un,R8me1,0.0092627213236606,K18un,0.9022220703316854,0.1028945915142272,inf,0.02197777092100615
R8me1K23un,0.0080229853772136,R8me1,K23un,R8me1,0.0092627213236606,K23un,0.8333087799576065,0.03866373051148585,5.122628087016875,0.008012469945642626
R8me1R26un,0.0086946534464943,R8me1,R26un,R8me1,0.0092627213236606,R26un,0.8683348966530653,0.0778882185367609,5.665599598752148,0.016414635876879843
R8me1K27me2,0.0085910532543799,R8me1,K27me2,R8me1,0.0092627213236606,K27me2,0.5005711314549458,0.6167290271006286,7.9281963824293005,0.12964570682795667
R8me1K36me2,0.0080229853772136,R8me1,K36me2,R8me1,0.0092627213236606,K36me2,0.3991406359181887,0.7747541624552556,7.887657636533111,0.16055601360272614
K9me1K14un,0.0100598862326352,K9me1,K14un,K9me1,0.0772219086089576,K14un,0.7590696243821695,-1.762465577252102,-0.2764287283162949,-0.3832113842116734
K4unK23me3,0.0285878920326833,K4un,K23me3,K4un,0.9663530303483316,K23me3,0.0285878920326833,0.03422605568520749,inf,0.009628199958978305
R8unK23me3,0.0279162239634026,R8un,K23me3,R8un,0.990737278676332,K23me3,0.0285878920326833,-0.014469361712455768,2.618402748634256,-0.0040433619234291176
K9unK23me3,0.0074558695282024,K9un,K23me3,K9un,0.7055122552265384,K23me3,0.0285878920326833,-0.9951505574947609,1.9697481997911561,-0.203143619439847
K14unK23me3,0.0021363755921949,K14un,K23me3,K14un,0.7590696243821695,K23me3,0.0285878920326833,-2.3182107539375587,0.14045947430632877,-0.37702793534504836
R17unK23me3,0.0285878920326833,R17un,K23me3,R17un,0.981543249845746,K23me3,0.0285878920326833,0.018629201187301544,inf,0.005240617725778352
K18unK23me3,0.0285878920326833,K18un,K23me3,K18un,0.9022220703316854,K23me3,0.0285878920326833,0.1028945915142272,inf,0.028945482672855818
K23me3R26un,0.0285878920326833,K23me3,R26un,K23me3,0.0285878920326833,R26un,0.8683348966530653,0.14117781309618666,inf,0.03971501205874669
K23me3K27me3,0.0235422648627764,K23me3,K27me3,K23me3,0.0285878920326833,K27me3,0.3806036957000652,0.7718106518635486,6.58287694371371,0.2058733809148738
K23me3K36un,0.0157285059809945,K23me3,K36un,K23me3,0.0285878920326833,K36un,0.4303311044075822,0.24569181726679595,4.88810347464004,0.05917033172051289
K23acR26me1,0.0013153611573731,K23ac,R26me1,K23ac,0.1074577613790229,R26me1,0.0576502846625203,-1.549626486131083,3.3967275613382246,-0.23360109233672227
K23acK27me1,0.0070403458547408,K23ac,K27me1,K23ac,0.1074577613790229,K27me1,0.0472169836940757,0.3275610701908486,5.678400769727437,0.0660925331418744
K18acK36me2,0.0486493466706774,K18ac,K36me2,K18ac,0.0731939751264319,K36me2,0.3991406359181887,0.5099667220264581,4.680243035318558,0.1686890513864999
K18acK23me1,0.0018752513567926,K18ac,K23me1,K18ac,0.0731939751264319,K23me1,0.0066886813006411,1.3429681361027423,9.237187743127087,0.21388205880960387
K18acK27me1,0.003045611302771,K18ac,K27me1,K18ac,0.0731939751264319,K27me1,0.0472169836940757,-0.12640984621950432,5.526032261790654,-0.02181716877959809
K14acK36me2,0.1163021029447565,K14ac,K36me2,K14ac,0.1826437455716936,K36me2,0.3991406359181887,0.46709508469430044,3.731837066508964,0.21709558945614196
K9me2K23ac,0.0078622146738049,K9me2,K23ac,K9me2,0.1438226005381389,K23ac,0.1074577613790229,-0.6758548415068378,3.3572155795527587,-0.13947554781873234
K18acK23me2,0.0016538437831645,K18ac,K23me2,K18ac,0.0731939751264319,K23me2,0.0239568853300387,-0.0585114575706749,6.2817579648244894,-0.009135773060564161
K14acK23me2,0.0051723933804745,K14ac,K23me2,K14ac,0.1826437455716936,K23me2,0.0239568853300387,0.16729751645834534,5.645038495605473,0.031778908985848404
K14acK23me1,0.0026340422078021,K14ac,K23me1,K14ac,0.1826437455716936,K23me1,0.0066886813006411,0.7683206567286184,7.782567399058208,0.12936355817535475
K14acK27me1,0.0118803837649904,K14ac,K27me1,K14ac,0.1826437455716936,K27me1,0.0472169836940757,0.32035273398822095,5.180616977574069,0.07226762237758917
K18acR26me1,0.0021781183651722,K18ac,R26me1,K18ac,0.0731939751264319,R26me1,0.0576502846625203,-0.6612916472128446,4.7400445258656365,-0.1078903470624812
K4unK9ac,0.0184453746383357,K4un,K9ac,K4un,0.9663530303483316,K9ac,0.0184453746383357,0.03422605568520749,inf,0.008571639356749091
R8unK9ac,0.0184453746383357,R8un,K9ac,R8un,0.990737278676332,K9ac,0.0184453746383357,0.00930588708856999,inf,0.002330584299619571
K9acK14un,0.004348083463576,K9ac,K14un,K9ac,0.0184453746383357,K14un,0.7590696243821695,-1.1694167029534248,1.931897433188299,-0.21504457108046618
K9acR17un,0.0162967447350094,K9ac,R17un,K9ac,0.0184453746383357,R17un,0.981543249845746,-0.10521906240079365,2.0621348711715197,-0.02555852130925597
K9acK18un,0.0070202556195597,K9ac,K18un,K9ac,0.0184453746383357,K18un,0.9022220703316854,-0.8631194200158864,1.3758535924131676,-0.17405265970985453
K9acK23un,0.0084982427146959,K9ac,K23un,K9ac,0.0184453746383357,K23un,0.8333087799576065,-0.5926032179935024,2.4002395994387107,-0.12429030192087841
K9acR26un,0.0184453746383357,K9ac,R26un,K9ac,0.0184453746383357,R26un,0.8683348966530653,0.14117781309618666,inf,0.03535684363296519
K9acK27me2,0.0109975119110314,K9ac,K27me2,K9ac,0.0184453746383357,K27me2,0.5005711314549458,0.1748609848957142,5.0760018775873235,0.03877109578423546
K9acK36me2,0.0145984241492924,K9ac,K36me2,K9ac,0.0184453746383357,K36me2,0.3991406359181887,0.6845413991840026,6.672705650167018,0.16195103796522692
K14acK36me1,0.0206095787458491,K14ac,K36me1,K14ac,0.1826437455716936,K36me1,0.1291822627390204,-0.1352505722149676,3.5650301110326974,-0.03484044198380657
K4unK9me3,0.0549978609880218,K4un,K9me3,K4un,0.9663530303483316,K9me3,0.0549978609880218,0.03422605568520749,inf,0.011800212398905984
R8unK9me3,0.0549978609880218,R8un,K9me3,R8un,0.990737278676332,K9me3,0.0549978609880218,0.00930588708856977,inf,0.0032084165705609084
K9me3K14un,0.0123790024087532,K9me3,K14un,K9me3,0.0549978609880218,K14un,0.7590696243821695,-1.215630836151042,0.7521165651073841,-0.27679850647817034
K9me3R17un,0.0549978609880218,K9me3,R17un,K9me3,0.0549978609880218,R17un,0.981543249845746,0.018629201187301762,inf,0.006422841499878768
K9me3K18un,0.0489835085533013,K9me3,K18un,K9me3,0.0549978609880218,K18un,0.9022220703316854,-0.012916020510243187,2.877782186594091,-0.004282114555027116
K9me3K23un,0.0517460013291775,K9me3,K23un,K9me3,0.0549978609880218,K23un,0.8333087799576065,0.12140388808825966,4.248211685250981,0.04099532493227992
K9me3R26un,0.0535640333527194,K9me3,R26un,K9me3,0.0549978609880218,R26un,0.8683348966530653,0.1147613430504367,4.7829556760890934,0.039209479996431984
K9me3K27me2,0.0543699129809646,K9me3,K27me2,K9me3,0.0549978609880218,K27me2,0.5005711314549458,0.6805222068459469,8.10970247495161,0.23370027907226332
K9me3K36me2,0.0549978609880218,K9me3,K36me2,K9me3,0.0549978609880218,K36me2,0.3991406359181887,0.9184414532226701,inf,0.3166536139503648
K14acK23me3,0.0264515164404884,K14ac,K23me3,K14ac,0.1826437455716936,K23me3,0.0285878920326833,1.6225479853419906,9.397175600004827,0.4466824464520794
K23me3K27me2,0.0021562705395496,K23me3,K27me2,K23me3,0.0285878920326833,K27me2,0.5005711314549458,-1.8925975758086355,1.713624539621696,-0.3082720193931347
K14acK18me1,0.0048004188923882,K14ac,K18me1,K14ac,0.1826437455716936,K18me1,0.0173666779160586,0.41436764452744684,6.298760385261284,0.07761071386936323
K18me1K23me2,0.0002209437650394,K18me1,K23me2,K18me1,0.0173666779160586,K23me2,0.0239568853300387,-0.632900865770416,7.132102099613817,-0.07518778385826483
K18me1K27me2,0.0078090231519817,K18me1,K27me2,K18me1,0.0173666779160586,K27me2,0.5005711314549458,-0.10726785885470981,4.539064457046136,-0.022105801683245968
K18me1K36un,0.0065020349601824,K18me1,K36un,K18me1,0.0173666779160586,K36un,0.4303311044075822,-0.13923775279611247,4.661209598481625,-0.027650457653117046
K9me1K23ac,0.0095277024936421,K9me1,K23ac,K9me1,0.0772219086089576,K23ac,0.1074577613790229,0.138177826126443,4.960386315879255,0.029692982021116303
K9unK14me1,0.0002854375698382,K9un,K14me1,K9un,0.7055122552265384,K14me1,0.0372369945935778,-4.522203551941409,-2.13528614559752,-0.554090624507552
K14me1K23ac,0.0175845214868479,K14me1,K23ac,K14me1,0.0372369945935778,K23ac,0.1074577613790229,1.4803737347128734,7.667651434497825,0.36636237861882004
K9me2K18ac,0.0059595986102828,K9me2,K18ac,K9me2,0.1438226005381389,K18ac,0.0731939751264319,-0.5689352994462926,3.880841466408819,-0.11106047746825293
K23me3K36me2,0.0015420903242814,K23me3,K36me2,K23me3,0.0285878920326833,K36me2,0.3991406359181887,-2.001402969978708,1.992734123071693,-0.3091152953648745
K9me2K14ac,0.0364770808375649,K9me2,K14ac,K9me2,0.1438226005381389,K14ac,0.1826437455716936,0.32832131072082427,4.1260736615645985,0.09915863992316559
K9me1K14ac,0.041635584371359,K9me1,K14ac,K9me1,0.0772219086089576,K14ac,0.1826437455716936,1.0824897571500756,6.095174410487305,0.34053407846005607
K14acK27un,0.0063757325582034,K14ac,K27un,K14ac,0.1826437455716936,K27un,0.068308630440367,-0.6713193548046761,3.573700163560872,-0.13279630490794872
K14acK36me3,0.0063757325582034,K14ac,K36me3,K14ac,0.1826437455716936,K36me3,0.041345996935201,-0.16925884292153676,4.675842680193808,-0.033481753135979196
K9me1K18ac,0.0229271814413091,K9me1,K18ac,K9me1,0.0772219086089576,K18ac,0.0731939751264319,1.4002821305565942,7.147643397937826,0.3708932089974398
K27acK36me2,0.0001771992918375,K27ac,K36me2,K27ac,0.0032995587105386,K36me2,0.3991406359181887,-2.0058275194502024,4.16952493410043,-0.2322033840924643
K9me3R26me1,0.0014338276353022,K9me3,R26me1,K9me3,0.0549978609880218,R26me1,0.0576502846625203,-0.7935866624224641,4.895889614955993,-0.12120623819768293
R26me1K36me2,0.0016456172834607,R26me1,K36me2,R26me1,0.0576502846625203,K36me2,0.3991406359181887,-2.637838169117916,0.5982817526319011,-0.4115423464729321
K14me2K23ac,0.0005104335572837,K14me2,K23ac,K14me2,0.0147785771695103,K23ac,0.1074577613790229,-1.135016019652364,5.221558447033686,-0.14973332113243246
K14acK18ac,0.0225030651034682,K14ac,K18ac,K14ac,0.1826437455716936,K18ac,0.0731939751264319,0.5207561852117464,5.056776243345652,0.13725407084764332
K14acK23ac,0.0124130313125717,K14ac,K23ac,K14ac,0.1826437455716936,K23ac,0.1074577613790229,-0.45813325083511414,3.350513356374832,-0.10438194787805796
K18me1K23ac,0.0145266070509887,K18me1,K23ac,K18me1,0.0173666779160586,K23ac,0.1074577613790229,2.052086055143672,10.160707977856365,0.4849234326344358
K14me1K18ac,0.014991147968976,K14me1,K18ac,K14me1,0.0372369945935778,K18ac,0.0731939751264319,1.704799314485298,8.240261636178316,0.40587605328112925
K18acK23ac,0.0168943498959782,K18ac,K23ac,K18ac,0.0731939751264319,K23ac,0.1074577613790229,0.7645235558152017,5.853603524612817,0.18734758991358125
K14acR17me2,0.0040927934519991,K14ac,R17me2,K14ac,0.1826437455716936,R17me2,0.0176510658138282,0.23864933393192916,6.042800087061931,0.043402407629184535
R17me2K27me2,0.0142903331915461,R17me2,K27me2,R17me2,0.0176510658138282,K27me2,0.5005711314549458,0.480792710010487,6.1852592442004735,0.11317637640473271
R17me2K23ac,0.0007697269693099,R17me2,K23ac,R17me2,0.0176510658138282,K23ac,0.1074577613790229,-0.9018581539040657,5.2860444490731116,-0.1257913853852318
K9acR17me2,0.0021486299033264,K9ac,R17me2,K9ac,0.0184453746383357,R17me2,0.0176510658138282,1.8869758541657973,10.134097551227258,0.3071787278295529
K4me1R8un,0.0336469696516611,K4me1,R8un,K4me1,0.0336469696516611,R8un,0.990737278676332,0.00930588708856977,inf,0.0027436165220485675
K4me1K9me1,0.0332139677177014,K4me1,K9me1,K4me1,0.0336469696516611,K9me1,0.0772219086089576,2.5481195766691322,13.301680576669108,0.7483937292519889
K4me1K14ac,0.0325473038989821,K4me1,K14ac,K4me1,0.0336469696516611,K14ac,0.1826437455716936,1.6669893076149578,10.14030927825172,0.48670357478605375
K4me1R17un,0.0336469696516611,K4me1,R17un,K4me1,0.0336469696516611,R17un,0.981543249845746,0.018629201187301544,inf,0.005492370978025982
K4me1K18un,0.0275208149361011,K4me1,K18un,K4me1,0.0336469696516611,K18un,0.9022220703316854,-0.09808578046259826,2.771692657088865,-0.027300555278729332
K4me1K23un,0.0321520413375506,K4me1,K23un,K4me1,0.0336469696516611,K23un,0.8333087799576065,0.13690396700919522,5.038441447596271,0.039829165342945595
K4me1R26un,0.0336469696516611,K4me1,R26un,K4me1,0.0336469696516611,R26un,0.8683348966530653,0.14117781309618666,inf,0.04162287559163934
K4me1K27me2,0.0336469696516611,K4me1,K27me2,K4me1,0.0336469696516611,K27me2,0.5005711314549458,0.6920055695359618,inf,0.20402116379216576
K4me1K36me2,0.0336469696516611,K4me1,K36me2,K4me1,0.0336469696516611,K36me2,0.3991406359181887,0.9184414532226703,inf,0.2707803266483962
K9acK14me1,0.0114251190187761,K9ac,K14me1,K9ac,0.0184453746383357,K14me1,0.0372369945935778,2.8114532457237877,11.370763884036618,0.6286874744020009
K9acK18me1,0.0114251190187761,K9ac,K18me1,K9ac,0.0184453746383357,K18me1,0.0173666779160586,3.574202683310209,13.622805211791357,0.7992508719072302
K14me1K18me1,0.0114251190187761,K14me1,K18me1,K14me1,0.0372369945935778,K18me1,0.0173666779160586,2.87171357982268,11.598950673158365,0.6421626823959009
K18me1K23un,0.0014779870951362,K18me1,K23un,K18me1,0.0173666779160586,K23un,0.8333087799576065,-2.281521195383526,0.2356213218848846,-0.3500836617229236
K14acK18me2,0.0060133515846079,K14ac,K18me2,K14ac,0.1826437455716936,K18me2,0.0072172766258166,1.517722347011534,9.764662764020102,0.29679110545249493
K18me2K23ac,0.0056334679395363,K18me2,K23ac,K18me2,0.0072172766258166,K23ac,0.1074577613790229,1.9829049704917432,10.594409419255118,0.3828718796389666
K18me2K27me1,0.0056334679395363,K18me2,K27me1,K18me2,0.0072172766258166,K27me1,0.0472169836940757,2.805249171545356,12.377611856140119,0.5416553184083597
K18me2K36me1,0.00501186678685,K18me2,K36me1,K18me2,0.0072172766258166,K36me1,0.1291822627390204,1.6818617570925678,9.739238144136957,0.31757527291971466
K9me3K14ac,0.0393990261240186,K9me3,K14ac,K9me3,0.0549978609880218,K14ac,0.1826437455716936,1.366664574007078,7.212176101069556,0.42259077965240666
K9acK23ac,0.0099471319236398,K9ac,K23ac,K9ac,0.0184453746383357,K23ac,0.1074577613790229,1.613128044821926,8.576518755896505,0.3498835668717442
K9acK27un,0.0036009122382609,K9ac,K27un,K9ac,0.0184453746383357,K27un,0.068308630440367,1.0500927305526806,7.908724629108326,0.1866311254419622
K18me1K27un,0.0036009122382609,K18me1,K27un,K18me1,0.0173666779160586,K27un,0.068308630440367,1.110353064651573,8.045525458703292,0.1973410881387478
K9acK14me3,0.0026721721559837,K9ac,K14me3,K9ac,0.0184453746383357,K14me3,0.0062710582830414,3.1398881946917867,12.891553493724006,0.5299511362497544
K14me3K36me2,0.0060841190108426,K14me3,K36me2,K14me3,0.0062710582830414,K36me2,0.3991406359181887,0.8881782631345945,9.891021694129243,0.17408182974617228
K18me1K27me3,0.0048156025209216,K18me1,K27me3,K18me1,0.0173666779160586,K27me3,0.3806036957000652,-0.31669552230681175,4.543454056639044,-0.05935191290000356
K18acK27un,0.0011130673797927,K18ac,K27un,K18ac,0.0731939751264319,K27un,0.068308630440367,-1.5022743415840711,3.681075136697332,-0.2209020471857108
K9me2K23me3,0.0211320225044808,K9me2,K23me3,K9me2,0.1438226005381389,K23me3,0.0285878920326833,1.636980951140769,8.449542204000307,0.42442195853581727
K23me3K27me1,0.0027505802184416,K23me3,K27me1,K23me3,0.0285878920326833,K27me1,0.0472169836940757,0.7118302323475075,7.403414651975339,0.12073220245340613
K23me3K36me1,0.0113172957274074,K23me3,K36me1,K23me3,0.0285878920326833,K36me1,0.1291822627390204,1.1198798605717515,7.149518311143082,0.2498938012689378
K9acK27me3,0.0038469504890434,K9ac,K27me3,K9ac,0.0184453746383357,K27me3,0.3806036957000652,-0.60153627430493,4.103833364848174,-0.10818074456894766
K9acK36un,0.0038469504890434,K9ac,K36un,K9ac,0.0184453746383357,K36un,0.4303311044075822,-0.7243325319274256,3.7733716419593684,-0.13026451764685834
K14me1K27me3,0.0038469504890434,K14me1,K27me3,K14me1,0.0372369945935778,K27me3,0.3806036957000652,-1.304025377792459,2.5546696884833597,-0.2345169233050778
K14me1K36un,0.0050916662750738,K14me1,K36un,K14me1,0.0372369945935778,K36un,0.4303311044075822,-1.146497249604018,2.545445813387046,-0.21713345630590913
R8me1K9un,0.001239735946447,R8me1,K9un,R8me1,0.0092627213236606,K9un,0.7055122552265384,-1.6622683375421108,2.281942466239406,-0.24836454300654756
R8me1K14ac,0.001239735946447,R8me1,K14ac,R8me1,0.0092627213236606,K14ac,0.1826437455716936,-0.31088170537954857,6.0106055028869925,-0.04644977645417715
R8me1K23me3,0.0006716680692807,R8me1,K23me3,R8me1,0.0092627213236606,K23me3,0.0285878920326833,0.9307831163556461,9.228053936156194,0.12740424867953498
R8me1K27me3,0.0006716680692807,R8me1,K27me3,R8me1,0.0092627213236606,K27me3,0.3806036957000652,-1.657992275968878,3.5784887123070717,-0.2269435881726668
R8me1K36un,0.001239735946447,R8me1,K36un,R8me1,0.0092627213236606,K36un,0.4303311044075822,-1.1678991180519078,3.931625110457248,-0.17449934176187948
K4unR17me1,0.0008056843404183,K4un,R17me1,K4un,0.9663530303483316,R17me1,0.0008056843404183,0.03422605568520749,inf,0.0048044536148866696
R8me1R17me1,0.0005680678771663,R8me1,R17me1,R8me1,0.0092627213236606,R17me1,0.0008056843404183,4.332306279089248,17.41209405462986,0.5797069402381901
R8me1K23me2,0.0005680678771663,R8me1,K23me2,R8me1,0.0092627213236606,K23me2,0.0239568853300387,0.9399872584811769,9.406977098799318,0.12577992006409164
R8me1R26me1,0.0005680678771663,R8me1,R26me1,R8me1,0.0092627213236606,R26me1,0.0576502846625203,0.06184784423146169,7.601472770822482,0.00827587484126033
K9unR17me1,0.0006714239594972,K9un,R17me1,K9un,0.7055122552265384,R17me1,0.0008056843404183,0.16653987804660747,8.20872875371967,0.02279460381447632
K14acR17me1,0.0006714239594972,K14ac,R17me1,K14ac,0.1826437455716936,R17me1,0.0008056843404183,1.5179265102091697,11.935070458689681,0.20776125109221852
K14acR26me1,0.0021567343481382,K14ac,R26me1,K14ac,0.1826437455716936,R26me1,0.0576502846625203,-1.58558221365519,2.75694367282781,-0.2582734761303187
R17me1K18un,0.0007023282580874,R17me1,K18un,R17me1,0.0008056843404183,K18un,0.9022220703316854,-0.0343965382382033,6.920744816495371,-0.004737091140747347
R17me1K23me2,0.0005680678771663,R17me1,K23me2,R17me1,0.0008056843404183,K23me2,0.0239568853300387,3.3820483937936725,15.457343806604367,0.4525527051415623
R17me1R26me1,0.0005680678771663,R17me1,R26me1,R17me1,0.0008056843404183,R26me1,0.0576502846625203,2.5039089795439575,13.651839478627531,0.33504865991873106
R17me1K27me2,0.0007023282580874,R17me1,K27me2,R17me1,0.0008056843404183,K27me2,0.5005711314549458,0.5547144397835314,9.73035836474681,0.07639527094690718
R17me1K36un,0.0006714239594972,R17me1,K36un,R17me1,0.0008056843404183,K36un,0.4303311044075822,0.6609090975368104,9.85789444333567,0.09045978183987008
K9me3K18ac,0.0060143524347204,K9me3,K18ac,K9me3,0.0549978609880218,K18ac,0.0731939751264319,0.40149656029938424,5.985574395444157,0.07851533999310263
K4me1K14me1,0.0010996657526789,K4me1,K14me1,K4me1,0.0336469696516611,K14me1,0.0372369945935778,-0.13046419113202357,6.542851406668945,-0.019150006995196034
K4me1K18ac,0.00612615471556,K4me1,K18ac,K4me1,0.0336469696516611,K18ac,0.0731939751264319,0.9112864349626123,7.0959129740381215,0.17885236662920095
K4me1K23ac,0.0005869375634303,K4me1,K23ac,K4me1,0.0336469696516611,K23ac,0.1074577613790229,-1.8181024014234448,3.6795547465113065,-0.24434915591513037
K4me1K23me2,0.0009079907506802,K4me1,K23me2,K4me1,0.0336469696516611,K23me2,0.0239568853300387,0.11905542474211321,7.249907214224591,0.016997533866866255
K9me1K23me2,0.0009079907506802,K9me1,K23me2,K9me1,0.0772219086089576,K23me2,0.0239568853300387,-0.7117047851920462,5.526717617568221,-0.10161003764185013
K23me2K36me2,0.0019611535896037,K23me2,K36me2,K23me2,0.0239568853300387,K36me2,0.3991406359181887,-1.5842814507722232,2.6223495156874037,-0.25412655274080026
K9me3K14me3,0.0032198324552499,K9me3,K14me3,K9me3,0.0549978609880218,K14me3,0.0062710582830414,2.2338451857280317,10.923987531431441,0.38927838468304515
K14me3R26me1,0.0010211356353292,K14me3,R26me1,K14me3,0.0062710582830414,R26me1,0.0576502846625203,1.0383303448631152,9.093434077419177,0.15077021674384694
K9me3K23me2,0.0010531628389235,K9me3,K23me2,K9me3,0.0549978609880218,K23me2,0.0239568853300387,-0.22399692054353268,6.391438165752716,-0.03267186579304195
K9me1K27me3,0.0008690796511915,K9me1,K27me3,K9me1,0.0772219086089576,K27me3,0.3806036957000652,-3.521007092537637,-0.5397107204198712,-0.4995699823919102
K9me1K36un,0.0021137954372219,K9me1,K36un,K9me1,0.0772219086089576,K36un,0.4303311044075822,-2.754997733667055,0.038886975540709995,-0.4472928871805277
K9me3K23ac,0.0021986968199208,K9me3,K23ac,K9me3,0.0549978609880218,K23ac,0.1074577613790229,-0.9887720370466607,4.033569039300853,-0.1615669504762105
K14me3K23ac,0.0021986968199208,K14me3,K23ac,K14me3,0.0062710582830414,K23ac,0.1074577613790229,1.1825771307263728,8.81746780826872,0.19323501631888332
R8unR17me1,0.000237616463252,R8un,R17me1,R8un,0.990737278676332,R17me1,0.0008056843404183,-1.2117282666408342,1.5885237284281601,-0.14520666962707962
R17me1K18ac,0.0001033560823309,R17me1,K18ac,R17me1,0.0008056843404183,K18ac,0.0731939751264319,0.5611302759902563,10.361478191223103,0.06114308303182872
R17me1K23ac,0.0001033560823309,R17me1,K23ac,R17me1,0.0008056843404183,K23ac,0.1074577613790229,0.17714553360314614,9.555387462115151,0.019302512327819658
R17me1R26un,0.000237616463252,R17me1,R26un,R17me1,0.0008056843404183,R26un,0.8683348966530653,-1.0798563406332173,4.506565115134052,-0.1294038830452671
R17me1K27me3,0.0001033560823309,R17me1,K27me3,R17me1,0.0008056843404183,K27me3,0.3806036957000652,-1.0875152784553506,6.660046602667089,-0.11850017690033261
K4me1K9un,0.0004330019339597,K4me1,K9un,K4me1,0.0336469696516611,K9un,0.7055122552265384,-4.00410494481726,-1.50661904731447,-0.5170077085405279
K9me3K27un,0.0006279480070572,K9me3,K27un,K9me3,0.0549978609880218,K27un,0.068308630440367,-1.7888730409793125,3.688704032178331,-0.2426231027763838
K23me3K27ac,0.0001387764119157,K23me3,K27ac,K23me3,0.0285878920326833,K27ac,0.0032995587105386,0.38609208252395716,9.670356507013679,0.043465884175973774
K9me1R17me1,0.0001342603809211,K9me1,R17me1,K9me1,0.0772219086089576,R17me1,0.0008056843404183,0.7691610990385261,10.556910599537854,0.0862701250461752
K14me1R17me1,0.0001342603809211,K14me1,R17me1,K14me1,0.0372369945935778,R17me1,0.0008056843404183,1.4985415606447698,12.059961955598741,0.16807840124171364
R17me1K23un,0.0001342603809211,R17me1,K23un,R17me1,0.0008056843404183,K23un,0.8333087799576065,-1.6095599516233507,4.086643819116837,-0.18053037064593805
R17me1K36me2,0.0001342603809211,R17me1,K36me2,R17me1,0.0008056843404183,K36me2,0.3991406359181887,-0.873469519679581,6.841217767829101,-0.09796949531245815
K18me2K36un,0.0010014847977579,K18me2,K36un,K18me2,0.0072172766258166,K36un,0.4303311044075822,-1.131793630221303,4.224455417930374,-0.16387910853346033
R17me2K18ac,0.0009952111763223,R17me2,K18ac,R17me2,0.0176510658138282,K18ac,0.0731939751264319,-0.2609543260233826,6.368551832161579,-0.03775077422941247
K18me2K23me2,0.0003798836450716,K18me2,K23me2,K18me2,0.0072172766258166,K23me2,0.0239568853300387,0.7871315553208836,9.488471899610692,0.0999450204294261
K18me2K27me3,0.0003798836450716,K18me2,K27me3,K18me2,0.0072172766258166,K27me3,0.3806036957000652,-1.9783713394640765,3.4877192190484885,-0.2512011652983749
K4me1R8me1,0.0,K4me1,R8me1,K4me1,0.0336469696516611,R8me1,0.0092627213236606,-inf,-inf,-1.0
K4me1K9me2,0.0,K4me1,K9me2,K4me1,0.0336469696516611,K9me2,0.1438226005381389,-inf,-inf,-1.0
K4me1K9me3,0.0,K4me1,K9me3,K4me1,0.0336469696516611,K9me3,0.0549978609880218,-inf,-inf,-1.0
K4me1K9ac,0.0,K4me1,K9ac,K4me1,0.0336469696516611,K9ac,0.0184453746383357,-inf,-inf,-1.0
K4me1K14me2,0.0,K4me1,K14me2,K4me1,0.0336469696516611,K14me2,0.0147785771695103,-inf,-inf,-1.0
K4me1K14me3,0.0,K4me1,K14me3,K4me1,0.0336469696516611,K14me3,0.0062710582830414,-inf,-inf,-1.0
K4me1K14un,0.0,K4me1,K14un,K4me1,0.0336469696516611,K14un,0.7590696243821695,-inf,-inf,-1.0
K4me1R17me1,0.0,K4me1,R17me1,K4me1,0.0336469696516611,R17me1,0.0008056843404183,-inf,-inf,-1.0
K4me1R17me2,0.0,K4me1,R17me2,K4me1,0.0336469696516611,R17me2,0.0176510658138282,-inf,-inf,-1.0
K4me1K18me1,0.0,K4me1,K18me1,K4me1,0.0336469696516611,K18me1,0.0173666779160586,-inf,-inf,-1.0
K4me1K18me2,0.0,K4me1,K18me2,K4me1,0.0336469696516611,K18me2,0.0072172766258166,-inf,-inf,-1.0
K4me1K23me1,0.0,K4me1,K23me1,K4me1,0.0336469696516611,K23me1,0.0066886813006411,-inf,-inf,-1.0
K4me1K23me3,0.0,K4me1,K23me3,K4me1,0.0336469696516611,K23me3,0.0285878920326833,-inf,-inf,-1.0
K4me1R26me1,0.0,K4me1,R26me1,K4me1,0.0336469696516611,R26me1,0.0576502846625203,-inf,-inf,-1.0
K4me1R26me2,0.0,K4me1,R26me2,K4me1,0.0336469696516611,R26me2,0.0740148186844068,-inf,-inf,-1.0
K4me1K27me1,0.0,K4me1,K27me1,K4me1,0.0336469696516611,K27me1,0.0472169836940757,-inf,-inf,-1.0
K4me1K27me3,0.0,K4me1,K27me3,K4me1,0.0336469696516611,K27me3,0.3806036957000652,-inf,-inf,-1.0
K4me1K27ac,0.0,K4me1,K27ac,K4me1,0.0336469696516611,K27ac,0.0032995587105386,-inf,-inf,-1.0
K4me1K27un,0.0,K4me1,K27un,K4me1,0.0336469696516611,K27un,0.068308630440367,-inf,-inf,-1.0
K4me1K36me1,0.0,K4me1,K36me1,K4me1,0.0336469696516611,K36me1,0.1291822627390204,-inf,-inf,-1.0
K4me1K36me3,0.0,K4me1,K36me3,K4me1,0.0336469696516611,K36me3,0.041345996935201,-inf,-inf,-1.0
K4me1K36un,0.0,K4me1,K36un,K4me1,0.0336469696516611,K36un,0.4303311044075822,-inf,-inf,-1.0
R8me1K9me2,0.0,R8me1,K9me2,R8me1,0.0092627213236606,K9me2,0.1438226005381389,-inf,-inf,-1.0
R8me1K9me3,0.0,R8me1,K9me3,R8me1,0.0092627213236606,K9me3,0.0549978609880218,-inf,-inf,-1.0
R8me1K9ac,0.0,R8me1,K9ac,R8me1,0.0092627213236606,K9ac,0.0184453746383357,-inf,-inf,-1.0
R8me1K14me1,0.0,R8me1,K14me1,R8me1,0.0092627213236606,K14me1,0.0372369945935778,-inf,-inf,-1.0
R8me1K14me2,0.0,R8me1,K14me2,R8me1,0.0092627213236606,K14me2,0.0147785771695103,-inf,-inf,-1.0
R8me1K14me3,0.0,R8me1,K14me3,R8me1,0.0092627213236606,K14me3,0.0062710582830414,-inf,-inf,-1.0
R8me1R17me2,0.0,R8me1,R17me2,R8me1,0.0092627213236606,R17me2,0.0176510658138282,-inf,-inf,-1.0
R8me1K18me1,0.0,R8me1,K18me1,R8me1,0.0092627213236606,K18me1,0.0173666779160586,-inf,-inf,-1.0
R8me1K18me2,0.0,R8me1,K18me2,R8me1,0.0092627213236606,K18me2,0.0072172766258166,-inf,-inf,-1.0
R8me1K18ac,0.0,R8me1,K18ac,R8me1,0.0092627213236606,K18ac,0.0731939751264319,-inf,-inf,-1.0
R8me1K23me1,0.0,R8me1,K23me1,R8me1,0.0092627213236606,K23me1,0.0066886813006411,-inf,-inf,-1.0
R8me1K23ac,0.0,R8me1,K23ac,R8me1,0.0092627213236606,K23ac,0.1074577613790229,-inf,-inf,-1.0
R8me1R26me2,0.0,R8me1,R26me2,R8me1,0.0092627213236606,R26me2,0.0740148186844068,-inf,-inf,-1.0
R8me1K27me1,0.0,R8me1,K27me1,R8me1,0.0092627213236606,K27me1,0.0472169836940757,-inf,-inf,-1.0
R8me1K27ac,0.0,R8me1,K27ac,R8me1,0.0092627213236606,K27ac,0.0032995587105386,-inf,-inf,-1.0
R8me1K27un,0.0,R8me1,K27un,R8me1,0.0092627213236606,K27un,0.068308630440367,-inf,-inf,-1.0
R8me1K36me1,0.0,R8me1,K36me1,R8me1,0.0092627213236606,K36me1,0.1291822627390204,-inf,-inf,-1.0
R8me1K36me3,0.0,R8me1,K36me3,R8me1,0.0092627213236606,K36me3,0.041345996935201,-inf,-inf,-1.0
K9me1K14me2,0.0,K9me1,K14me2,K9me1,0.0772219086089576,K14me2,0.0147785771695103,-inf,-inf,-1.0
K9me1K14me3,0.0,K9me1,K14me3,K9me1,0.0772219086089576,K14me3,0.0062710582830414,-inf,-inf,-1.0
K9me1R17me2,0.0,K9me1,R17me2,K9me1,0.0772219086089576,R17me2,0.0176510658138282,-inf,-inf,-1.0
K9me1K18me1,0.0,K9me1,K18me1,K9me1,0.0772219086089576,K18me1,0.0173666779160586,-inf,-inf,-1.0
K9me1K18me2,0.0,K9me1,K18me2,K9me1,0.0772219086089576,K18me2,0.0072172766258166,-inf,-inf,-1.0
K9me1K23me1,0.0,K9me1,K23me1,K9me1,0.0772219086089576,K23me1,0.0066886813006411,-inf,-inf,-1.0
K9me1K23me3,0.0,K9me1,K23me3,K9me1,0.0772219086089576,K23me3,0.0285878920326833,-inf,-inf,-1.0
K9me1R26me1,0.0,K9me1,R26me1,K9me1,0.0772219086089576,R26me1,0.0576502846625203,-inf,-inf,-1.0
K9me1R26me2,0.0,K9me1,R26me2,K9me1,0.0772219086089576,R26me2,0.0740148186844068,-inf,-inf,-1.0
K9me1K27me1,0.0,K9me1,K27me1,K9me1,0.0772219086089576,K27me1,0.0472169836940757,-inf,-inf,-1.0
K9me1K27ac,0.0,K9me1,K27ac,K9me1,0.0772219086089576,K27ac,0.0032995587105386,-inf,-inf,-1.0
K9me1K36me1,0.0,K9me1,K36me1,K9me1,0.0772219086089576,K36me1,0.1291822627390204,-inf,-inf,-1.0
K9me2K14me1,0.0,K9me2,K14me1,K9me2,0.1438226005381389,K14me1,0.0372369945935778,-inf,-inf,-1.0
K9me2K14me2,0.0,K9me2,K14me2,K9me2,0.1438226005381389,K14me2,0.0147785771695103,-inf,-inf,-1.0
K9me2K14me3,0.0,K9me2,K14me3,K9me2,0.1438226005381389,K14me3,0.0062710582830414,-inf,-inf,-1.0
K9me2R17me1,0.0,K9me2,R17me1,K9me2,0.1438226005381389,R17me1,0.0008056843404183,-inf,-inf,-1.0
K9me2R17me2,0.0,K9me2,R17me2,K9me2,0.1438226005381389,R17me2,0.0176510658138282,-inf,-inf,-1.0
K9me2K18me1,0.0,K9me2,K18me1,K9me2,0.1438226005381389,K18me1,0.0173666779160586,-inf,-inf,-1.0
K9me2K18me2,0.0,K9me2,K18me2,K9me2,0.1438226005381389,K18me2,0.0072172766258166,-inf,-inf,-1.0
K9me2K23me2,0.0,K9me2,K23me2,K9me2,0.1438226005381389,K23me2,0.0239568853300387,-inf,-inf,-1.0
K9me2R26me2,0.0,K9me2,R26me2,K9me2,0.1438226005381389,R26me2,0.0740148186844068,-inf,-inf,-1.0
K9me2K27me2,0.0,K9me2,K27me2,K9me2,0.1438226005381389,K27me2,0.5005711314549458,-inf,-inf,-1.0
K9me2K36me2,0.0,K9me2,K36me2,K9me2,0.1438226005381389,K36me2,0.3991406359181887,-inf,-inf,-1.0
K9me3K14me1,0.0,K9me3,K14me1,K9me3,0.0549978609880218,K14me1,0.0372369945935778,-inf,-inf,-1.0
K9me3K14me2,0.0,K9me3,K14me2,K9me3,0.0549978609880218,K14me2,0.0147785771695103,-inf,-inf,-1.0
K9me3R17me1,0.0,K9me3,R17me1,K9me3,0.0549978609880218,R17me1,0.0008056843404183,-inf,-inf,-1.0
K9me3R17me2,0.0,K9me3,R17me2,K9me3,0.0549978609880218,R17me2,0.0176510658138282,-inf,-inf,-1.0
K9me3K18me1,0.0,K9me3,K18me1,K9me3,0.0549978609880218,K18me1,0.0173666779160586,-inf,-inf,-1.0
K9me3K18me2,0.0,K9me3,K18me2,K9me3,0.0549978609880218,K18me2,0.0072172766258166,-inf,-inf,-1.0
K9me3K23me1,0.0,K9me3,K23me1,K9me3,0.0549978609880218,K23me1,0.0066886813006411,-inf,-inf,-1.0
K9me3K23me3,0.0,K9me3,K23me3,K9me3,0.0549978609880218,K23me3,0.0285878920326833,-inf,-inf,-1.0
K9me3R26me2,0.0,K9me3,R26me2,K9me3,0.0549978609880218,R26me2,0.0740148186844068,-inf,-inf,-1.0
K9me3K27me1,0.0,K9me3,K27me1,K9me3,0.0549978609880218,K27me1,0.0472169836940757,-inf,-inf,-1.0
K9me3K27me3,0.0,K9me3,K27me3,K9me3,0.0549978609880218,K27me3,0.3806036957000652,-inf,-inf,-1.0
K9me3K27ac,0.0,K9me3,K27ac,K9me3,0.0549978609880218,K27ac,0.0032995587105386,-inf,-inf,-1.0
K9me3K36me1,0.0,K9me3,K36me1,K9me3,0.0549978609880218,K36me1,0.1291822627390204,-inf,-inf,-1.0
K9me3K36me3,0.0,K9me3,K36me3,K9me3,0.0549978609880218,K36me3,0.041345996935201,-inf,-inf,-1.0
K9me3K36un,0.0,K9me3,K36un,K9me3,0.0549978609880218,K36un,0.4303311044075822,-inf,-inf,-1.0
K9acK14me2,0.0,K9ac,K14me2,K9ac,0.0184453746383357,K14me2,0.0147785771695103,-inf,-inf,-1.0
K9acK14ac,0.0,K9ac,K14ac,K9ac,0.0184453746383357,K14ac,0.1826437455716936,-inf,-inf,-1.0
K9acR17me1,0.0,K9ac,R17me1,K9ac,0.0184453746383357,R17me1,0.0008056843404183,-inf,-inf,-1.0
K9acK18me2,0.0,K9ac,K18me2,K9ac,0.0184453746383357,K18me2,0.0072172766258166,-inf,-inf,-1.0
K9acK18ac,0.0,K9ac,K18ac,K9ac,0.0184453746383357,K18ac,0.0731939751264319,-inf,-inf,-1.0
K9acK23me1,0.0,K9ac,K23me1,K9ac,0.0184453746383357,K23me1,0.0066886813006411,-inf,-inf,-1.0
K9acK23me2,0.0,K9ac,K23me2,K9ac,0.0184453746383357,K23me2,0.0239568853300387,-inf,-inf,-1.0
K9acK23me3,0.0,K9ac,K23me3,K9ac,0.0184453746383357,K23me3,0.0285878920326833,-inf,-inf,-1.0
K9acR26me1,0.0,K9ac,R26me1,K9ac,0.0184453746383357,R26me1,0.0576502846625203,-inf,-inf,-1.0
K9acR26me2,0.0,K9ac,R26me2,K9ac,0.0184453746383357,R26me2,0.0740148186844068,-inf,-inf,-1.0
K9acK27me1,0.0,K9ac,K27me1,K9ac,0.0184453746383357,K27me1,0.0472169836940757,-inf,-inf,-1.0
K9acK27ac,0.0,K9ac,K27ac,K9ac,0.0184453746383357,K27ac,0.0032995587105386,-inf,-inf,-1.0
K9acK36me1,0.0,K9ac,K36me1,K9ac,0.0184453746383357,K36me1,0.1291822627390204,-inf,-inf,-1.0
K9acK36me3,0.0,K9ac,K36me3,K9ac,0.0184453746383357,K36me3,0.041345996935201,-inf,-inf,-1.0
K14me1R17me2,0.0,K14me1,R17me2,K14me1,0.0372369945935778,R17me2,0.0176510658138282,-inf,-inf,-1.0
K14me1K18me2,0.0,K14me1,K18me2,K14me1,0.0372369945935778,K18me2,0.0072172766258166,-inf,-inf,-1.0
K14me1K23me1,0.0,K14me1,K23me1,K14me1,0.0372369945935778,K23me1,0.0066886813006411,-inf,-inf,-1.0
K14me1K23me2,0.0,K14me1,K23me2,K14me1,0.0372369945935778,K23me2,0.0239568853300387,-inf,-inf,-1.0
K14me1K23me3,0.0,K14me1,K23me3,K14me1,0.0372369945935778,K23me3,0.0285878920326833,-inf,-inf,-1.0
K14me1R26me1,0.0,K14me1,R26me1,K14me1,0.0372369945935778,R26me1,0.0576502846625203,-inf,-inf,-1.0
K14me1R26me2,0.0,K14me1,R26me2,K14me1,0.0372369945935778,R26me2,0.0740148186844068,-inf,-inf,-1.0
K14me1K27me1,0.0,K14me1,K27me1,K14me1,0.0372369945935778,K27me1,0.0472169836940757,-inf,-inf,-1.0
K14me1K27ac,0.0,K14me1,K27ac,K14me1,0.0372369945935778,K27ac,0.0032995587105386,-inf,-inf,-1.0
K14me1K36me1,0.0,K14me1,K36me1,K14me1,0.0372369945935778,K36me1,0.1291822627390204,-inf,-inf,-1.0
K14me2R17me1,0.0,K14me2,R17me1,K14me2,0.0147785771695103,R17me1,0.0008056843404183,-inf,-inf,-1.0
K14me2R17me2,0.0,K14me2,R17me2,K14me2,0.0147785771695103,R17me2,0.0176510658138282,-inf,-inf,-1.0
K14me2K18me1,0.0,K14me2,K18me1,K14me2,0.0147785771695103,K18me1,0.0173666779160586,-inf,-inf,-1.0
K14me2K18me2,0.0,K14me2,K18me2,K14me2,0.0147785771695103,K18me2,0.0072172766258166,-inf,-inf,-1.0
K14me2K18ac,0.0,K14me2,K18ac,K14me2,0.0147785771695103,K18ac,0.0731939751264319,-inf,-inf,-1.0
K14me2K23me1,0.0,K14me2,K23me1,K14me2,0.0147785771695103,K23me1,0.0066886813006411,-inf,-inf,-1.0
K14me2K23me2,0.0,K14me2,K23me2,K14me2,0.0147785771695103,K23me2,0.0239568853300387,-inf,-inf,-1.0
K14me2K23me3,0.0,K14me2,K23me3,K14me2,0.0147785771695103,K23me3,0.0285878920326833,-inf,-inf,-1.0
K14me2R26me1,0.0,K14me2,R26me1,K14me2,0.0147785771695103,R26me1,0.0576502846625203,-inf,-inf,-1.0
K14me2R26me2,0.0,K14me2,R26me2,K14me2,0.0147785771695103,R26me2,0.0740148186844068,-inf,-inf,-1.0
K14me2K27me1,0.0,K14me2,K27me1,K14me2,0.0147785771695103,K27me1,0.0472169836940757,-inf,-inf,-1.0
K14me2K27me2,0.0,K14me2,K27me2,K14me2,0.0147785771695103,K27me2,0.5005711314549458,-inf,-inf,-1.0
K14me2K27ac,0.0,K14me2,K27ac,K14me2,0.0147785771695103,K27ac,0.0032995587105386,-inf,-inf,-1.0
K14me2K36me1,0.0,K14me2,K36me1,K14me2,0.0147785771695103,K36me1,0.1291822627390204,-inf,-inf,-1.0
K14me2K36me2,0.0,K14me2,K36me2,K14me2,0.0147785771695103,K36me2,0.3991406359181887,-inf,-inf,-1.0
K14me3R17me1,0.0,K14me3,R17me1,K14me3,0.0062710582830414,R17me1,0.0008056843404183,-inf,-inf,-1.0
K14me3R17me2,0.0,K14me3,R17me2,K14me3,0.0062710582830414,R17me2,0.0176510658138282,-inf,-inf,-1.0
K14me3K18me1,0.0,K14me3,K18me1,K14me3,0.0062710582830414,K18me1,0.0173666779160586,-inf,-inf,-1.0
K14me3K18me2,0.0,K14me3,K18me2,K14me3,0.0062710582830414,K18me2,0.0072172766258166,-inf,-inf,-1.0
K14me3K18ac,0.0,K14me3,K18ac,K14me3,0.0062710582830414,K18ac,0.0731939751264319,-inf,-inf,-1.0
K14me3K23me1,0.0,K14me3,K23me1,K14me3,0.0062710582830414,K23me1,0.0066886813006411,-inf,-inf,-1.0
K14me3K23me2,0.0,K14me3,K23me2,K14me3,0.0062710582830414,K23me2,0.0239568853300387,-inf,-inf,-1.0
K14me3K23me3,0.0,K14me3,K23me3,K14me3,0.0062710582830414,K23me3,0.0285878920326833,-inf,-inf,-1.0
K14me3R26me2,0.0,K14me3,R26me2,K14me3,0.0062710582830414,R26me2,0.0740148186844068,-inf,-inf,-1.0
K14me3K27me1,0.0,K14me3,K27me1,K14me3,0.0062710582830414,K27me1,0.0472169836940757,-inf,-inf,-1.0
K14me3K27me3,0.0,K14me3,K27me3,K14me3,0.0062710582830414,K27me3,0.3806036957000652,-inf,-inf,-1.0
K14me3K27ac,0.0,K14me3,K27ac,K14me3,0.0062710582830414,K27ac,0.0032995587105386,-inf,-inf,-1.0
K14me3K27un,0.0,K14me3,K27un,K14me3,0.0062710582830414,K27un,0.068308630440367,-inf,-inf,-1.0
K14me3K36me1,0.0,K14me3,K36me1,K14me3,0.0062710582830414,K36me1,0.1291822627390204,-inf,-inf,-1.0
K14me3K36me3,0.0,K14me3,K36me3,K14me3,0.0062710582830414,K36me3,0.041345996935201,-inf,-inf,-1.0
K14acR26me2,0.0,K14ac,R26me2,K14ac,0.1826437455716936,R26me2,0.0740148186844068,-inf,-inf,-1.0
K14acK27ac,0.0,K14ac,K27ac,K14ac,0.1826437455716936,K27ac,0.0032995587105386,-inf,-inf,-1.0
K14unR17me1,0.0,K14un,R17me1,K14un,0.7590696243821695,R17me1,0.0008056843404183,-inf,-inf,-1.0
R17me1K18me1,0.0,R17me1,K18me1,R17me1,0.0008056843404183,K18me1,0.0173666779160586,-inf,-inf,-1.0
R17me1K18me2,0.0,R17me1,K18me2,R17me1,0.0008056843404183,K18me2,0.0072172766258166,-inf,-inf,-1.0
R17me1K23me1,0.0,R17me1,K23me1,R17me1,0.0008056843404183,K23me1,0.0066886813006411,-inf,-inf,-1.0
R17me1K23me3,0.0,R17me1,K23me3,R17me1,0.0008056843404183,K23me3,0.0285878920326833,-inf,-inf,-1.0
R17me1R26me2,0.0,R17me1,R26me2,R17me1,0.0008056843404183,R26me2,0.0740148186844068,-inf,-inf,-1.0
R17me1K27me1,0.0,R17me1,K27me1,R17me1,0.0008056843404183,K27me1,0.0472169836940757,-inf,-inf,-1.0
R17me1K27ac,0.0,R17me1,K27ac,R17me1,0.0008056843404183,K27ac,0.0032995587105386,-inf,-inf,-1.0
R17me1K27un,0.0,R17me1,K27un,R17me1,0.0008056843404183,K27un,0.068308630440367,-inf,-inf,-1.0
R17me1K36me1,0.0,R17me1,K36me1,R17me1,0.0008056843404183,K36me1,0.1291822627390204,-inf,-inf,-1.0
R17me1K36me3,0.0,R17me1,K36me3,R17me1,0.0008056843404183,K36me3,0.041345996935201,-inf,-inf,-1.0
R17me2K18me1,0.0,R17me2,K18me1,R17me2,0.0176510658138282,K18me1,0.0173666779160586,-inf,-inf,-1.0
R17me2K18me2,0.0,R17me2,K18me2,R17me2,0.0176510658138282,K18me2,0.0072172766258166,-inf,-inf,-1.0
R17me2K23me1,0.0,R17me2,K23me1,R17me2,0.0176510658138282,K23me1,0.0066886813006411,-inf,-inf,-1.0
R17me2K23me2,0.0,R17me2,K23me2,R17me2,0.0176510658138282,K23me2,0.0239568853300387,-inf,-inf,-1.0
R17me2K23me3,0.0,R17me2,K23me3,R17me2,0.0176510658138282,K23me3,0.0285878920326833,-inf,-inf,-1.0
R17me2R26me1,0.0,R17me2,R26me1,R17me2,0.0176510658138282,R26me1,0.0576502846625203,-inf,-inf,-1.0
R17me2R26me2,0.0,R17me2,R26me2,R17me2,0.0176510658138282,R26me2,0.0740148186844068,-inf,-inf,-1.0
R17me2K27me1,0.0,R17me2,K27me1,R17me2,0.0176510658138282,K27me1,0.0472169836940757,-inf,-inf,-1.0
R17me2K27ac,0.0,R17me2,K27ac,R17me2,0.0176510658138282,K27ac,0.0032995587105386,-inf,-inf,-1.0
R17me2K36me1,0.0,R17me2,K36me1,R17me2,0.0176510658138282,K36me1,0.1291822627390204,-inf,-inf,-1.0
R17me2K36me3,0.0,R17me2,K36me3,R17me2,0.0176510658138282,K36me3,0.041345996935201,-inf,-inf,-1.0
K18me1K23me3,0.0,K18me1,K23me3,K18me1,0.0173666779160586,K23me3,0.0285878920326833,-inf,-inf,-1.0
K18me1R26me1,0.0,K18me1,R26me1,K18me1,0.0173666779160586,R26me1,0.0576502846625203,-inf,-inf,-1.0
K18me1R26me2,0.0,K18me1,R26me2,K18me1,0.0173666779160586,R26me2,0.0740148186844068,-inf,-inf,-1.0
K18me1K27ac,0.0,K18me1,K27ac,K18me1,0.0173666779160586,K27ac,0.0032995587105386,-inf,-inf,-1.0
K18me1K36me1,0.0,K18me1,K36me1,K18me1,0.0173666779160586,K36me1,0.1291822627390204,-inf,-inf,-1.0
K18me1K36me3,0.0,K18me1,K36me3,K18me1,0.0173666779160586,K36me3,0.041345996935201,-inf,-inf,-1.0
K18me2K23me1,0.0,K18me2,K23me1,K18me2,0.0072172766258166,K23me1,0.0066886813006411,-inf,-inf,-1.0
K18me2K23me3,0.0,K18me2,K23me3,K18me2,0.0072172766258166,K23me3,0.0285878920326833,-inf,-inf,-1.0
K18me2R26me1,0.0,K18me2,R26me1,K18me2,0.0072172766258166,R26me1,0.0576502846625203,-inf,-inf,-1.0
K18me2R26me2,0.0,K18me2,R26me2,K18me2,0.0072172766258166,R26me2,0.0740148186844068,-inf,-inf,-1.0
K18me2K27me2,0.0,K18me2,K27me2,K18me2,0.0072172766258166,K27me2,0.5005711314549458,-inf,-inf,-1.0
K18me2K27ac,0.0,K18me2,K27ac,K18me2,0.0072172766258166,K27ac,0.0032995587105386,-inf,-inf,-1.0
K18me2K36me2,0.0,K18me2,K36me2,K18me2,0.0072172766258166,K36me2,0.3991406359181887,-inf,-inf,-1.0
K18acK23me3,0.0,K18ac,K23me3,K18ac,0.0731939751264319,K23me3,0.0285878920326833,-inf,-inf,-1.0
K18acR26me2,0.0,K18ac,R26me2,K18ac,0.0731939751264319,R26me2,0.0740148186844068,-inf,-inf,-1.0
K18acK27ac,0.0,K18ac,K27ac,K18ac,0.0731939751264319,K27ac,0.0032995587105386,-inf,-inf,-1.0
K18acK36me3,0.0,K18ac,K36me3,K18ac,0.0731939751264319,K36me3,0.041345996935201,-inf,-inf,-1.0
K23me1R26me1,0.0,K23me1,R26me1,K23me1,0.0066886813006411,R26me1,0.0576502846625203,-inf,-inf,-1.0
K23me1R26me2,0.0,K23me1,R26me2,K23me1,0.0066886813006411,R26me2,0.0740148186844068,-inf,-inf,-1.0
K23me1K27me2,0.0,K23me1,K27me2,K23me1,0.0066886813006411,K27me2,0.5005711314549458,-inf,-inf,-1.0
K23me1K27ac,0.0,K23me1,K27ac,K23me1,0.0066886813006411,K27ac,0.0032995587105386,-inf,-inf,-1.0
K23me1K27un,0.0,K23me1,K27un,K23me1,0.0066886813006411,K27un,0.068308630440367,-inf,-inf,-1.0
K23me1K36me1,0.0,K23me1,K36me1,K23me1,0.0066886813006411,K36me1,0.1291822627390204,-inf,-inf,-1.0
K23me1K36me3,0.0,K23me1,K36me3,K23me1,0.0066886813006411,K36me3,0.041345996935201,-inf,-inf,-1.0
K23me2R26me2,0.0,K23me2,R26me2,K23me2,0.0239568853300387,R26me2,0.0740148186844068,-inf,-inf,-1.0
K23me2K27ac,0.0,K23me2,K27ac,K23me2,0.0239568853300387,K27ac,0.0032995587105386,-inf,-inf,-1.0
K23me3R26me1,0.0,K23me3,R26me1,K23me3,0.0285878920326833,R26me1,0.0576502846625203,-inf,-inf,-1.0
K23me3R26me2,0.0,K23me3,R26me2,K23me3,0.0285878920326833,R26me2,0.0740148186844068,-inf,-inf,-1.0
K23me3K27un,0.0,K23me3,K27un,K23me3,0.0285878920326833,K27un,0.068308630440367,-inf,-inf,-1.0
K23me3K36me3,0.0,K23me3,K36me3,K23me3,0.0285878920326833,K36me3,0.041345996935201,-inf,-inf,-1.0
K23acR26me2,0.0,K23ac,R26me2,K23ac,0.1074577613790229,R26me2,0.0740148186844068,-inf,-inf,-1.0
R26me1K27ac,0.0,R26me1,K27ac,R26me1,0.0576502846625203,K27ac,0.0032995587105386,-inf,-inf,-1.0
R26me1K27un,0.0,R26me1,K27un,R26me1,0.0576502846625203,K27un,0.068308630440367,-inf,-inf,-1.0
R26me1K36me3,0.0,R26me1,K36me3,R26me1,0.0576502846625203,K36me3,0.041345996935201,-inf,-inf,-1.0
R26me2K27me3,0.0,R26me2,K27me3,R26me2,0.0740148186844068,K27me3,0.3806036957000652,-inf,-inf,-1.0
R26me2K27ac,0.0,R26me2,K27ac,R26me2,0.0740148186844068,K27ac,0.0032995587105386,-inf,-inf,-1.0
R26me2K36me3,0.0,R26me2,K36me3,R26me2,0.0740148186844068,K36me3,0.041345996935201,-inf,-inf,-1.0
K27me3K36me3,0.0,K27me3,K36me3,K27me3,0.3806036957000652,K36me3,0.041345996935201,-inf,-inf,-1.0
K27acK36me3,0.0,K27ac,K36me3,K27ac,0.0032995587105386,K36me3,0.041345996935201,-inf,-inf,-1.0
