PTM Combination,Percentage Abundance,PTM1,PTM2,PTM1_abundance,PTM2_abundance,Interplay,Abundance_Corrected Interplay,Normalized Interplay
K4unR8un,0.9779800740508018,K4un,R8un,0.9920005255354828,0.9859795485153108,-0.00011467494682926355,-0.022380658281276795,-0.005150230515242683
K4unK9un,0.7624222794313109,K4un,K9un,0.9920005255354828,0.7664266732368425,0.0027931872605396857,0.4407742689245587,0.010297285968335663
K4unK14un,0.6323346005075758,K4un,K14un,0.9920005255354828,0.6330610444540147,0.006883472923567483,1.9675365673179628,0.015018379543347822
K4unR17un,0.9752335660317664,K4un,R17un,0.9920005255354828,0.9828581446882596,0.000243837960788925,0.04527723913208756,0.009723072857971695
K4unK18un,0.8110214997968924,K4un,K18un,0.9920005255354828,0.8140786003277547,0.004269283978129402,0.7836603460844093,0.02038226585057142
K4unK23un,0.7758374319355675,K4un,K23un,0.9920005255354828,0.7766620249672639,0.006969363794652629,2.058051266477308,0.027458734122033316
K4unR26un,0.9311495553768604,K4un,R26un,0.9920005255354828,0.9391490298413694,-0.0005226320389426388,-0.07185800714145874,-0.0073264076649635895
K4unK27me2,0.636177671358977,K4un,K27me2,0.9920005255354828,0.6430591238721218,-0.0027271463113914336,-0.30132129805892366,-0.006029808981040012
K4unK36un,0.1248012369932311,K4un,K36un,0.9920005255354828,0.1248012369932311,0.008031641923732366,inf,0.0038594497377502134
R8unK9un,0.7644334562069969,R8un,K9un,0.9859795485153108,0.7664266732368425,0.011515616470524948,1.7465278709928889,0.04286949454627197
R8unK14un,0.622532152712715,R8un,K14un,0.9859795485153108,0.6330610444540147,-0.0026519098160353734,-0.18065696985852736,-0.005595218605484455
R8unR17un,0.970263104536841,R8un,R17un,0.9859795485153108,0.9828581446882596,0.0012221417976092251,0.16506372610902095,0.04048435462663832
R8unK18un,0.8021949142332289,R8un,K18un,0.9859795485153108,0.8140786003277547,-0.0005856419328033143,-0.044079370736221084,-0.0026571333631552935
R8unK23un,0.7646433260205032,R8un,K23un,0.9859795485153108,0.7766620249672639,-0.0014761303647136208,-0.10676523023055381,-0.005500851497033934
R8unR26un,0.9251285783566884,R8un,R26un,0.9859795485153108,0.9391490298413694,-0.0009217798944671627,-0.07874432739471501,-0.011844637885385182
R8unK27me2,0.631534058723144,R8un,K27me2,0.9859795485153108,0.6430591238721218,-0.003965130189891953,-0.26056010621694514,-0.008627286355241416
R8unK36un,0.1248012369932311,R8un,K36un,0.9859795485153108,0.1248012369932311,0.014119666465498875,inf,0.006784931842686815
K9unK14un,0.5418287387150049,K9un,K14un,0.7664266732368425,0.6330610444540147,0.11039936669322922,0.9285647106426135,0.18015406411314255
K9unR17un,0.7567939172673704,K9un,R17un,0.7664266732368425,0.9828581446882596,0.004642428738615597,0.3350088212382509,0.01665957483623443
K9unK18un,0.6689041979572772,K9un,K18un,0.7664266732368425,0.8140786003277547,0.06960017572333399,0.7882871460460003,0.1730854959772478
K9unK23un,0.6150753403006133,K9un,K23un,0.7664266732368425,0.7766620249672639,0.032755733067638286,0.30428189899507635,0.06739716964070448
K9unR26un,0.7096563424851651,K9un,R26un,0.7664266732368425,0.9391490298413694,-0.014177100005181313,-0.2701127359463243,-0.041335732070972776
K9unK27me2,0.4861869465493685,K9un,K27me2,0.7664266732368425,0.6430591238721218,-0.013627206779537224,-0.0947997762795822,-0.018896178035460703
K9unK36un,0.1094085128047328,K9un,K36un,0.7664266732368425,0.1248012369932311,0.13438258248834373,0.9280564813424836,0.060733317797244335
K14unR17un,0.6217161877651031,K14un,R17un,0.6330610444540147,0.9828581446882596,-0.0007926775843768333,-0.047381204868893606,-0.001667841330089189
K14unK18un,0.5614633512037711,K14un,K18un,0.6330610444540147,0.8140786003277547,0.08567800540966942,0.8360582985476545,0.14843503583994092
K14unK23un,0.5295615472435811,K14un,K23un,0.6330610444540147,0.7766620249672639,0.07423253813301117,0.6030465606188286,0.11677182795099042
K14unR26un,0.5872531944416663,K14un,R26un,0.6330610444540147,0.9391490298413694,-0.01232968990315592,-0.21879632611721922,-0.023163081096646713
K14unK27me2,0.3712850474025257,K14un,K27me2,0.6330610444540147,0.6430591238721218,-0.09207815585439415,-0.4725579747811931,-0.09293452993262093
K14unK36un,0.1045870431394752,K14un,K36un,0.6330610444540147,0.1248012369932311,0.28048573045926245,1.4260180092857235,0.12423320505980272
R17unK18un,0.8000848662794117,R17un,K18un,0.9828581446882596,0.8140786003277547,-4.8639243603460415e-05,-0.0030950898750141333,-0.0002180765532860316
R17unK23un,0.7663402627895893,R17un,K23un,0.9828581446882596,0.7766620249672639,0.0039114747757382365,0.2760641947666471,0.014697664543446514
R17unR26un,0.9238957621535616,R17un,R26un,0.9828581446882596,0.9391490298413694,0.0009155537203974013,0.07001703200108712,0.011566443840254154
R17unK27me2,0.6325552646837875,R17un,K27me2,0.9828581446882596,0.6430591238721218,0.0008213995396203583,0.051386136094484156,0.0017934969925419274
R17unK36un,0.1248012369932311,R17un,K36un,0.9828581446882596,0.1248012369932311,0.017290477805665158,inf,0.008308603728394247
K18unK23un,0.7040609373806026,K18un,K23un,0.8140786003277547,0.7766620249672639,0.10755798679659831,1.4050570008281984,0.30652875276621044
K18unR26un,0.759895769041219,K18un,R26un,0.8140786003277547,0.9391490298413694,-0.0060945429224617785,-0.12808054228526725,-0.02219635835120247
K18unK27me2,0.5027365746132159,K18un,K27me2,0.8140786003277547,0.6430591238721218,-0.04047198860871493,-0.3101025511771956,-0.058852171957538266
K18unK36un,0.1148215987162139,K18un,K36un,0.8140786003277547,0.1248012369932311,0.12235559766737644,1.1071897573364855,0.056531589837051276
K23unR26un,0.72278739773151,K23un,R26un,0.7766620249672639,0.9391490298413694,-0.009109057076254388,-0.18024610266629262,-0.028058935145765296
K23unK27me2,0.4772419377543704,K23un,K27me2,0.7766620249672639,0.6430591238721218,-0.0454631031649639,-0.3116719049458168,-0.06145890810416003
K23unK36un,0.1131027584632839,K23un,K36un,0.7766620249672639,0.1248012369932311,0.15432440227486033,1.2009261542253935,0.07080859847078347
R26unK27me2,0.6266685969381783,R26un,K27me2,0.9391490298413694,0.6430591238721218,0.03696227846776344,1.0143773701186194,0.07909120042104735
R26unK36un,0.1204871208903622,R26un,K36un,0.9391490298413694,0.1248012369932311,0.02760160009072739,0.6247043190957173,0.013042925147664062
K27me2K36un,0.0132918412596198,K27me2,K36un,0.6430591238721218,0.1248012369932311,-1.7980533508830694,-4.62609626121809,-0.4161577845049506
K4unK27un,0.0840103031173675,K4un,K27un,0.9920005255354828,0.0840103031173675,0.008031641923732366,inf,0.003242728757456275
K4unK36me2,0.7140408163552432,K4un,K36me2,0.9920005255354828,0.7220402908197521,-0.003109173402243033,-0.3399243259139789,-0.009231097173173683
R8unK27un,0.0820600228407216,R8un,K27un,0.9859795485153108,0.0840103031173675,-0.00936881565957821,-0.5238643586483805,-0.0037470701500289696
R8unK36me2,0.7085447082784546,R8un,K36me2,0.9859795485153108,0.7220402908197521,-0.004748115468081091,-0.3092454868079026,-0.013780943474204705
K9unK27un,0.0482907385867702,K9un,K27un,0.7664266732368425,0.0840103031173675,-0.2876834032470007,-1.1970551498137223,-0.09492886762279273
K9unK36me2,0.5325927450069886,K9un,K36me2,0.7664266732368425,0.7220402908197521,-0.03830764070305475,-0.2860569730840784,-0.060805949967223015
K14unK27un,0.0602034009722656,K14un,K27un,0.6330610444540147,0.0840103031173675,0.12397782254561007,0.5185392161782548,0.04411980651087634
K14unK36me2,0.4006715797001746,K14un,K36me2,0.6330610444540147,0.7220402908197521,-0.13175042854509988,-0.7346957345833508,-0.14405043565516887
R17unK27un,0.078473517142011,R17un,K27un,0.9828581446882596,0.0840103031173675,-0.05088776305414606,-1.453022493287314,-0.01999523834133504
R17unK36me2,0.709009810150114,R17un,K36me2,0.9828581446882596,0.7220402908197521,-0.000921100952230848,-0.05567340231388011,-0.00267850734654366
K18unK27un,0.0696488571593449,K18un,K27un,0.8140786003277547,0.0840103031173675,0.01822520131570511,0.12209960087541004,0.006840549731307184
K18unK36me2,0.5535198296793953,K18un,K36me2,0.8140786003277547,0.7220402908197521,-0.06008500726725123,-0.4886281509534612,-0.10158800386783481
K23unK27un,0.069780963124882,K23un,K27un,0.7766620249672639,0.0840103031173675,0.06717178803349742,0.41730061891916714,0.025229844643107204
K23unK36me2,0.53251107445142,K23un,K36me2,0.7766620249672639,0.7220402908197521,-0.0517272497907548,-0.38804632729153044,-0.0820869947187625
R26unK27un,0.0501921017000034,R26un,K27un,0.9391490298413694,0.0840103031173675,-0.45230066867414104,-2.8268133361487524,-0.15117518342710712
R26unK36me2,0.6713357623920391,R26un,K36me2,0.9391490298413694,0.7220402908197521,-0.010030437790213911,-0.18891757809508558,-0.02517137592912447
K27unK36me2,0.0443548510282581,K27un,K36me2,0.0840103031173675,0.7220402908197521,-0.31304302695047986,-1.1800066049409617,-0.10047815487528758
K4unR26me1,0.0263077504653651,K4un,R26me1,0.9920005255354828,0.0263077504653651,0.008031641923732366,inf,0.002207773790697038
K4unK27me1,0.0690752747197695,K4un,K27me1,0.9920005255354828,0.0701932966711335,-0.008024327608927856,-0.7053394476439757,-0.0030024891189198255
R8unR26me1,0.0263077504653651,R8un,R26me1,0.9859795485153108,0.0263077504653651,0.014119666465498655,inf,0.003881277309412901
R8unK27me1,0.0696481906120763,R8un,K27me1,0.9859795485153108,0.0701932966711335,0.006323570606303189,0.6039156716546124,0.002373446695295225
K9unR26me1,0.022606894879737,K9un,R26me1,0.7664266732368425,0.0263077504653651,0.11440760230076381,0.7391358110688463,0.03019068271670149
K9unK27me1,0.043161712902797,K9un,K27me1,0.7664266732368425,0.0701932966711335,-0.22028274093248046,-0.9553929933877503,-0.07009120502504888
K14unR26me1,0.0180855751524357,K14un,R26me1,0.6330610444540147,0.0263077504653651,0.08243950211297053,0.32767248910094676,0.020544950345111935
K14unK27me1,0.0398843925605688,K14un,K27me1,0.6330610444540147,0.0701932966711335,-0.10807930922997706,-0.3866110698010516,-0.03354656063946528
R17unR26me1,0.0244191628414408,R17un,R26me1,0.9828581446882596,0.0263077504653651,-0.05720492604708481,-1.5481087397936184,-0.0154092029254331
R17unK27me1,0.0690920865230922,R17un,K27me1,0.9828581446882596,0.0701932966711335,0.001477862466852873,0.09167836162741898,0.0005530270287541498
K18unR26me1,0.0254910263944752,K18un,R26me1,0.8140786003277547,0.0263077504653651,0.17416125090355358,2.143362257690005,0.04746276890506091
K18unK27me1,0.0514862957974205,K18un,K27me1,0.8140786003277547,0.0701932966711335,-0.1042387891775722,-0.5759990646165549,-0.03513935996048364
K23unR26me1,0.0255883237804453,K23un,R26me1,0.7766620249672639,0.0263077504653651,0.225022552387818,2.556981784653495,0.06138732480651726
K23unK27me1,0.0387392458384251,K23un,K27me1,0.7766620249672639,0.0701932966711335,-0.3416496293804873,-1.4012557529033123,-0.10509379245663504
R26me1K27me1,0.008967412189294,R26me1,K27me1,0.0263077504653651,0.0701932966711335,1.5802360095253982,3.6145443468839913,0.3352106489340157
R26me1K36un,0.002741749612148,R26me1,K36un,0.0263077504653651,0.1248012369932311,-0.18023441778250676,-0.3881606880151588,-0.030552561346306482
K27me1K36un,0.0061590078503158,K27me1,K36un,0.0701932966711335,0.1248012369932311,-0.3523042048530855,-0.7682472350805912,-0.0692171530118079
K4unK27me3,0.191441003540235,K4un,K27me3,0.9920005255354828,0.191441003540235,0.008031641923732366,inf,0.0048583114559131784
R8unK27me3,0.191441003540235,R8un,K27me3,0.9859795485153108,0.191441003540235,0.014119666465498875,inf,0.0085409357133203
K9unK27me3,0.1815075051463457,K9un,K27me3,0.7664266732368425,0.191441003540235,0.2127335675179063,1.9876386147123586,0.12466379669325066
K14unK27me3,0.1513753841834955,K14un,K27me3,0.6330610444540147,0.191441003540235,0.22237147893242026,1.0670177488599928,0.11778196911314713
R17unK27me3,0.191441003540235,R17un,K27me3,0.9828581446882596,0.191441003540235,0.017290477805665158,inf,0.010458948145242881
K18unK27me3,0.1790463904493544,K18un,K27me3,0.8140786003277547,0.191441003540235,0.13876360817924718,1.3682932427063128,0.08067134111989485
K23unK27me3,0.1798374154200111,K23un,K27me3,0.7766620249672639,0.191441003540235,0.1902235069472027,1.7355236219974646,0.11087210811751001
R26unK27me3,0.1903008188921999,R26un,K27me3,0.9391490298413694,0.191441003540235,0.0568074929505434,2.4516131721756276,0.03423892974684577
K27me3K36un,0.0985605671043401,K27me3,K36un,0.191441003540235,0.1248012369932311,1.4171244793116242,4.771121589548444,0.6115982259726759
K4unK36me1,0.0907445968058339,K4un,K36me1,0.9920005255354828,0.0907445968058339,0.008031641923732366,inf,0.003346926982951927
R8unK36me1,0.0907445968058339,R8un,K36me1,0.9859795485153108,0.0907445968058339,0.014119666465498875,inf,0.005883914289557711
K9unK36me1,0.0716819003884721,K9un,K36me1,0.7664266732368425,0.0907445968058339,0.030205598035552533,0.16953278388288479,0.011460976367126513
K14unK36me1,0.0705207195014858,K14un,K36me1,0.6330610444540147,0.0907445968058339,0.2050460529867578,0.9316920897376428,0.07732192697891145
R17unK36me1,0.0876662963687993,R17un,K36me1,0.9828581446882596,0.0907445968058339,-0.017220934666416613,-0.7187052053792108,-0.007074525111746917
K18unK36me1,0.0858109065018771,K18un,K36me1,0.8140786003277547,0.0907445968058339,0.14979553882122515,1.5453804616758429,0.06100137633728547
K23unK36me1,0.0717039890243356,K23un,K36me1,0.7766620249672639,0.0907445968058339,0.01724744648857052,0.09863855433870662,0.006545001613225306
R26unK36me1,0.0887890211814455,R26un,K36me1,0.9391490298413694,0.0907445968058339,0.04099517610879605,1.1242123066685292,0.0169297158546857
K27me2K36me1,0.0501345934829116,K27me2,K36me1,0.6430591238721218,0.0907445968058339,-0.1518190646114519,-0.543748450749475,-0.05072396649438342
R26unK27me1,0.0606912395118543,R26un,K27me1,0.9391490298413694,0.0701932966711335,-0.08267235301817166,-0.9708999645749905,-0.02950522974162746
K27me1K36me2,0.0496870810530541,K27me1,K36me2,0.0701932966711335,0.7220402908197521,-0.01983351952801838,-0.0909028002063385,-0.0066067459553729
K4unK27ac,0.0112962727991332,K4un,K27ac,0.9920005255354828,0.0112962727991332,0.008031641923732366,inf,0.0017914646279970365
R8unK27ac,0.0112962727991332,R8un,K27ac,0.9859795485153108,0.0112962727991332,0.014119666465498875,inf,0.003149403729929041
K9unK27ac,0.0072797700515607,K9un,K27ac,0.7664266732368425,0.0112962727991332,-0.17335730549140335,-0.7687293970386402,-0.035216213638480716
K14unK27ac,0.0103128193351584,K14un,K27ac,0.6330610444540147,0.0112962727991332,0.3661033112422074,2.1758686234839426,0.08003364536905798
R17unK27ac,0.0112962727991332,R17un,K27ac,0.9828581446882596,0.0112962727991332,0.017290477805665377,inf,0.0038566559221832053
K18unK27ac,0.0111604823084187,K18un,K27ac,0.8140786003277547,0.0112962727991332,0.1936047001374312,3.1283366673067956,0.043067519958225074
K23unK27ac,0.0110624628295747,K23un,K27ac,0.7766620249672639,0.0112962727991332,0.2318348173111304,2.845305435782806,0.051470835967391826
R26unK27ac,0.0112962727991332,R26un,K27ac,0.9391490298413694,0.0112962727991332,0.06278110114100285,inf,0.014003378520707915
K27acK36un,0.0028785769541688,K27ac,K36un,0.0112962727991332,0.1248012369932311,0.7138561396649076,1.6005196087659852,0.12201711230022538
R26me1K27me2,0.0163248905432178,R26me1,K27me2,0.0263077504653651,0.6430591238721218,-0.03565401104961179,-0.13344507172888803,-0.008664265823074679
K4unK36me3,0.0624138753811742,K4un,K36me3,0.9920005255354828,0.0624138753811742,0.008031641923732366,inf,0.002895362487774617
R8unK36me3,0.0618890064377907,R8un,K36me3,0.9859795485153108,0.0624138753811742,0.005674615874213336,0.5228842258123279,0.0020394587184938548
K9unK36me3,0.0527435150366487,K9un,K36me3,0.7664266732368425,0.0624138753811742,0.09766946421754524,0.6126550125135412,0.0331947743230603
K14unK36me3,0.0572817021128786,K14un,K36me3,0.6330610444540147,0.0624138753811742,0.3713820500857339,2.268858419811623,0.1298641237897021
R17unK36me3,0.0613808011761147,R17un,K36me3,0.9828581446882596,0.0624138753811742,0.0005999671002585048,0.036256349347934806,0.00021499125373733934
K18unK36me3,0.0599262654302679,K18un,K36me3,0.8140786003277547,0.0624138753811742,0.16502564150570875,1.8821011076819791,0.05863116388225098
K23unK36me3,0.0593442030282238,K23un,K36me3,0.7766620249672639,0.0624138753811742,0.2023168269612539,1.9328209778751815,0.07163176851833497
R26unK36me3,0.0585371253775221,R26un,K36me3,0.9391490298413694,0.0624138753811742,-0.001345336604919502,-0.023317244678925438,-0.00047402818776572846
K27unK36me3,0.0196833630153618,K27un,K36me3,0.0840103031173675,0.0624138753811742,1.322801980918765,3.1392424414350435,0.3367637997234928
K4unK23ac,0.1386973588971718,K4un,K23ac,0.9920005255354828,0.1436397328308185,-0.02698238213867665,-1.5173370334968153,-0.013658777482826205
R8unK23ac,0.1416379802928982,R8un,K23ac,0.9859795485153108,0.1436397328308185,8.572480275719247e-05,0.006232877741260286,4.386064978298517e-05
K9unK23ac,0.0952543445319492,K9un,K23ac,0.7664266732368425,0.1436397328308185,-0.144741434866908,-0.6779826686730392,-0.06156054285302999
K14unK23ac,0.095888823470565,K14un,K23ac,0.6330610444540147,0.1436397328308185,0.05306954690333207,0.2140734969577463,0.02263512750588657
R17unK23ac,0.1417119855548816,R17un,K23ac,0.9828581446882596,0.1436397328308185,0.00377889557532894,0.25291711246211185,0.0019339691580229671
K18unK23ac,0.0488797071591222,K18un,K23ac,0.8140786003277547,0.1436397328308185,-0.872247628493499,-3.104108862501122,-0.2889774928093372
K23acR26un,0.1370643921506409,K23ac,R26un,0.1436397328308185,0.9391490298413694,0.015923622879822078,0.31919757143775,0.008012674100749637
K23acK27un,0.0092563233996987,K23ac,K27un,0.1436397328308185,0.0840103031173675,-0.26518554911613884,-0.5898370521846555,-0.05663395071999696
K23acK36un,0.0059570255128184,K23ac,K36un,0.1436397328308185,0.1248012369932311,-1.101704116606046,-2.40051123913666,-0.21504285560317232
K27unK36un,0.0039112438247866,K27un,K36un,0.0840103031173675,0.1248012369932311,-0.9860510990236188,-2.1136399004366,-0.1778623581158699
K4unK9me2,0.0485178090228384,K4un,K9me2,0.9920005255354828,0.0485178090228384,0.008031641923732366,inf,0.0026543648900771476
R8unK9me2,0.0485178090228384,R8un,K9me2,0.9859795485153108,0.0485178090228384,0.014119666465498655,inf,0.004666386684256295
K9me2K14un,0.0312419962253793,K9me2,K14un,0.0485178090228384,0.6330610444540147,0.017020720450960283,0.06498089955278534,0.004910778840237097
K9me2R17un,0.0454395085858038,K9me2,R17un,0.0485178090228384,0.9828581446882596,-0.04825848930343775,-1.4075952913072527,-0.015610696063041458
K9me2K18un,0.0380932504442299,K9me2,K18un,0.0485178090228384,0.8140786003277547,-0.0361954571041444,-0.21886671677290842,-0.011076676525569836
K9me2K23un,0.0376541254008327,K9me2,K23un,0.0485178090228384,0.7766620249672639,-0.0007384087026219079,-0.0040780491712472415,-0.00022517178355253568
K9me2R26un,0.0483497095048132,K9me2,R26un,0.0485178090228384,0.9391490298413694,0.05931038795825569,2.9875439885701236,0.019578940539053874
K9me2K27me1,0.0129261104765435,K9me2,K27me1,0.0485178090228384,0.0701932966711335,1.333820868285505,3.058472394702695,0.3067308369941692
K9me2K36un,0.0140801815260016,K9me2,K36un,0.0485178090228384,0.1248012369932311,0.8438702275191474,1.967191365954688,0.1979528017373355
K9me2K27un,0.0215018150544993,K9me2,K27un,0.0485178090228384,0.0840103031173675,1.6630222573206526,4.069699001140817,0.43312180775632764
K9me2K36me1,0.0177249730802847,K9me2,K36me1,0.0485178090228384,0.0907445968058339,1.3927499737231106,3.312605957674526,0.34535722832210064
K27unK36me1,0.0160608452489609,K27un,K36me1,0.0840103031173675,0.0907445968058339,0.7451512372871877,1.714384724440987,0.18036415705609202
K4unK14me1,0.0571523919428276,K4un,K14me1,0.9920005255354828,0.0571523919428276,0.008031641923732366,inf,0.0028062705834833723
R8unK14me1,0.0554669160837163,R8un,K14me1,0.9859795485153108,0.0571523919428276,-0.015814840256734027,-0.7761452174503374,-0.005468538133776156
K9me2K14me1,0.0036468837720975,K9me2,K14me1,0.0485178090228384,0.0571523919428276,0.2739761508225286,0.5834449041812076,0.048803330609791515
K14me1R17un,0.0566398170935038,K14me1,R17un,0.0571523919428276,0.9828581446882596,0.008281454771818684,0.6648647633769855,0.00288447599077108
K14me1K18un,0.0425792061359077,K14me1,K18un,0.0571523919428276,0.8140786003277547,-0.08865687085955323,-0.49833660449563066,-0.028088066284382936
K14me1K23un,0.0474363175648178,K14me1,K23un,0.0571523919428276,0.7766620249672639,0.06641688308795943,0.4098756434949698,0.02178769151257747
K14me1R26un,0.0523544736143831,K14me1,R26un,0.0571523919428276,0.9391490298413694,-0.024902752464191314,-0.37308369425140026,-0.008442418359131917
K14me1K27un,0.0097502164103083,K14me1,K27un,0.0571523919428276,0.0840103031173675,0.7083840690610873,1.580586312357865,0.15298332822644803
K14me1K36un,0.0033475299878226,K14me1,K36un,0.0571523919428276,0.1248012369932311,-0.7564655750243617,-1.6175394245358732,-0.13272414396839333
K27me3K36me1,0.0179804273208613,K27me3,K36me1,0.191441003540235,0.0907445968058339,0.03441045650766463,0.08064464188015079,0.008563070970312225
K27me2K36me2,0.5458885855502188,K27me2,K36me2,0.6430591238721218,0.7220402908197521,0.1618525662958172,1.313745366267243,0.26737447507092227
R26me1K36me2,0.0205549846598773,R26me1,K36me2,0.0263077504653651,0.7220402908197521,0.07891422096958732,0.39995317454695883,0.020314361474935327
K4unR26me2,0.0345432196932568,K4un,R26me2,0.9920005255354828,0.0345432196932568,0.008031641923732366,inf,0.0023864320114286943
R8unR26me2,0.0345432196932568,R8un,R26me2,0.9859795485153108,0.0345432196932568,0.014119666465498655,inf,0.004195359350420794
K9unR26me2,0.0341634358719402,K9un,R26me2,0.7664266732368425,0.0345432196932568,0.25496091050132463,3.576471991195759,0.0755081919196688
K14unR26me2,0.0277222748599122,K14un,R26me2,0.6330610444540147,0.0345432196932568,0.23721337661994502,1.1037049196835131,0.06615872731856096
R17unR26me2,0.0345432196932568,R17un,R26me2,0.9828581446882596,0.0345432196932568,0.017290477805665158,inf,0.005137498673392261
K18unR26me2,0.0286918048920601,K18un,R26me2,0.8140786003277547,0.0345432196932568,0.020098610462141057,0.13402040061536366,0.00565975694847126
K23unR26me2,0.0282863034553083,K23un,R26me2,0.7766620249672639,0.0345432196932568,0.05291642345628846,0.31723379582601896,0.014841744651758696
R26me2K27un,0.032970853202536,R26me2,K27un,0.0345432196932568,0.0840103031173675,2.4302284816585984,8.325522926179381,0.7122318095612401
R26me2K36me2,0.0301495437678352,R26me2,K36me2,0.0345432196932568,0.7220402908197521,0.18963284342766223,1.16853058389391,0.054156279798804406
K27me1K36me3,0.0089864087864407,K27me1,K36me3,0.0701932966711335,0.0624138753811742,0.7184281500839149,1.5920868109837671,0.1524664155063013
K4unK9me3,0.021423791993704,K4un,K9me3,0.9920005255354828,0.021423791993704,0.008031641923732366,inf,0.0020898029631739347
R8unK9me3,0.021423791993704,R8un,K9me3,0.9859795485153108,0.021423791993704,0.014119666465498655,inf,0.0036738840076319594
K9me3K14un,0.0140152857433516,K9me3,K14un,0.021423791993704,0.6330610444540147,0.03283491768514272,0.12571435145162566,0.007693988679323505
K9me3R17un,0.021423791993704,K9me3,R17un,0.021423791993704,0.9828581446882596,0.017290477805665158,inf,0.004498917169875595
K9me3K18un,0.0186254969549617,K9me3,K18un,0.021423791993704,0.8140786003277547,0.0657277232273762,0.48600434794509223,0.016501137265760767
K9me3K23un,0.0192567727636489,K9me3,K23un,0.021423791993704,0.7766620249672639,0.1461107484087515,1.0877521271517123,0.036991070091928764
K9me3R26un,0.0210961469809301,K9me3,R26un,0.021423791993704,0.9391490298413694,0.0473694375394357,1.4768005431093674,0.012276121203778564
K9me3K27un,0.0045666449415458,K9me3,K27un,0.021423791993704,0.0840103031173675,0.9310925384603108,2.048397036767877,0.17277724996871963
K9me3K36me1,0.001337723337077,K9me3,K36me1,0.021423791993704,0.0907445968058339,-0.3738265660901763,-0.7851120223864559,-0.056496697906587644
K23acK36me2,0.1173108750352906,K23ac,K36me2,0.1436397328308185,0.7220402908197521,0.12319349048249921,0.6849863032305926,0.05748839953645806
K27me3K36me2,0.0749000091150336,K27me3,K36me2,0.191441003540235,0.7220402908197521,-0.612751336241741,-2.112428968498774,-0.23643735018199993
K27me2K36me3,0.0337441035793717,K27me2,K36me3,0.6430591238721218,0.0624138753811742,-0.17346331030134785,-0.6097128501824347,-0.05118497809291524
K27acK36me2,0.0072097640731872,K27ac,K36me2,0.0112962727991332,0.7220402908197521,-0.12336226474131583,-0.511546906602926,-0.02501100668491004
K9me2K36me3,0.0081355611984541,K9me2,K36me3,0.0485178090228384,0.0624138753811742,0.9882814635222811,2.18558544336762,0.20539941713144302
K4unK14ac,0.2989850910595187,K4un,K14ac,0.9920005255354828,0.3062581215775886,-0.01600292955028749,-1.127114021415657,-0.013254463248120378
R8unK14ac,0.3044520376933186,R8un,K14ac,0.9859795485153108,0.3062581215775886,0.008204948584457581,0.8860827550403518,0.006899311111129447
K9unK14ac,0.2197612268454185,K9un,K14ac,0.7664266732368425,0.3062581215775886,-0.06587040686550619,-0.34943355632480005,-0.043472685629307936
K14acR17un,0.3014546672037769,K14ac,R17un,0.3062581215775886,0.9828581446882596,0.0014818441906733104,0.09247939367486167,0.0012357602856241064
K14acK18un,0.2069885703622,K14ac,K18un,0.3062581215775886,0.8140786003277547,-0.18606634780287898,-1.0002500798314216,-0.11813048564876438
K14acK23un,0.1983166422799839,K14ac,K23un,0.3062581215775886,0.7766620249672639,-0.18181332663432043,-0.8906779434326068,-0.11237679349310035
K14acR26un,0.2973604376386398,K14ac,R26un,0.3062581215775886,0.9391490298413694,0.03329781793142818,0.8209652925300707,0.027455092066981077
K14acK27me1,0.0272119218348157,K14ac,K27me1,0.3062581215775886,0.0701932966711335,0.2357293606065399,0.6165617014182593,0.06540588611143473
K14acK36me1,0.0190850257508496,K14ac,K36me1,0.3062581215775886,0.0907445968058339,-0.3758178985370183,-0.9119550388398513,-0.09493104828142317
K27me1K36me1,0.0053607989813229,K27me1,K36me1,0.0701932966711335,0.0907445968058339,-0.1724334428643699,-0.3724362961834325,-0.03297862706528684
K14acK27me2,0.2281817370010721,K14ac,K27me2,0.3062581215775886,0.6430591238721218,0.147232731548134,0.7036193091178953,0.09964229061390195
K14acK36un,0.0162541069263644,K14ac,K36un,0.3062581215775886,0.1248012369932311,-0.855049758879108,-2.0149876742619433,-0.2075660902284193
R26me2K36me3,0.0028213094347007,R26me2,K36me3,0.0345432196932568,0.0624138753811742,0.2689574974328508,0.569774839543863,0.045814669271973335
K4unK9me1,0.1562257375637123,K4un,K9me1,0.9920005255354828,0.1599386095153715,-0.015456412185975666,-1.0992237460602965,-0.008325774925614773
R8unK9me1,0.1479113750605361,R8un,K9me1,0.9859795485153108,0.1599386095153715,-0.06405710736838174,-1.819480117964548,-0.03351771208528145
K9me1K14un,0.0425641162463616,K9me1,K14un,0.1599386095153715,0.6330610444540147,-0.8665900696538149,-2.530997372256682,-0.27452024804202774
K9me1R17un,0.1572174673229353,K9me1,R17un,0.1599386095153715,0.9828581446882596,0.00013041583691943514,0.007791871478016099,7.049027308216238e-05
K9me1K18un,0.0850447474473684,K9me1,K18un,0.1599386095153715,0.8140786003277547,-0.4259141355084147,-1.8394849880538184,-0.17281424398726306
K9me1K23un,0.1032635024470515,K9me1,K23un,0.1599386095153715,0.7766620249672639,-0.18475605593498323,-0.8627385552337037,-0.08137343883170815
K9me1R26un,0.1563537146392259,K9me1,R26un,0.1599386095153715,0.9391490298413694,0.040111892171386165,1.0867797899179892,0.02161626847092748
K9me1K27me2,0.1332739970486388,K9me1,K27me2,0.1599386095153715,0.6430591238721218,0.2591356951133302,1.3375060539130312,0.12858110702947143
K9me1K36me2,0.1570912677068034,K9me1,K36me2,0.1599386095153715,0.7220402908197521,0.30771124552881096,3.434612708427955,0.16624698119125997
K4unK14me2,0.0016198209531836,K4un,K14me2,0.9920005255354828,0.0016198209531836,0.008031641923732366,inf,0.0012499754647944514
R8unK14me2,0.0016198209531836,R8un,K14me2,0.9859795485153108,0.0016198209531836,0.014119666465498875,inf,0.002197463086695086
K9unK14me2,0.0016198209531836,K9un,K14me2,0.7664266732368425,0.0016198209531836,0.26601624964712617,inf,0.04140047433053659
K14me2R17un,0.0011388515534985,K14me2,R17un,0.0016198209531836,0.9828581446882596,-0.33500479718752146,-3.5224362204493045,-0.049427249733311564
K14me2K18un,0.0011388515534985,K14me2,K18un,0.0016198209531836,0.8140786003277547,-0.14659691795112254,-0.7615790728574346,-0.021629190192306354
K14me2K23un,0.0011388515534985,K14me2,K23un,0.0016198209531836,0.7766620249672639,-0.09954527744782783,-0.4840460941351178,-0.014687100989277557
K14me2R26me1,0.0011388515534985,K14me2,R26me1,0.0016198209531836,0.0263077504653651,3.2855964137185527,7.8014334798787655,0.48476319093674425
K14me2K27me1,0.0016198209531836,K14me2,K27me1,0.0016198209531836,0.0701932966711335,2.6565024615249304,inf,0.41343512703927143
K14me2K36me1,0.0011388515534985,K14me2,K36me1,0.0016198209531836,0.0907445968058339,2.0474110719461804,5.224968499377907,0.302078952926709
R26me1K36me1,0.0019555756243884,R26me1,K36me1,0.0263077504653651,0.0907445968058339,-0.1994726562044616,-0.4217062019941686,-0.03198178537000311
K9me1K14me1,0.0511098447124457,K9me1,K14me1,0.1599386095153715,0.0571523919428276,1.721221119247311,5.841221282270339,0.5787994381579677
K9me1R26me1,0.003205111054829,K9me1,R26me1,0.1599386095153715,0.0263077504653651,-0.27215162210012767,-0.5950836717848013,-0.04738833666455244
K9me1K27un,0.0096511045345522,K9me1,K27un,0.1599386095153715,0.0840103031173675,-0.33090185123552607,-0.739562216841801,-0.0713045596105462
K14me1R26me1,0.003205111054829,K14me1,R26me1,0.0571523919428276,0.0263077504653651,0.7569171858439889,1.6159544404752404,0.13179802550198993
K14me1K36me2,0.0525295903939275,K14me1,K36me2,0.0571523919428276,0.7220402908197521,0.24132973142488587,1.7337838633442928,0.08190723623115359
R26me1K27un,0.0008473482148281,R26me1,K27un,0.0263077504653651,0.0840103031173675,-0.9586913120844368,-1.9889161269867581,-0.13553474571616142
K4unK23me2,0.0213990741991714,K4un,K23me2,0.9920005255354828,0.0222600681177977,-0.03141510464668507,-1.639451254856625,-0.008171637285918954
R8unK23me2,0.0222600681177977,R8un,K23me2,0.9859795485153108,0.0222600681177977,0.014119666465498655,inf,0.003710857203694471
K9unK23me2,0.0081528173666223,K9un,K23me2,0.7664266732368425,0.0222600681177977,-0.7384145996221673,-2.4868000552257494,-0.1535359650986178
K14unK23me2,0.0024259913589922,K14un,K23me2,0.6330610444540147,0.0222600681177977,-1.759365732507835,-4.424570385176772,-0.29217991214084504
R17unK23me2,0.0178486916593622,R17un,K23me2,0.9828581446882596,0.0222600681177977,-0.20357371899071852,-2.858956580634694,-0.0505669559554303
K18unK23me2,0.0107234679980379,K18un,K23me2,0.8140786003277547,0.0222600681177977,-0.5246614382942675,-2.083735862122257,-0.11568342718355545
K23me2R26un,0.0222600681177977,K23me2,R26un,0.0222600681177977,0.9391490298413694,0.06278110114100285,inf,0.0164998020310343
K23me2K27me1,0.0048208031179896,K23me2,K27me1,0.0222600681177977,0.0701932966711335,1.1266485917556355,2.473228428753316,0.21118795048583078
K23me2K36me2,0.0216297736148112,K23me2,K36me2,0.0222600681177977,0.7220402908197521,0.2969507048962753,2.885887575566764,0.07745830531524592
K9me1K27me3,0.0044179493551089,K9me1,K27me3,0.1599386095153715,0.191441003540235,-1.935938816117452,-4.207300313005717,-0.35704728546943576
K9me1K36un,0.0013125426624967,K9me1,K36un,0.1599386095153715,0.1248012369932311,-2.721790920070895,-5.732353247615626,-0.41016839079140277
K14me1K27me3,0.0033936328405468,K14me1,K27me3,0.0571523919428276,0.191441003540235,-1.170644667816665,-2.5335411686259532,-0.2058872082660015
K9me1K36me3,0.0015347991460713,K9me1,K36me3,0.1599386095153715,0.0624138753811742,-1.8724228616164809,-3.9490320989782512,-0.2889828760971193
K14me1K36me3,0.0012752715610775,K14me1,K36me3,0.0571523919428276,0.0624138753811742,-1.028594431673208,-2.137275760814062,-0.15433709875236534
K4me1R8un,0.0079994744645088,K4me1,R8un,0.0079994744645088,0.9859795485153108,0.014119666465498875,inf,0.002924307558284633
K4me1K9un,0.0040043938055316,K4me1,K9un,0.0079994744645088,0.7664266732368425,-0.42596738829199793,-1.614675103179479,-0.07716292985476811
K4me1K14un,0.0007264439464389,K4me1,K14un,0.0079994744645088,0.6330610444540147,-1.9417813774069537,-4.797803215817408,-0.26867130875476475
K4me1R17un,0.0076245786564931,K4me1,R17un,0.0079994744645088,0.9828581446882596,-0.030708306978113765,-1.0674095945336095,-0.006297359560056409
K4me1K18un,0.0030571005308621,K4me1,K18un,0.0079994744645088,0.8140786003277547,-0.7562105627120207,-2.7175916079466793,-0.1305998107264819
K4me1K23un,0.0008245930316963,K4me1,K23un,0.0079994744645088,0.7766620249672639,-2.0194911593112628,-5.436231143049679,-0.28441051513894366
K4me1R26un,0.0079994744645088,K4me1,R26un,0.0079994744645088,0.9391490298413694,0.06278110114100285,inf,0.013002520210563629
K4me1K27me2,0.0068814525131448,K4me1,K27me2,0.0079994744645088,0.6430591238721218,0.2909725121105902,1.522301885079278,0.05844082432267853
K4me1K36me2,0.0079994744645088,K4me1,K36me2,0.0079994744645088,0.7220402908197521,0.32567433718683136,inf,0.06745002993533106
K4unK23me1,0.0116180670081073,K4un,K23me1,0.9920005255354828,0.0116180670081073,0.008031641923732366,inf,0.0018027592331018387
R8unK23me1,0.0116180670081073,R8un,K23me1,0.9859795485153108,0.0116180670081073,0.014119666465498875,inf,0.003169259701902605
K9unK23me1,0.0054278425273928,K9un,K23me1,0.7664266732368425,0.0116180670081073,-0.49500340713168356,-1.8192548722074398,-0.09489707476890369
K14unK23me1,0.0040705301067085,K14un,K23me1,0.6330610444540147,0.0116180670081073,-0.5915997240918769,-1.759654517158791,-0.10748576570952553
R17unK23me1,0.0111370976084222,R17un,K23me1,0.9828581446882596,0.0116180670081073,-0.024989246649626422,-0.9319876618011403,-0.005556285324101033
K18unK23me1,0.0062967239220273,K18un,K23me1,0.8140786003277547,0.0116180670081073,-0.4068335443553356,-1.7191839390884704,-0.08027931284286596
K23me1R26un,0.0112170647654165,K23me1,R26un,0.0116180670081073,0.9391490298413694,0.027655972485054324,0.6226637520089248,0.00615902174410321
K23me1K27me2,0.0027555249223596,K23me1,K27me2,0.0116180670081073,0.6430591238721218,-0.9974348193403869,-2.7617188673804374,-0.16922461641565098
K23me1K36me2,0.0096868018438099,K23me1,K36me2,0.0116180670081073,0.7220402908197521,0.14387727436859987,0.8036821116291747,0.031028155063526942
K23me1R26me2,0.0004010022426908,K23me1,R26me2,0.0116180670081073,0.0345432196932568,-0.0008056518683118296,-0.0016495835328087828,-0.00010300420427311626
K23me1K27un,0.0029981481280212,K23me1,K27un,0.0116180670081073,0.0840103031173675,1.1222492517425857,2.479888212755499,0.19316618253594983
K4unK18me1,0.0218643797380512,K4un,K18me1,0.9920005255354828,0.0218643797380512,0.008031641923732366,inf,0.0021009310617998837
R8unK18me1,0.0218643797380512,R8un,K18me1,0.9859795485153108,0.0218643797380512,0.014119666465498655,inf,0.0036934472603872017
K9me1K18me1,0.0117953130358702,K9me1,K18me1,0.1599386095153715,0.0218643797380512,1.2158086634595378,3.0872308949979783,0.2738275097460368
K14me1K18me1,0.0012411665591828,K14me1,K18me1,0.0571523919428276,0.0218643797380512,-0.0067730699116382385,-0.014106106894621141,-0.0010121592869035034
R17unK18me1,0.0213834103383661,R17un,K18me1,0.9828581446882596,0.0218643797380512,-0.004952935299043874,-0.2594379857455148,-0.0012881027633610284
K18me1K23un,0.008773335843007,K18me1,K23un,0.0218643797380512,0.7766620249672639,-0.6603917152710745,-2.3176684626022728,-0.1394396942866895
K18me1R26un,0.0218643797380512,K18me1,R26un,0.0218643797380512,0.9391490298413694,0.06278110114100285,inf,0.01642239117899303
K18me1K27un,0.002881780084097,K18me1,K27un,0.0218643797380512,0.0840103031173675,0.45036520280695724,0.9671142067307166,0.07699409793937843
K18me1K36me2,0.0210568947529079,K18me1,K36me2,0.0218643797380512,0.7220402908197521,0.2880435687285582,2.6019874591979457,0.07461249500641677
K9unK14me1,0.0023956634582844,K9un,K14me1,0.7664266732368425,0.0571523919428276,-2.906044782912336,-7.279247756920743,-0.4816040764963676
K14me1R26me2,0.0015928072736155,K14me1,R26me2,0.0571523919428276,0.0345432196932568,-0.21467920857341138,-0.44789026408550636,-0.03332360081571058
R26me2K27me3,0.0009720851300099,R26me2,K27me3,0.0345432196932568,0.191441003540235,-1.9173475874471753,-4.048715409700723,-0.27643151934157517
R26me2K36un,0.0015723664907208,R26me2,K36un,0.0345432196932568,0.1248012369932311,-1.0085965700225004,-2.12638498751967,-0.15624623781866154
K23acK27me2,0.106197791643729,K23ac,K27me2,0.1436397328308185,0.6430591238721218,0.13951361384908786,0.6187916319703883,0.06221476136163272
K23acK36me1,0.0173021599297589,K23ac,K36me1,0.1436397328308185,0.0907445968058339,0.28322938271632414,0.6561632335993459,0.06981382627211376
K23acK27me1,0.0208798338771643,K23ac,K27me1,0.1436397328308185,0.0701932966711335,0.7279779590685765,1.738246836732288,0.18815800641671931
K23acK36me3,0.0030696723529503,K23ac,K36me3,0.1436397328308185,0.0624138753811742,-1.0717698124367463,-2.291014938119724,-0.18522911289394323
K4unK18ac,0.1588402136780178,K4un,K18ac,0.9920005255354828,0.1637825876116645,-0.022609469604857824,-1.37727335155857,-0.012288713422580255
R8unK18ac,0.1616458222215094,R8un,K18ac,0.9859795485153108,0.1637825876116645,0.0009874626784229575,0.07417692767848895,0.0005418629616697364
K9unK18ac,0.0928667166712877,K9un,K18ac,0.7664266732368425,0.1637825876116645,-0.30135830225068794,-1.2696348394992008,-0.12680281677848296
K14unK18ac,0.0715976932502433,K14un,K18ac,0.6330610444540147,0.1637825876116645,-0.37028858200761516,-1.227239646399214,-0.14043677556711237
R17unK18ac,0.1611154357479605,R17un,K18ac,0.9828581446882596,0.1637825876116645,0.0008717150660167734,0.053210804931667195,0.00047748616683002094
K18acK23un,0.063553319421133,K18ac,K23un,0.1637825876116645,0.7766620249672639,-0.6939106359945957,-2.489305951014094,-0.25179312259810144
K18acR26un,0.1571144487395779,K18ac,R26un,0.1637825876116645,0.9391490298413694,0.021215750749859937,0.4485116368544389,0.011463135524037672
K18acK27me1,0.017322785864672,K18ac,K27me1,0.1637825876116645,0.0701932966711335,0.409985335383505,0.9635214221362677,0.10108786295163509
K18acK36me2,0.1474635663874486,K18ac,K36me2,0.1637825876116645,0.7220402908197521,0.22071561188125513,1.5169412727168827,0.11530592077499702
K14acK36me2,0.2670620871931566,K14ac,K36me2,0.3062581215775886,0.7220402908197521,0.18872722391433583,1.2492041512957468,0.14294548556059583
K23acK27me3,0.0070719739406678,K23ac,K27me3,0.1436397328308185,0.191441003540235,-1.3579930755620488,-2.995424145315374,-0.2742525217425022
K9me2R26me1,0.0001680995180252,K9me2,R26me1,0.0485178090228384,0.0263077504653651,-2.027238343941437,-4.12099003938172,-0.23325842642780953
K9me2K27me3,0.0042129490397025,K9me2,K27me3,0.0485178090228384,0.191441003540235,-0.79059244659674,-1.7303320160241389,-0.1445432108889514
R26me1K27me3,0.0001680995180252,R26me1,K27me3,0.0263077504653651,0.191441003540235,-3.399887102698677,-7.031647132713897,-0.3911983600634813
K14acK27me3,0.0366719865161926,K14ac,K27me3,0.3062581215775886,0.191441003540235,-0.46923953420448433,-1.176449797548569,-0.14194680540080865
K14me1K27me2,0.0416837183961469,K14me1,K27me2,0.0571523919428276,0.6430591238721218,0.12590797222977232,0.5367018293039459,0.03962304952380364
K4unK18me2,0.0002744323225211,K4un,K18me2,0.9920005255354828,0.0002744323225211,0.008031641923732586,inf,0.0009793722770129185
R8unK18me2,0.0002744323225211,R8un,K18me2,0.9859795485153108,0.0002744323225211,0.014119666465498655,inf,0.001721741336116715
K9unK18me2,0.0002744323225211,K9un,K18me2,0.7664266732368425,0.0002744323225211,0.26601624964712617,inf,0.03243781814643774
K14acK18me2,0.0002744323225211,K14ac,K18me2,0.3062581215775886,0.0002744323225211,1.1833269980378105,inf,0.1442939896379945
K14acK27un,0.0140566857347935,K14ac,K27un,0.3062581215775886,0.0840103031173675,-0.6045143138351599,-1.4323422091451339,-0.14174980391433115
R17unK18me2,0.0002744323225211,R17un,K18me2,0.9828581446882596,0.0002744323225211,0.017290477805665158,inf,0.0021083876472553047
K18me2K23un,0.0002744323225211,K18me2,K23un,0.0002744323225211,0.7766620249672639,0.25274999754535865,inf,0.030820141505507836
K18me2R26un,0.0002744323225211,K18me2,R26un,0.0002744323225211,0.9391490298413694,0.06278110114100285,inf,0.007655479484980273
K18me2K27un,0.0002744323225211,K18me2,K27un,0.0002744323225211,0.0840103031173675,2.476815831501338,inf,0.3020210292831122
K18me2K36me1,0.0002744323225211,K18me2,K36me1,0.0002744323225211,0.0907445968058339,2.399706346939367,inf,0.29261835767600275
K14acK23me2,0.0198340767588055,K14ac,K23me2,0.3062581215775886,0.0222600681177977,1.0679340989145976,4.031210365698313,0.2724075838505599
K23me2K27un,0.0006302945029865,K23me2,K27un,0.0222600681177977,0.0840103031173675,-1.0875466782064807,-2.2491005773556796,-0.14757754840185372
K23me2K36me1,0.0006302945029865,K23me2,K36me1,0.0222600681177977,0.0907445968058339,-1.1646561627684517,-2.4112594666104927,-0.15804112566085735
K9me2K14ac,0.0136289290253616,K9me2,K14ac,0.0485178090228384,0.3062581215775886,-0.08640926103984477,-0.21292335104156815,-0.02011594500963733
K4unR8me1,0.0140204514846809,K4un,R8me1,0.9920005255354828,0.0140204514846809,0.008031641923732366,inf,0.001882163956340001
R8me1K9me1,0.0120272344548352,R8me1,K9me1,0.0140204514846809,0.1599386095153715,1.679621760095522,5.199787474283034,0.3799549218214794
R8me1K14un,0.0105288917412995,R8me1,K14un,0.0140204514846809,0.6330610444540147,0.17079441362902223,0.7318494883883389,0.03750729217868414
R8me1R17un,0.0125950401514185,R8me1,R17un,0.0140204514846809,0.9828581446882596,-0.08992350849886786,-1.9612446289061147,-0.02055651879870455
R8me1K18un,0.0118836860945258,R8me1,K18un,0.0140204514846809,0.8140786003277547,0.04034781617792238,0.2800738956510635,0.009102539978846967
R8me1K23un,0.0120186989467606,R8me1,K23un,0.0140204514846809,0.7766620249672639,0.09869659610228443,0.6462942689857389,0.02232302347618325
R8me1R26un,0.0140204514846809,R8me1,R26un,0.0140204514846809,0.9391490298413694,0.06278110114100285,inf,0.014712349831953141
R8me1K27me2,0.0115250651489778,R8me1,K27me2,0.0140204514846809,0.6430591238721218,0.2455257666541411,1.1909050622971522,0.05501076789518117
R8me1K36me2,0.0134955825412974,R8me1,K36me2,0.0140204514846809,0.7220402908197521,0.28751966593061246,2.5846321037217317,0.06678128451054077
K9me2K27ac,0.0020555947450374,K9me2,K27ac,0.0485178090228384,0.0112962727991332,1.3219167412870614,2.8268877189733135,0.21365381192842073
K27acK36me1,0.0012079317717771,K27ac,K36me1,0.0112962727991332,0.0907445968058339,0.164143134015761,0.34828960773629997,0.024430258155685808
K14me1K27ac,0.0008476629732603,K14me1,K27ac,0.0571523919428276,0.0112962727991332,0.27228904594284403,0.567313526445651,0.03849681742586387
K18acR26me1,0.0008167240708899,K18ac,R26me1,0.1637825876116645,0.0263077504653651,-1.6631021500157732,-3.4951947114853508,-0.2339034043086005
K18acK36me1,0.0046592579814357,K18ac,K36me1,0.1637825876116645,0.0907445968058339,-1.1599773120846602,-2.512380394550506,-0.21605496692822446
K14acR26me2,0.0052281375597291,K14ac,R26me2,0.3062581215775886,0.0345432196932568,-0.7048291791723629,-1.6291400622329966,-0.13415862271741472
R26me2K27me1,0.0005346449699852,R26me2,K27me1,0.0345432196932568,0.0701932966711335,-1.5118611830898576,-3.108410366361638,-0.20067423912819968
K18acK27me2,0.1235316495991361,K18ac,K27me2,0.1637825876116645,0.6430591238721218,0.1594761411996565,0.7266240510428474,0.07625847698820622
K18acR26me2,0.0058514148011966,K18ac,R26me2,0.1637825876116645,0.0345432196932568,0.03368760957339948,0.07533492655155323,0.006552643277484711
K18acK27un,0.0112052335514044,K18ac,K27un,0.1637825876116645,0.0840103031173675,-0.20534308099550505,-0.4632809476947432,-0.04571943151006034
K4unR17me1,0.0100887298465957,K4un,R17me1,0.9920005255354828,0.0104636256546114,-0.028454433510827024,-1.5565727424878668,-0.006190676973425338
R8unR17me1,0.0090382143213489,R8un,R17me1,0.9859795485153108,0.0104636256546114,-0.13232372894381797,-2.539750805516271,-0.028116334985950633
K9me1R17me1,0.0027211421924362,K9me1,R17me1,0.1599386095153715,0.0104636256546114,0.48611192428230865,1.1057673729364361,0.08229834442968079
K14me1R17me1,0.0005125748493237,K14me1,R17me1,0.0571523919428276,0.0104636256546114,-0.15417951480057032,-0.31849250828287223,-0.02035087331153584
R17me1K18un,0.0093624155065701,R17me1,K18un,0.0104636256546114,0.8140786003277547,0.09449666170188731,0.7591058740496112,0.02023027416851423
R17me1K23un,0.0066606957609238,R17me1,K23un,0.0104636256546114,0.7766620249672639,-0.19893107422901365,-0.8867037089711308,-0.03969466837160113
R17me1R26un,0.0104636256546114,R17me1,R26un,0.0104636256546114,0.9391490298413694,0.06278110114100285,inf,0.013768237456951386
R17me1K27me2,0.0048587037362731,R17me1,K27me2,0.0104636256546114,0.6430591238721218,-0.3256147291355359,-1.060089144909218,-0.06112553627602861
R17me1K36me2,0.0073853252175768,R17me1,K36me2,0.0104636256546114,0.7220402908197521,-0.02273572969026646,-0.10246085835271601,-0.004632136068264785
K14acK36me3,0.0038569017072181,K14ac,K36me3,0.3062581215775886,0.0624138753811742,-1.600596419852951,-3.554833793605397,-0.2879862875260832
K9me3K27me2,0.0139574997982303,K9me3,K27me2,0.021423791993704,0.6430591238721218,0.013033512813687845,0.05027271413909125,0.003051102832826631
K9me3K36me2,0.020086068656627,K9me3,K36me2,0.021423791993704,0.7220402908197521,0.26119873041556974,2.0222074048499246,0.06684157048521647
K9unR17me1,0.0046641830251406,K9un,R17me1,0.7664266732368425,0.0104636256546114,-0.5419760794549747,-1.9524827113406182,-0.10096720805586004
K14acR17me1,0.0048034543738117,K14ac,R17me1,0.3062581215775886,0.0104636256546114,0.40475729885308837,1.063600022361101,0.07581968110138189
K9unK18me1,0.0043813262857561,K9un,K18me1,0.7664266732368425,0.0218643797380512,-1.3414910834959723,-3.9299885884038543,-0.2470333945731274
K14acK18me1,0.0201422437791833,K14ac,K18me1,0.3062581215775886,0.0218643797380512,1.1012874715557628,4.424137519588647,0.282024462043409
K18me1K27me2,0.0167908996597699,K18me1,K27me2,0.0218643797380512,0.6430591238721218,0.177496845000224,0.7899913645447006,0.04343048604689002
K9me1K14ac,0.0662646485565641,K9me1,K14ac,0.1599386095153715,0.3062581215775886,0.30219349767377135,0.843237720830149,0.11134211682360894
K4me1K14ac,0.0072730305180699,K4me1,K14ac,0.0079994744645088,0.3062581215775886,1.0881242076930426,4.225565826326294,0.22100254625345034
K14acK18ac,0.078852875113684,K14ac,K18ac,0.3062581215775886,0.1637825876116645,0.4523709108285476,1.3146303526287175,0.17808675920731454
K18acK36un,0.0091721532918739,K18ac,K36un,0.1637825876116645,0.1248012369932311,-0.8013348738582121,-1.7808745546844358,-0.17080265648284668
K18me1K27me3,0.0008074849851433,K18me1,K27me3,0.0218643797380512,0.191441003540235,-1.6455140416360563,-3.4837790429297093,-0.23106005026916704
K18me1K36un,0.0008074849851433,K18me1,K36un,0.0218643797380512,0.1248012369932311,-1.2176567236792168,-2.5466026967489164,-0.17098111390418422
K14acR26me1,0.0036695463792198,K14ac,R26me1,0.3062581215775886,0.0263077504653651,-0.7864685401979385,-1.8029734913421718,-0.1402482892445569
K14acK23me1,0.0070665675017137,K14ac,K23me1,0.3062581215775886,0.0116180670081073,0.6861404710079032,1.9553884474168832,0.13854761003348653
K18me1K23me1,0.0018789412037357,K18me1,K23me1,0.0218643797380512,0.0116180670081073,2.0010435038435612,4.234558884320463,0.3187874093611468
K18me1K27me1,0.001384215009041,K18me1,K27me1,0.0218643797380512,0.0701932966711335,-0.10322315665477876,-0.21601276772552927,-0.01568116100126278
K23me1K27me1,0.005280424489887,K23me1,K27me1,0.0116180670081073,0.0701932966711335,1.8679475646585213,4.335691890054527,0.3562236941421925
K4unK23me3,0.0444485934954647,K4un,K23me3,0.9920005255354828,0.0458201070760042,-0.022358052919897467,-1.3653486228777716,-0.007181183022321472
R8unK23me3,0.0458201070760042,R8un,K23me3,0.9859795485153108,0.0458201070760042,0.014119666465498655,inf,0.004579798474846883
K9unK23me3,0.0425163285102648,K9un,K23me3,0.7664266732368425,0.0458201070760042,0.19118143812684,1.5679282584411025,0.06054131902629264
K14acK23me3,0.0447059548018367,K14ac,K23me3,0.3062581215775886,0.0458201070760042,1.1587106939218903,5.779286725957115,0.37285769871436925
R17unK23me3,0.0458201070760042,R17un,K23me3,0.9828581446882596,0.0458201070760042,0.017290477805665158,inf,0.005608270144146253
K18unK23me3,0.0441177638679645,K18un,K23me3,0.8140786003277547,0.0458201070760042,0.16783785328039344,1.9547759956302702,0.05377879527174647
K23me3R26un,0.0458201070760042,K23me3,R26un,0.0458201070760042,0.9391490298413694,0.06278110114100285,inf,0.02036342656941213
K23me3K27me2,0.0400548990548411,K23me3,K27me2,0.0458201070760042,0.6430591238721218,0.30704658453124833,1.6741992311384546,0.09543004667778797
K23me3K36un,0.0038101878528313,K23me3,K36un,0.0458201070760042,0.1248012369932311,-0.40601160948675924,-0.8744074875731149,-0.07289156417338606
K18acK23ac,0.0947600256716962,K18ac,K23ac,0.1637825876116645,0.1436397328308185,1.3932547567895004,4.3946311707955115,0.5912621991940976
K4unK9ac,0.0034109075239169,K4un,K9ac,0.9920005255354828,0.0036931162312349,-0.07146057490941976,-2.3999772022126096,-0.012579366577895353
R8unK9ac,0.0036931162312349,R8un,K9ac,0.9859795485153108,0.0036931162312349,0.014119666465498655,inf,0.002520790728701799
K9acK14un,0.0034109075239169,K9ac,K14un,0.0036931162312349,0.6330610444540147,0.37769620791833175,2.326114205773693,0.0664867174733489
K9acR17un,0.0019834595184457,K9ac,R17un,0.0036931162312349,0.9828581446882596,-0.6043375793496899,-4.506409135574761,-0.09711490516194698
K9acK18un,0.0034109075239169,K9ac,K18un,0.0036931162312349,0.8140786003277547,0.12620614020891188,1.1420587462103118,0.02221635222052892
K9acK23un,0.0014122840551172,K9ac,K23un,0.0036931162312349,0.7766620249672639,-0.7085123202033541,-2.436043364258282,-0.10796300910344382
K9acR26un,0.0036931162312349,K9ac,R26un,0.0036931162312349,0.9391490298413694,0.06278110114100285,inf,0.011208339664441277
K9acK27me3,0.0013025999990779,K9ac,K27me3,0.0036931162312349,0.191441003540235,0.6110672509899542,1.44772162540566,0.09198119843800942
K9acK36me2,0.0036931162312349,K9ac,K36me2,0.0036931162312349,0.7220402908197521,0.32567433718683136,inf,0.058142793369990196
R8me1K9un,0.0019932170298456,R8me1,K9un,0.0140204514846809,0.7664266732368425,-1.6847509029815302,-4.681933172548201,-0.2709471621194495
R8me1K14ac,0.0018060838842699,R8me1,K14ac,0.0140204514846809,0.3062581215775886,-0.866029184488615,-1.9680144853327732,-0.1371038146078918
K18acK27me3,0.0115871281057373,K18ac,K27me3,0.1637825876116645,0.191441003540235,-0.9954694337548028,-2.2464979188565795,-0.22330654951503173
K9me1K18ac,0.0630985490321329,K9me1,K18ac,0.1599386095153715,0.1637825876116645,0.8791231394203219,2.3933812108736743,0.318170410137681
K9me3R26me1,0.0003276450127739,K9me3,R26me1,0.021423791993704,0.0263077504653651,-0.5424349259704347,-1.1052422718308248,-0.06760510128382659
K4unK14me3,0.001908621072377,K4un,K14me3,0.9920005255354828,0.001908621072377,0.008031641923732366,inf,0.0012827282963706395
R8unK14me3,0.001908621072377,R8un,K14me3,0.9859795485153108,0.001908621072377,0.014119666465498875,inf,0.0022550427275764774
K9unK14me3,0.000821223264951,K9un,K14me3,0.7664266732368425,0.001908621072377,-0.5773250438501172,-2.04715415946794,-0.08125941712559054
K14me3R17un,0.001908621072377,K14me3,R17un,0.001908621072377,0.9828581446882596,0.017290477805665158,inf,0.002761450939883096
K14me3K18un,0.001908621072377,K14me3,K18un,0.001908621072377,0.8140786003277547,0.20569835704206416,inf,0.032851950522738316
K14me3K23un,0.0002086663253821,K14me3,K23un,0.001908621072377,0.7766620249672639,-1.9606498642460484,-5.306231139864754,-0.23135128306040154
K14me3R26me1,0.0002086663253821,K14me3,R26me1,0.001908621072377,0.0263077504653651,1.4244918269203324,2.944155983570057,0.16808611158821216
K14me3K27me2,0.001908621072377,K14me3,K27me2,0.001908621072377,0.6430591238721218,0.44151860893725897,inf,0.07051464923810229
K14me3K36me2,0.0012960641328081,K14me3,K36me2,0.001908621072377,0.7220402908197521,-0.061374610606882034,-0.2666477493568298,-0.009231453652618262
K9me1K23ac,0.0455744288620294,K9me1,K23ac,0.1599386095153715,0.1436397328308185,0.6850037072008367,1.7577398029010642,0.2217982852162892
K23me3K27me3,0.0039476447117166,K23me3,K27me3,0.0458201070760042,0.191441003540235,-0.7984282950165102,-1.7453303943997867,-0.14426030417955368
K4unR17me2,0.0066782296571206,K4un,R17me2,0.9920005255354828,0.0066782296571206,0.008031641923732366,inf,0.001603473449033031
R8unR17me2,0.0066782296571206,R8un,R17me2,0.9859795485153108,0.0066782296571206,0.014119666465498875,inf,0.0028189143019100495
K9unR17me2,0.0049685729443314,K9un,R17me2,0.7664266732368425,0.0066782296571206,-0.029704016447570664,-0.15130366509319287,-0.0055996474412603105
K14unR17me2,0.0066782296571206,K14un,R17me2,0.6330610444540147,0.0066782296571206,0.45718842475148375,inf,0.09127517228178017
R17me2K18ac,0.0020469111153477,R17me2,K18ac,0.0066782296571206,0.1637825876116645,0.6266943687409049,1.4464092797829633,0.10121975654760007
R17me2K23un,0.0036610664167508,R17me2,K23un,0.0066782296571206,0.7766620249672639,-0.3483484578196728,-1.4032057579234674,-0.06209419036339698
R17me2R26un,0.0047896420331964,R17me2,R26un,0.0066782296571206,0.9391490298413694,-0.26961615337311595,-2.07712375143585,-0.05047763155784784
R17me2K27me2,0.0056451554520612,R17me2,K27me2,0.0066782296571206,0.6430591238721218,0.2734634131337418,1.3851723360237862,0.052823190227598966
R17me2K36me2,0.0056451554520612,R17me2,K36me2,0.0066782296571206,0.7220402908197521,0.15761914138331426,0.9024215181271324,0.03044628820137517
K9me2K23ac,0.0014413529220958,K9me2,K23ac,0.0485178090228384,0.1436397328308185,-1.5759017555332748,-3.3163588323710207,-0.2408835316532992
K23acK27ac,0.0002338099695585,K23ac,K27ac,0.1436397328308185,0.0112962727991332,-1.937272450363479,-4.018425320325688,-0.23170338684844521
K14me1K23ac,0.0097160743780098,K14me1,K23ac,0.0571523919428276,0.1436397328308185,0.16850739280430305,0.3794715536045638,0.036363476983090046
K14me1K18ac,0.0133320192477371,K14me1,K18ac,0.0571523919428276,0.1637825876116645,0.35366277698716425,0.8201359902589614,0.08191214296872901
K23me3K36me2,0.04090176587442,K23me3,K36me2,0.0458201070760042,0.7220402908197521,0.21212456081108036,1.3871338932324773,0.06635980496053355
K23me3K36me1,0.0011081533487528,K23me3,K36me1,0.0458201070760042,0.0907445968058339,-1.3223216868168548,-2.7499065980067505,-0.1943144702250143
K23acR26me2,0.0058559139952577,K23ac,R26me2,0.1436397328308185,0.0345432196932568,0.16568777482705635,0.36853644163614546,0.03223307434093611
K9me3K14ac,0.0063211084429263,K9me3,K14ac,0.021423791993704,0.3062581215775886,-0.0372805025128164,-0.09138752069883378,-0.007362071100277056
K9me2K18ac,0.0047368181621835,K9me2,K18ac,0.0485178090228384,0.1637825876116645,-0.5173498744388458,-1.1312216487387197,-0.09665773775748791
K18acK36me3,0.0024876099509063,K18ac,K36me3,0.1637825876116645,0.0624138753811742,-1.4132498061405143,-3.013835177863971,-0.2356817515362609
K9me1K23me1,0.0022528186756471,K9me1,K23me1,0.1599386095153715,0.0116180670081073,0.19258601765875855,0.42894684351468715,0.03159440702852969
K9me1K27me1,0.0125955585770716,K9me1,K27me1,0.1599386095153715,0.0701932966711335,0.11505666838173048,0.2628504935119734,0.02630220796082236
K18acK23me1,0.0034424018823442,K18ac,K23me1,0.1637825876116645,0.0116180670081073,0.592823478139543,1.3677356919689885,0.10452517090416304
K9me1K23me2,0.0063853561935099,K9me1,K23me2,0.1599386095153715,0.0222600681177977,0.5841780958766831,1.3503739480832042,0.11559304011413078
K18me1K23me2,0.0112121026913085,K18me1,K23me2,0.0218643797380512,0.0222600681177977,3.1370958486924203,7.649206446602222,0.6985665700584909
K23me2K27me2,0.0168089704968217,K23me2,K27me2,0.0222600681177977,0.6430591238721218,0.16063690504425127,0.7020413153879166,0.03931549050644148
K4me1K9me1,0.0037128719516591,K4me1,K9me1,0.0079994744645088,0.1599386095153715,1.0653950684289768,2.5958476265933887,0.19038682374242114
K4me1K23me2,0.0008609939186263,K4me1,K23me2,0.0079994744645088,0.0222600681177977,1.5759171877239149,3.274613820044849,0.22329923566462248
K9me2K23me3,0.0008412752286058,K9me2,K23me3,0.0485178090228384,0.0458201070760042,-0.9717350708600455,-2.0040848669862705,-0.13723924689840925
K14acK23ac,0.0363348802352488,K14ac,K23ac,0.3062581215775886,0.1436397328308185,-0.19120314339001537,-0.4852006361928806,-0.057678571219371824
K9me3K18ac,0.0027982950387423,K9me3,K18ac,0.021423791993704,0.1637825876116645,-0.2262763469367516,-0.4958722453350973,-0.03849058742969867
K23acR26me1,0.0007194266849198,K23ac,R26me1,0.1436397328308185,0.0263077504653651,-1.6587172757617545,-3.4664100815917958,-0.22919779684832522
K9me2K18me1,0.005687740416425,K9me2,K18me1,0.0485178090228384,0.0218643797380512,1.6792785898326226,3.7126970886691466,0.3248471531122463
K9me2K23me2,0.005687740416425,K9me2,K23me2,0.0485178090228384,0.0222600681177977,1.6613430005536052,3.670190770222966,0.3213776125893364
K9me2K27me2,0.0078213397070556,K9me2,K27me2,0.0485178090228384,0.6430591238721218,-1.3835564600315213,-3.6590054880793317,-0.28521648047880666
K9me2K36me2,0.0085770932180979,K9me2,K36me2,0.0485178090228384,0.7220402908197521,-1.407161519374178,-3.937851691391317,-0.29570539977104393
R17me2K23ac,0.0013075065275807,R17me2,K23ac,0.0066782296571206,0.1436397328308185,0.30971594794046964,0.6847018816958652,0.046646543671733355
K9me3K23me2,0.0003244974284513,K9me3,K23me2,0.021423791993704,0.0222600681177977,-0.38501887434795096,-0.78425859678488,-0.04792825963246339
K18acK23me2,0.0003244974284513,K18ac,K23me2,0.1637825876116645,0.0222600681177977,-2.419056657509349,-5.0228234256175925,-0.3011311477732083
K9me2K23me1,0.0028933150548791,K9me2,K23me1,0.0485178090228384,0.0116180670081073,1.63566588747275,3.5577949367302417,0.27982331735259647
R8me1K18ac,0.0021367653901551,R8me1,K18ac,0.0140204514846809,0.1637825876116645,-0.0720084824009384,-0.15852052365854558,-0.011711625006013702
R8me1K23ac,0.0020017525379203,R8me1,K23ac,0.0140204514846809,0.1436397328308185,-0.006047048551490153,-0.013190538983996383,-0.0009731749525159225
R8me1K27me1,0.0005451060590572,R8me1,K27me1,0.0140204514846809,0.0701932966711335,-0.5907895219417174,-1.2210258418420137,-0.07861962197387219
R17me1K18ac,0.0006202407483562,R17me1,K18ac,0.0104636256546114,0.1637825876116645,-1.0163371760396744,-2.1571602055103116,-0.13761431792903622
R17me1K23ac,0.0006202407483562,R17me1,K23ac,0.0104636256546114,0.1436397328308185,-0.885105622372968,-1.8703613644010624,-0.11984527319234486
R17me1K27me1,0.0011012101480413,R17me1,K27me1,0.0104636256546114,0.0701932966711335,0.40500715173028595,0.8537312995325181,0.05946066714861219
K4me1K18ac,0.0049423739336467,K4me1,K18ac,0.0079994744645088,0.1637825876116645,1.3276853375059854,3.4610224273285257,0.2500391645178265
K4me1K23ac,0.0049423739336467,K4me1,K23ac,0.0079994744645088,0.1436397328308185,1.4589168911726917,3.751660965716811,0.27475362592691144
K4me1K27me1,0.001118021951364,K4me1,K27me1,0.0079994744645088,0.0701932966711335,0.6886876229731962,1.4631671100612733,0.10133430499749983
K4me1R17me1,0.0003748958080157,K4me1,R17me1,0.0079994744645088,0.0104636256546114,1.4993672750097815,3.0646690140278574,0.19006127828892358
K4me1K9ac,0.000282208707318,K4me1,K9ac,0.0079994744645088,0.0036931162312349,2.2568004377215165,4.617277220544515,0.2761333763210277
K9acK14ac,0.000282208707318,K9ac,K14ac,0.0036931162312349,0.3062581215775886,-1.3882519956371837,-3.0654451496311887,-0.169861146928315
K9acK18ac,0.000282208707318,K9ac,K18ac,0.0036931162312349,0.1637825876116645,-0.7623635777241989,-1.6260769730405966,-0.09327985992137518
K9acK23ac,0.000282208707318,K9ac,K23ac,0.0036931162312349,0.1436397328308185,-0.6311320240574925,-1.3395692717940373,-0.07722287438195931
K9acK27me1,0.0005711754633285,K9ac,K27me1,0.0036931162312349,0.0701932966711335,0.789973027521175,1.6796537686063868,0.1057837027671659
K23me1K36un,0.0019312651642974,K23me1,K36un,0.0116180670081073,0.1248012369932311,0.2866468378227241,0.6256961047718658,0.04586657654033578
R26me2K27me2,6.563639072578721e-05,R26me2,K27me2,0.0345432196932568,0.6430591238721218,-5.824317675970196,-12.71197041268758,-0.6047230518535934
K9me2R17me1,0.0030783004370346,K9me2,R17me1,0.0485178090228384,0.0104636256546114,1.8022969711410517,3.9582999127738825,0.3116339764039972
K14unR17me1,0.0046666270317909,K14un,R17me1,0.6330610444540147,0.0104636256546114,-0.350280047002481,-1.115675080343319,-0.06526164450836236
R17me1K27un,0.004503711770297,R17me1,K27un,0.0104636256546114,0.0840103031173675,1.6338127066522194,3.787305003378492,0.30239812010882594
R17me1K36me1,0.0030783004370346,R17me1,K36me1,0.0104636256546114,0.0907445968058339,1.176178965988823,2.629631404381461,0.2033723265382732
K23me1K27me3,0.0005839694678395,K23me1,K27me3,0.0116180670081073,0.191441003540235,-1.3372923724479457,-2.844146278370323,-0.17960691715848248
K9me1R26me2,0.0003797838213166,K9me1,R26me2,0.1599386095153715,0.0345432196932568,-2.677399136248003,-5.550799797705878,-0.33994797989158987
K14unK23me3,0.0011141522741675,K14un,K23me3,0.6330610444540147,0.0458201070760042,-3.2594407656377715,-7.541966568912792,-0.4793533894276453
R17me2K18un,0.004631318541773,R17me2,K18un,0.0066782296571206,0.8140786003277547,-0.16031296419721786,-0.8215315116286253,-0.029826146811672474
R17me2K27un,0.0010330742050595,R17me2,K27un,0.0066782296571206,0.0840103031173675,0.6105019225441447,1.306981477542161,0.0887974864690346
R17me2K36me3,0.0010330742050595,R17me2,K36me3,0.0066782296571206,0.0624138753811742,0.907653757490508,1.9289059335800556,0.13201821202046074
R26me1K36me3,0.0010554405689514,R26me1,K36me3,0.0263077504653651,0.0624138753811742,-0.44193764316385425,-0.9169810144988433,-0.06448070219645685
R8me1K27un,0.0019502802766459,R8me1,K27un,0.0140204514846809,0.0840103031173675,0.504271841372302,1.0799422004761439,0.08081561606023832
R8me1K36me3,0.0005248689433835,R8me1,K36me3,0.0140204514846809,0.0624138753811742,-0.5111560967460298,-1.0542787972069825,-0.06768162060770515
R8me1R17me1,0.0014254113332624,R8me1,R17me1,0.0140204514846809,0.0104636256546114,2.2737936025039596,4.776606165969948,0.34696952507978873
K9me3K23me1,0.0007551239941778,K9me3,K23me1,0.021423791993704,0.0116180670081073,1.1098184994288285,2.2893815651876612,0.1543852885571271
K9me3K27me1,0.0009387392513929,K9me3,K27me1,0.021423791993704,0.0701932966711335,-0.47121714422871075,-0.9785990038425504,-0.06759704239554554
K9acK23me1,0.0002889667560105,K9ac,K23me1,0.0036931162312349,0.0116180670081073,1.907279654458696,3.9058354877508075,0.2340450486103668
K9acK27me2,0.0018193407688285,K9ac,K27me2,0.0036931162312349,0.6430591238721218,-0.2664777792857792,-0.8854921793143625,-0.04223583904688665
R17me2R26me1,0.0018885876239243,R17me2,R26me1,0.0066782296571206,0.0263077504653651,2.374868018459745,5.123268075635984,0.37865051525937216
R8me1K14me1,0.0016854758591113,R8me1,K14me1,0.0140204514846809,0.0571523919428276,0.7435648847623741,1.5721723070891311,0.11644205480523234
K14me3K23ac,0.0016999547469949,K14me3,K23ac,0.001908621072377,0.1436397328308185,1.824667571219725,5.717665880618628,0.2861257030996817
K14me3R26un,0.0016999547469949,K14me3,R26un,0.001908621072377,0.9391490298413694,-0.05299829725677414,-0.6920229523920123,-0.00831065083024615
K14me3K36un,0.0006125569395689,K14me3,K36un,0.001908621072377,0.1248012369932311,0.9445385032777783,2.145831594070361,0.12767711175098231
K23me3K27me1,0.0004729893476674,K23me3,K27me1,0.0458201070760042,0.0701932966711335,-1.9169029639127761,-3.9363499620818128,-0.2503648617538961
K23me3K27un,0.001344573961779,K23me3,K27un,0.0458201070760042,0.0840103031173675,-1.051829976570771,-2.1923950492565814,-0.15908668948092836
K14me2R17me1,0.0004809693996851,K14me2,R17me1,0.0016198209531836,0.0104636256546114,3.3455830100763317,7.0783772133374265,0.4379203352124331
K14me2K18me1,0.0004809693996851,K14me2,K18me1,0.0016198209531836,0.0218643797380512,2.6086292128912865,5.568069032062125,0.34145671349766743
K14me2K23me1,0.0004809693996851,K14me2,K23me1,0.0016198209531836,0.0116180670081073,3.2409266423887737,6.863121065864677,0.4242213322339342
K14me2R26un,0.0004809693996851,K14me2,R26un,0.0016198209531836,0.9391490298413694,-1.15148614828742,-4.751113407707015,-0.15072386443013272
K14me2K36me2,0.0004809693996851,K14me2,K36me2,0.0016198209531836,0.7220402908197521,-0.8885929122415914,-2.7061244431820937,-0.11631243488032646
R17me1K18me1,0.0004809693996851,R17me1,K18me1,0.0104636256546114,0.0218643797380512,0.7430398138239374,1.5227531456889634,0.09726025131223347
R17me1K23me1,0.0004809693996851,R17me1,K23me1,0.0104636256546114,0.0116180670081073,1.3753372433214244,2.8178051794915144,0.18002487004850024
K9me3K27ac,0.001960908002535,K9me3,K27ac,0.021423791993704,0.0112962727991332,2.092188001155082,4.438014618354762,0.33559052523452926
R17me1K23me2,0.0027017197456463,R17me1,K23me2,0.0104636256546114,0.0222600681177977,2.450944366643564,5.296927708934876,0.4144402408209797
K18acK23me3,0.0017023432080396,K18ac,K23me3,0.1637825876116645,0.0458201070760042,-1.483501938285784,-3.1444647535439785,-0.23267882631277784
K9acR17me2,0.0017096567127892,K9ac,R17me2,0.0036931162312349,0.0066782296571206,4.238724336786598,9.384396415388384,0.6652670742585627
K9acK23me2,0.0017096567127892,K9ac,K23me2,0.0036931162312349,0.0222600681177977,3.034782861880201,6.744895711154288,0.47630866154972473
R17me2K23me2,0.0017096567127892,R17me2,K23me2,0.0066782296571206,0.0222600681177977,2.4424005396118265,5.231222599365812,0.38333435535156835
K14me1K27me1,0.0014771613225653,K14me1,K27me1,0.0571523919428276,0.0701932966711335,-0.9990965608914257,-2.0823676280908523,-0.15329131786950742
K4me1K23me3,0.0013715135805395,K4me1,K23me3,0.0079994744645088,0.0458201070760042,1.3195713507978315,2.802676345884287,0.20018254108106417
K9me1K23me3,0.0024625033371336,K9me1,K23me3,0.1599386095153715,0.0458201070760042,-1.0905793367565382,-2.331584803970678,-0.18156420331747358
K9me3K14me3,0.001087397807426,K9me3,K14me3,0.021423791993704,0.001908621072377,3.280659678803553,7.433183575537206,0.4807554475005828
K9me3K23ac,0.001087397807426,K9me3,K23ac,0.021423791993704,0.1436397328308185,-1.0402676008702025,-2.1975668372598514,-0.15244321720048148
K14acK27ac,0.0001357904907145,K14ac,K27ac,0.3062581215775886,0.0112962727991332,-3.2377879229893924,-6.840054586042337,-0.36361673773512193
K18acK27ac,0.0001357904907145,K18ac,K27ac,0.1637825876116645,0.0112962727991332,-2.611899505076407,-5.4011031167826635,-0.29332692564094603
K4me1R8me1,2.220446049250313e-16,K4me1,R8me1,0.0079994744645088,0.0140204514846809,-26.948035762728082,-53.918222833845334,-0.7476499530112739
K4me1K9me2,2.220446049250313e-16,K4me1,K9me2,0.0079994744645088,0.0485178090228384,-28.18944960562905,-56.43666516238989,-0.7820919067582766
K4me1K9me3,2.220446049250313e-16,K4me1,K9me3,0.0079994744645088,0.021423791993704,-27.372020758608453,-54.77372977183967,-0.7594130501452727
K4me1K14me1,2.220446049250313e-16,K4me1,K14me1,0.0079994744645088,0.0571523919428276,-28.353239921871246,-56.773362098406885,-0.786636127469589
K4me1K14me2,2.220446049250313e-16,K4me1,K14me2,0.0079994744645088,0.0016198209531836,-24.78983429914854,-49.58932137450221,-0.6877725193815526
K4me1K14me3,2.220446049250313e-16,K4me1,K14me3,0.0079994744645088,0.001908621072377,-24.95389970842939,-49.91774150359285,-0.6923243723113776
K4me1R17me2,2.220446049250313e-16,K4me1,R17me2,0.0079994744645088,0.0066782296571206,-26.206371609773555,-52.42747549028374,-0.7270731223291083
K4me1K18me1,2.220446049250313e-16,K4me1,K18me1,0.0079994744645088,0.0218643797380512,-27.392377495400936,-54.81489358026233,-0.7599778302071803
K4me1K18me2,2.220446049250313e-16,K4me1,K18me2,0.0079994744645088,0.0002744323225211,-23.01446808211524,-46.03724227613933,-0.6385165186685575
K4me1K23me1,2.220446049250313e-16,K4me1,K23me1,0.0079994744645088,0.0116180670081073,-26.76008006590345,-53.53987785781035,-0.7424352847090483
K4me1R26me1,2.220446049250313e-16,K4me1,R26me1,0.0079994744645088,0.0263077504653651,-27.577382269008908,-55.18945617077893,-0.7651106276961227
K4me1R26me2,2.220446049250313e-16,K4me1,R26me2,0.0079994744645088,0.0345432196932568,-27.849729963477944,-55.74264551104818,-0.7726666790078155
K4me1K27me3,2.220446049250313e-16,K4me1,K27me3,0.0079994744645088,0.191441003540235,-29.56209836438629,-59.34473000305782,-0.8201748597802277
K4me1K27ac,2.220446049250313e-16,K4me1,K27ac,0.0079994744645088,0.0112962727991332,-26.731991509262695,-53.48337522073562,-0.7416559919903687
K4me1K27un,2.220446049250313e-16,K4me1,K27un,0.0079994744645088,0.0840103031173675,-28.738458126219307,-57.5726980566783,-0.7973236734902256
K4me1K36me1,2.220446049250313e-16,K4me1,K36me1,0.0079994744645088,0.0907445968058339,-28.81556761078128,-57.734296116145295,-0.7994630094706691
K4me1K36me3,2.220446049250313e-16,K4me1,K36me3,0.0079994744645088,0.0624138753811742,-28.441306291272944,-56.95509088356652,-0.7890794527466068
K4me1K36un,2.220446049250313e-16,K4me1,K36un,0.0079994744645088,0.1248012369932311,-29.13424104642945,-58.409817995481504,-0.8083043284182203
R8me1K9me2,2.220446049250313e-16,R8me1,K9me2,0.0140204514846809,0.0485178090228384,-28.750590842033,-57.56503565973957,-0.7976602852005511
R8me1K9me3,2.220446049250313e-16,R8me1,K9me3,0.0140204514846809,0.021423791993704,-27.9331619950124,-55.90210026918935,-0.7749814285875473
R8me1K9ac,2.220446049250313e-16,R8me1,K9ac,0.0140204514846809,0.0036931162312349,-26.175130523909132,-52.36808066690558,-0.7262063654127893
R8me1K14me2,2.220446049250313e-16,R8me1,K14me2,0.0140204514846809,0.0016198209531836,-25.35097553555249,-50.71769187185189,-0.7033408978238271
R8me1K14me3,2.220446049250313e-16,R8me1,K14me3,0.0140204514846809,0.001908621072377,-25.515040944833338,-51.04611200094253,-0.7078927507536521
R8me1R17me2,2.220446049250313e-16,R8me1,R17me2,0.0140204514846809,0.0066782296571206,-26.767512846177507,-53.55584598763342,-0.7426415007713829
R8me1K18me1,2.220446049250313e-16,R8me1,K18me1,0.0140204514846809,0.0218643797380512,-27.953518731804884,-55.94326407761201,-0.7755462086494549
R8me1K18me2,2.220446049250313e-16,R8me1,K18me2,0.0140204514846809,0.0002744323225211,-23.575609318519188,-47.165612773489,-0.6540848971108321
R8me1K23me1,2.220446049250313e-16,R8me1,K23me1,0.0140204514846809,0.0116180670081073,-27.321221302307396,-54.668248355160024,-0.7580036631513228
R8me1K23me2,2.220446049250313e-16,R8me1,K23me2,0.0140204514846809,0.0222600681177977,-27.971454321083904,-55.97953987126399,-0.7760438160669215
R8me1K23me3,2.220446049250313e-16,R8me1,K23me3,0.0140204514846809,0.0458201070760042,-28.693382929048624,-57.44778858286681,-0.7960731011166633
R8me1R26me1,2.220446049250313e-16,R8me1,R26me1,0.0140204514846809,0.0263077504653651,-28.138523505412856,-56.3178266681286,-0.7806790061383974
R8me1R26me2,2.220446049250313e-16,R8me1,R26me2,0.0140204514846809,0.0345432196932568,-28.410871199881896,-56.87101600839785,-0.7882350574500901
R8me1K27me3,2.220446049250313e-16,R8me1,K27me3,0.0140204514846809,0.191441003540235,-30.12323960079024,-60.47310050040749,-0.8357432382225023
R8me1K27ac,2.220446049250313e-16,R8me1,K27ac,0.0140204514846809,0.0112962727991332,-27.293132745666643,-54.611745718085295,-0.7572243704326432
R8me1K36me1,2.220446049250313e-16,R8me1,K36me1,0.0140204514846809,0.0907445968058339,-29.376708847185228,-58.86266661349497,-0.8150313879129436
R8me1K36un,2.220446049250313e-16,R8me1,K36un,0.0140204514846809,0.1248012369932311,-29.6953822828334,-59.53818849283118,-0.8238727068604949
K9me1K14me2,2.220446049250313e-16,K9me1,K14me2,0.1599386095153715,0.0016198209531836,-27.785248502639767,-55.74639844546598,-0.770877696627421
K9me1K14me3,2.220446049250313e-16,K9me1,K14me3,0.1599386095153715,0.001908621072377,-27.949313911920616,-56.074818574556616,-0.775429549557246
K9me1R17me2,2.220446049250313e-16,K9me1,R17me2,0.1599386095153715,0.0066782296571206,-29.201785813264785,-58.584552561247506,-0.8101782995749768
K9me1K18me2,2.220446049250313e-16,K9me1,K18me2,0.1599386095153715,0.0002744323225211,-26.00988228560647,-52.19431934710309,-0.721621695914426
K9me1K27ac,2.220446049250313e-16,K9me1,K27ac,0.1599386095153715,0.0112962727991332,-29.72740571275392,-59.64045229169938,-0.824761169236237
K9me1K36me1,2.220446049250313e-16,K9me1,K36me1,0.1599386095153715,0.0907445968058339,-31.810981814272505,-63.89137318710906,-0.8825681867165375
K9me2K14me2,2.220446049250313e-16,K9me2,K14me2,0.0485178090228384,0.0016198209531836,-26.592389378453458,-53.23613420039645,-0.7377828515708298
K9me2K14me3,2.220446049250313e-16,K9me2,K14me3,0.0485178090228384,0.001908621072377,-26.756454787734302,-53.56455432948708,-0.7423347045006546
K9me2R17me2,2.220446049250313e-16,K9me2,R17me2,0.0485178090228384,0.0066782296571206,-28.00892668907847,-56.07428831617797,-0.7770834545183856
K9me2K18me2,2.220446049250313e-16,K9me2,K18me2,0.0485178090228384,0.0002744323225211,-24.817023161420156,-49.68405510203356,-0.6885268508578347
K9me2R26me2,2.220446049250313e-16,K9me2,R26me2,0.0485178090228384,0.0345432196932568,-29.65228504278286,-59.38945833694241,-0.8226770111970927
K9me3K14me1,2.220446049250313e-16,K9me3,K14me1,0.021423791993704,0.0571523919428276,-29.338366154155562,-58.7572395337509,-0.8139676030458624
K9me3K14me2,2.220446049250313e-16,K9me3,K14me2,0.021423791993704,0.0016198209531836,-25.77496053143286,-51.573198809846225,-0.715103994957826
K9me3R17me1,2.220446049250313e-16,K9me3,R17me1,0.021423791993704,0.0104636256546114,-27.640549930500207,-55.313275227985784,-0.7668631598495468
K9me3R17me2,2.220446049250313e-16,K9me3,R17me2,0.021423791993704,0.0066782296571206,-27.191497842057874,-54.41135292562775,-0.7544045979053817
K9me3K18me1,2.220446049250313e-16,K9me3,K18me1,0.021423791993704,0.0218643797380512,-28.377503727685255,-56.79877101560634,-0.7873093057834537
K9me3K18me2,2.220446049250313e-16,K9me3,K18me2,0.021423791993704,0.0002744323225211,-23.99959431439956,-48.02111971148334,-0.6658479942448309
K9me3K23me3,2.220446049250313e-16,K9me3,K23me3,0.021423791993704,0.0458201070760042,-29.117367924928992,-58.30329552086114,-0.807836198250662
K9me3R26me2,2.220446049250313e-16,K9me3,R26me2,0.021423791993704,0.0345432196932568,-28.834856195762264,-57.72652294639219,-0.7999981545840888
K9me3K27me3,2.220446049250313e-16,K9me3,K27me3,0.021423791993704,0.191441003540235,-30.547224596670606,-61.328607438401825,-0.847506335356501
K9me3K36me3,2.220446049250313e-16,K9me3,K36me3,0.021423791993704,0.0624138753811742,-29.42643252355726,-58.938968318910526,-0.8164109283228801
K9me3K36un,2.220446049250313e-16,K9me3,K36un,0.021423791993704,0.1248012369932311,-30.119367278713767,-60.39369543082552,-0.8356358039944937
K9acK14me1,2.220446049250313e-16,K9ac,K14me1,0.0036931162312349,0.0571523919428276,-27.580334683052293,-55.22321993146712,-0.7651925398711044
K9acK14me2,2.220446049250313e-16,K9ac,K14me2,0.0036931162312349,0.0016198209531836,-24.016929060329588,-48.039179207562455,-0.6663289317830678
K9acK14me3,2.220446049250313e-16,K9ac,K14me3,0.0036931162312349,0.001908621072377,-24.180994469610436,-48.367599336653086,-0.6708807847128928
K9acR17me1,2.220446049250313e-16,K9ac,R17me1,0.0036931162312349,0.0104636256546114,-25.882518459396938,-51.779255625702014,-0.7180880966747888
K9acK18me1,2.220446049250313e-16,K9ac,K18me1,0.0036931162312349,0.0218643797380512,-26.619472256581982,-53.264751413322564,-0.7385342426086956
K9acK18me2,2.220446049250313e-16,K9ac,K18me2,0.0036931162312349,0.0002744323225211,-22.24156284329629,-44.48710010919957,-0.6170729310700729
K9acK23me3,2.220446049250313e-16,K9ac,K23me3,0.0036931162312349,0.0458201070760042,-27.359336453825723,-54.76927591857737,-0.759061135075904
K9acR26me1,2.220446049250313e-16,K9ac,R26me1,0.0036931162312349,0.0263077504653651,-26.804477030189954,-53.63931400383917,-0.7436670400976381
K9acR26me2,2.220446049250313e-16,K9ac,R26me2,0.0036931162312349,0.0345432196932568,-27.076824724658994,-54.19250334410842,-0.7512230914093309
K9acK27ac,2.220446049250313e-16,K9ac,K27ac,0.0036931162312349,0.0112962727991332,-25.95908627044374,-51.93323305379585,-0.7202124043918839
K9acK27un,2.220446049250313e-16,K9ac,K27un,0.0036931162312349,0.0840103031173675,-27.965552887400353,-56.022555889738534,-0.7758800858917408
K9acK36me1,2.220446049250313e-16,K9ac,K36me1,0.0036931162312349,0.0907445968058339,-28.042662371962326,-56.18415394920553,-0.7780194218721843
K9acK36me3,2.220446049250313e-16,K9ac,K36me3,0.0036931162312349,0.0624138753811742,-27.66840105245399,-55.404948716626755,-0.7676358651481221
K9acK36un,2.220446049250313e-16,K9ac,K36un,0.0036931162312349,0.1248012369932311,-28.361335807610498,-56.85967582854174,-0.7868607408197357
K14me1R17me2,2.220446049250313e-16,K14me1,R17me2,0.0571523919428276,0.0066782296571206,-28.172717005320667,-56.41098525219496,-0.781627675229698
K14me1K18me2,2.220446049250313e-16,K14me1,K18me2,0.0571523919428276,0.0002744323225211,-24.980813477662352,-50.02075203805055,-0.6930710715691473
K14me1K23me1,2.220446049250313e-16,K14me1,K23me1,0.0571523919428276,0.0116180670081073,-28.72642546145056,-57.523387619721575,-0.796989837609638
K14me1K23me2,2.220446049250313e-16,K14me1,K23me2,0.0571523919428276,0.0222600681177977,-29.376658480227064,-58.83467913582554,-0.8150299905252366
K14me1K23me3,2.220446049250313e-16,K14me1,K23me3,0.0571523919428276,0.0458201070760042,-30.09858708819179,-60.30292784742836,-0.8350592755749785
K14me1K36me1,2.220446049250313e-16,K14me1,K36me1,0.0571523919428276,0.0907445968058339,-30.781913006328388,-61.71780587805652,-0.8540175623712587
K14me2R17me2,2.220446049250313e-16,K14me2,R17me2,0.0016198209531836,0.0066782296571206,-24.609311382597962,-49.226944528290296,-0.6827640671416616
K14me2K18me2,2.220446049250313e-16,K14me2,K18me2,0.0016198209531836,0.0002744323225211,-21.417407854939647,-42.83671131414589,-0.5942074634811109
K14me2K18ac,2.220446049250313e-16,K14me2,K18ac,0.0016198209531836,0.1637825876116645,-27.808998314594255,-55.79848440051234,-0.7715366146260515
K14me2K23me2,2.220446049250313e-16,K14me2,K23me2,0.0016198209531836,0.0222600681177977,-25.81325285750436,-51.65063841192087,-0.7161663824372001
K14me2K23me3,2.220446049250313e-16,K14me2,K23me3,0.0016198209531836,0.0458201070760042,-26.535181465469083,-53.118887123523685,-0.736195667486942
K14me2K23ac,2.220446049250313e-16,K14me2,K23ac,0.0016198209531836,0.1436397328308185,-27.67776676092755,-55.512218774657875,-0.7678957086321455
K14me2R26me2,2.220446049250313e-16,K14me2,R26me2,0.0016198209531836,0.0345432196932568,-26.25266973630235,-52.54211454905473,-0.7283576238203687
K14me2K27me2,2.220446049250313e-16,K14me2,K27me2,0.0016198209531836,0.6430591238721218,-29.176695121607793,-59.38519650150206,-0.8094821800283226
K14me2K27me3,2.220446049250313e-16,K14me2,K27me3,0.0016198209531836,0.191441003540235,-27.965038137210698,-56.14419904106437,-0.775865804592781
K14me2K27ac,2.220446049250313e-16,K14me2,K27ac,0.0016198209531836,0.0112962727991332,-25.134931282087102,-50.28284425874217,-0.6973469368029219
K14me2K27un,2.220446049250313e-16,K14me2,K27un,0.0016198209531836,0.0840103031173675,-27.141397899043714,-54.372167094684855,-0.7530146183027788
K14me2K36me3,2.220446049250313e-16,K14me2,K36me3,0.0016198209531836,0.0624138753811742,-26.84424606409735,-53.75455992157307,-0.7447703975591601
K14me2K36un,2.220446049250313e-16,K14me2,K36un,0.0016198209531836,0.1248012369932311,-27.53718081925386,-55.20928703348806,-0.7639952732307737
K14me3R17me1,2.220446049250313e-16,K14me3,R17me1,0.001908621072377,0.0104636256546114,-25.222428880321143,-50.457286959738965,-0.6997744820156516
K14me3R17me2,2.220446049250313e-16,K14me3,R17me2,0.001908621072377,0.0066782296571206,-24.77337679187881,-49.555364657380935,-0.6873159200714866
K14me3K18me1,2.220446049250313e-16,K14me3,K18me1,0.001908621072377,0.0218643797380512,-25.95938267750619,-51.942782747359516,-0.7202206279495585
K14me3K18me2,2.220446049250313e-16,K14me3,K18me2,0.001908621072377,0.0002744323225211,-21.581473264220495,-43.16513144323652,-0.5987593164109357
K14me3K18ac,2.220446049250313e-16,K14me3,K18ac,0.001908621072377,0.1637825876116645,-27.973063723875104,-56.12690452960298,-0.7760884675558765
K14me3K23me1,2.220446049250313e-16,K14me3,K23me1,0.001908621072377,0.0116180670081073,-25.327085248008704,-50.66776702490754,-0.7026780824514266
K14me3K23me2,2.220446049250313e-16,K14me3,K23me2,0.001908621072377,0.0222600681177977,-25.977318266785208,-51.979058541011504,-0.7207182353670251
K14me3K23me3,2.220446049250313e-16,K14me3,K23me3,0.001908621072377,0.0458201070760042,-26.699246874749928,-53.44730725261432,-0.740747520416767
K14me3R26me2,2.220446049250313e-16,K14me3,R26me2,0.001908621072377,0.0345432196932568,-26.4167351455832,-52.87053467814537,-0.7329094767501937
K14me3K27me1,2.220446049250313e-16,K14me3,K27me1,0.001908621072377,0.0701932966711335,-27.12577667830097,-54.32624236173304,-0.7525812210393521
K14me3K27me3,2.220446049250313e-16,K14me3,K27me3,0.001908621072377,0.191441003540235,-28.129103546491542,-56.472619170155006,-0.7804176575226058
K14me3K27ac,2.220446049250313e-16,K14me3,K27ac,0.001908621072377,0.0112962727991332,-25.298996691367947,-50.61126438783281,-0.7018987897327468
K14me3K27un,2.220446049250313e-16,K14me3,K27un,0.001908621072377,0.0840103031173675,-27.305463308324562,-54.700587223775486,-0.7575664712326038
K14me3K36me1,2.220446049250313e-16,K14me3,K36me1,0.001908621072377,0.0907445968058339,-27.38257279288653,-54.86218528324248,-0.7597058072130471
K14me3K36me3,2.220446049250313e-16,K14me3,K36me3,0.001908621072377,0.0624138753811742,-27.008311473378196,-54.08298005066371,-0.7493222504889849
K14acR17me2,2.220446049250313e-16,K14ac,R17me2,0.3062581215775886,0.0066782296571206,-29.85142404313226,-60.07520403584597,-0.8282019505865478
K14unK18me1,2.220446049250313e-16,K14un,K18me1,0.6330610444540147,0.0218643797380512,-31.763568502045963,-64.5518037300534,-0.8812527453622807
K14unK18me2,2.220446049250313e-16,K14un,K18me2,0.6330610444540147,0.0002744323225211,-27.385659088760267,-55.774152425930396,-0.7597914338236579
R17me1K18me2,2.220446049250313e-16,R17me1,K18me2,0.0104636256546114,0.0002744323225211,-23.282997254006997,-46.576787732285446,-0.6459666283728317
R17me1K23me3,2.220446049250313e-16,R17me1,K23me3,0.0104636256546114,0.0458201070760042,-28.400770864536433,-56.85896354166324,-0.7879548323786629
R17me1R26me1,2.220446049250313e-16,R17me1,R26me1,0.0104636256546114,0.0263077504653651,-27.84591144090066,-55.72900162692505,-0.7725607374003969
R17me1R26me2,2.220446049250313e-16,R17me1,R26me2,0.0104636256546114,0.0345432196932568,-28.1182591353697,-56.282190967194296,-0.7801167887120897
R17me1K27me3,2.220446049250313e-16,R17me1,K27me3,0.0104636256546114,0.191441003540235,-29.830627536278048,-59.884275459203934,-0.8276249694845019
R17me1K27ac,2.220446049250313e-16,R17me1,K27ac,0.0104636256546114,0.0112962727991332,-27.000520681154452,-54.02292067688173,-0.7491061016946429
R17me1K36me3,2.220446049250313e-16,R17me1,K36me3,0.0104636256546114,0.0624138753811742,-28.7098354631647,-57.49463633971263,-0.796529562450881
R17me1K36un,2.220446049250313e-16,R17me1,K36un,0.0104636256546114,0.1248012369932311,-29.402770218321205,-58.94936345162762,-0.8157544381224944
R17me2K18me1,2.220446049250313e-16,R17me2,K18me1,0.0066782296571206,0.0218643797380512,-27.211854578850357,-54.452516734050405,-0.7549693779672894
R17me2K18me2,2.220446049250313e-16,R17me2,K18me2,0.0066782296571206,0.0002744323225211,-22.833945165564664,-45.67486542992741,-0.6335080664286666
R17me2K23me1,2.220446049250313e-16,R17me2,K23me1,0.0066782296571206,0.0116180670081073,-26.579557149352873,-53.17750101159843,-0.7374268324691574
R17me2K23me3,2.220446049250313e-16,R17me2,K23me3,0.0066782296571206,0.0458201070760042,-27.951718776094097,-55.95704123930521,-0.7754962704344978
R17me2R26me2,2.220446049250313e-16,R17me2,R26me2,0.0066782296571206,0.0345432196932568,-27.66920704692737,-55.38026866483626,-0.7676582267679246
R17me2K27me1,2.220446049250313e-16,R17me2,K27me1,0.0066782296571206,0.0701932966711335,-28.37824857964514,-56.83597634842393,-0.7873299710570829
R17me2K27me3,2.220446049250313e-16,R17me2,K27me3,0.0066782296571206,0.191441003540235,-29.38157544783571,-58.982353156845896,-0.8151664075403366
R17me2K27ac,2.220446049250313e-16,R17me2,K27ac,0.0066782296571206,0.0112962727991332,-26.551468592712116,-53.1209983745237,-0.7366475397504776
R17me2K36me1,2.220446049250313e-16,R17me2,K36me1,0.0066782296571206,0.0907445968058339,-28.6350446942307,-57.37191926993338,-0.7944545572307781
R17me2K36un,2.220446049250313e-16,R17me2,K36un,0.0066782296571206,0.1248012369932311,-28.953718129878872,-58.04744114926959,-0.8032958761783293
K18me1K23me3,2.220446049250313e-16,K18me1,K23me3,0.0218643797380512,0.0458201070760042,-29.137724661721478,-58.3444593292838,-0.8084009783125697
K18me1K23ac,2.220446049250313e-16,K18me1,K23ac,0.0218643797380512,0.1436397328308185,-30.280309957179945,-60.73779098041799,-0.8401010194577733
K18me1R26me1,2.220446049250313e-16,K18me1,R26me1,0.0218643797380512,0.0263077504653651,-28.582865238085706,-57.2144974145456,-0.7930068833343037
K18me1R26me2,2.220446049250313e-16,K18me1,R26me2,0.0218643797380512,0.0345432196932568,-28.855212932554746,-57.76768675481485,-0.8005629346459965
K18me1K27ac,2.220446049250313e-16,K18me1,K27ac,0.0218643797380512,0.0112962727991332,-27.737474478339497,-55.50841646450228,-0.7695522476285497
K18me1K36me1,2.220446049250313e-16,K18me1,K36me1,0.0218643797380512,0.0907445968058339,-29.82105057985808,-59.75933735991196,-0.82735926510885
K18me1K36me3,2.220446049250313e-16,K18me1,K36me3,0.0218643797380512,0.0624138753811742,-29.446789260349746,-58.980132127333185,-0.8169757083847878
K18me2K23me1,2.220446049250313e-16,K18me2,K23me1,0.0002744323225211,0.0116180670081073,-23.387653621694554,-46.78726779745402,-0.6488702288086066
K18me2K23me2,2.220446049250313e-16,K18me2,K23me2,0.0002744323225211,0.0222600681177977,-24.037886640471058,-48.098559313557985,-0.666910381724205
K18me2K23me3,2.220446049250313e-16,K18me2,K23me3,0.0002744323225211,0.0458201070760042,-24.759815248435782,-49.5668080251608,-0.686939666773947
K18me2K23ac,2.220446049250313e-16,K18me2,K23ac,0.0002744323225211,0.1436397328308185,-25.90240054389425,-51.96013967629499,-0.7186397079191504
K18me2R26me1,2.220446049250313e-16,K18me2,R26me1,0.0002744323225211,0.0263077504653651,-24.204955824800013,-48.4368461104226,-0.671545571795681
K18me2R26me2,2.220446049250313e-16,K18me2,R26me2,0.0002744323225211,0.0345432196932568,-24.477303519269054,-48.99003545069185,-0.6791016231073738
K18me2K27me1,2.220446049250313e-16,K18me2,K27me1,0.0002744323225211,0.0701932966711335,-25.18634505198682,-50.44574313427952,-0.6987733673965321
K18me2K27me2,2.220446049250313e-16,K18me2,K27me2,0.0002744323225211,0.6430591238721218,-27.40132890457449,-55.83311740313917,-0.7602261793153275
K18me2K27me3,2.220446049250313e-16,K18me2,K27me3,0.0002744323225211,0.191441003540235,-26.189671920177396,-52.59211994270149,-0.7266098038797859
K18me2K27ac,2.220446049250313e-16,K18me2,K27ac,0.0002744323225211,0.0112962727991332,-23.3595650650538,-46.730765160379285,-0.6480909360899269
K18me2K36me2,2.220446049250313e-16,K18me2,K36me2,0.0002744323225211,0.7220402908197521,-27.51717317632492,-56.31489992943631,-0.7634401784762841
K18me2K36me3,2.220446049250313e-16,K18me2,K36me3,0.0002744323225211,0.0624138753811742,-25.06887984706405,-50.20248082321019,-0.695514396846165
K18me2K36un,2.220446049250313e-16,K18me2,K36un,0.0002744323225211,0.1248012369932311,-25.761814602220557,-51.65720793512517,-0.7147392725177786
K23me1R26me1,2.220446049250313e-16,K23me1,R26me1,0.0116180670081073,0.0263077504653651,-27.95056780858822,-55.93948169209362,-0.7754643378361717
K23me1K27ac,2.220446049250313e-16,K23me1,K27ac,0.0116180670081073,0.0112962727991332,-27.10517704884201,-54.23340074205031,-0.7520097021304176
K23me1K36me1,2.220446049250313e-16,K23me1,K36me1,0.0116180670081073,0.0907445968058339,-29.188753150360593,-58.484321637459985,-0.8098167196107181
K23me1K36me3,2.220446049250313e-16,K23me1,K36me3,0.0116180670081073,0.0624138753811742,-28.81449183085226,-57.7051164048812,-0.7994331628866559
K23me2R26me1,2.220446049250313e-16,K23me2,R26me1,0.0222600681177977,0.0263077504653651,-28.600800827364726,-57.250773208197586,-0.7935044907517703
K23me2R26me2,2.220446049250313e-16,K23me2,R26me2,0.0222600681177977,0.0345432196932568,-28.873148521833766,-57.803962548466835,-0.8010605420634631
K23me2K27me3,2.220446049250313e-16,K23me2,K27me3,0.0222600681177977,0.191441003540235,-30.58551692274211,-61.40604704047647,-0.8485687228358753
K23me2K27ac,2.220446049250313e-16,K23me2,K27ac,0.0222600681177977,0.0112962727991332,-27.755410067618513,-55.54469225815427,-0.7700498550460162
K23me2K36me3,2.220446049250313e-16,K23me2,K36me3,0.0222600681177977,0.0624138753811742,-29.464724849628762,-59.01640792098517,-0.8174733158022544
K23me2K36un,2.220446049250313e-16,K23me2,K36un,0.0222600681177977,0.1248012369932311,-30.15765960478527,-60.47113503290016,-0.8366981914738678
K23me3R26me1,2.220446049250313e-16,K23me3,R26me1,0.0458201070760042,0.0263077504653651,-29.322729435329446,-58.7190219198004,-0.8135337758015121
K23me3R26me2,2.220446049250313e-16,K23me3,R26me2,0.0458201070760042,0.0345432196932568,-29.595077129798486,-59.272211260069646,-0.8210898271132049
K23me3K27ac,2.220446049250313e-16,K23me3,K27ac,0.0458201070760042,0.0112962727991332,-28.477338675583237,-57.01294096975709,-0.7900791400957581
K23me3K36me3,2.220446049250313e-16,K23me3,K36me3,0.0458201070760042,0.0624138753811742,-30.186653457593486,-60.484656632587985,-0.8375026008519962
R26me1K27ac,2.220446049250313e-16,R26me1,K27ac,0.0263077504653651,0.0112962727991332,-27.922479251947465,-55.882979055018886,-0.774685045117492
R26me2K27ac,2.220446049250313e-16,R26me2,K27ac,0.0345432196932568,0.0112962727991332,-28.194826946416505,-56.436168395288135,-0.7822410964291848
R26me2K36me1,2.220446049250313e-16,R26me2,K36me1,0.0345432196932568,0.0907445968058339,-30.27840304793509,-60.68708929069781,-0.8400481139094852
K27me3K36me3,2.220446049250313e-16,K27me3,K36me3,0.191441003540235,0.0624138753811742,-31.616510129335097,-63.50996855012867,-0.8771727379578351
K27acK36me3,2.220446049250313e-16,K27ac,K36me3,0.0112962727991332,0.0624138753811742,-28.786403274211505,-57.648613767806474,-0.7986538701679762
