PTM_1,K4me1,K4un,R8me1,R8un,K9me1,K9me2,K9me3,K9ac,K9un,K14me1,K14me2,K14me3,K14ac,K14un,R17me1,R17me2,R17un,K18me1,K18me2,K18ac,K18un,K23me1,K23me2,K23me3,K23ac,K23un,R26me1,R26me2,R26un,K27me1,K27me2,K27me3,K27ac,K27un,K36me1,K36me2,K36me3,K36un
K4me1,,,-1.0,0.0008928129971105,0.6316098511416777,-1.0,-1.0,-1.0,-0.6837763789609929,-0.754787501748799,-1.0,-1.0,0.3265590224915464,-1.0,-1.0,-1.0,0.0087987842908656,-1.0,-1.0,-0.4008866858898443,-0.0063441441552236,-1.0,-0.1270805445202207,-0.4442211503520344,-0.5574178750437268,-0.0098268737483926,-1.0,-1.0,0.035729676320452,-1.0,0.1602934678722353,-1.0,-1.0,-1.0,-1.0,0.2085604031194773,-1.0,-1.0
K4un,,,0.0027369318806907,-0.0026761605272283,-0.0784244179646774,0.0078434612329317,0.0046973726864279,0.0036919521847186,0.0406240074730753,0.0021910813642474,0.0032186519889444,0.0027128746771898,-0.0338743869792957,0.0470823597887237,0.0024613844615024,0.0037866954973531,-0.0078037998164517,0.0037089437816244,0.0034042318683735,-0.0051879244134572,0.0046054243374606,0.0033016097007695,-0.0055796961099224,0.0018953807905002,0.0051027045838649,-0.0035392879463156,0.0049223223938038,0.0060176195449075,-0.0134160186517837,0.0051891714424468,-0.0200655483867489,0.0142289225459289,0.0027505934887426,0.0055847864582293,0.0065065872113257,-0.0231242240593841,0.0045794594638618,0.0183806541194584
R8me1,,,,,0.4610468041646499,-1.0,-1.0,-1.0,-0.8120911357516369,-0.6351227139767436,-1.0,-1.0,-0.7616124441135443,-0.2159976418324319,-0.6050732649404524,-1.0,0.0031806735116552,-1.0,-1.0,-1.0,0.0254070167059583,-1.0,-0.7185550199839771,-0.7181489378301162,-1.0,0.0396611298474693,-0.747931031289685,-1.0,0.0227082626695135,-1.0,0.11242821648723,-0.8067358970431667,-1.0,-1.0,-1.0,0.1425486097123593,-1.0,-0.7936248354404698
R8un,,,,,-0.0154377023159946,0.0017481056187864,0.001091400817625,0.0008348824779918,0.00838904812628,-0.0008846713235153,0.0007519599963517,0.0006303039531471,0.0010832621821232,-0.0013816243166361,-0.0360892886633552,0.0008518350185216,0.0027590868451575,0.0008384040271912,0.0007463296356817,0.0013101938569073,-0.0032842842115775,0.000737423244154,-0.0006024679366253,-0.0006544123284995,0.0015101978192248,-0.0016378853254487,0.0002588593219501,0.0013534575077113,-0.0023072365749171,0.0011621456270642,-0.0042282914246317,0.0028084435688282,0.0006089957792145,0.0012642335483299,0.001502923276303,-0.0045283829348505,0.0010456797880959,0.0032390220461506
K9me1,,,,,,,,,,0.7633796039932655,-0.7337889888474483,-1.0,0.0578557198659502,-0.3984108813324136,-0.4681041336598304,-0.7235202208930993,0.0036172771693489,-0.1632458600514998,-1.0,0.2226869279532123,-0.0701470720077829,-0.7343454368704043,-0.0216505402186666,-0.5393091833603683,-0.0693151873035305,0.0203142235670509,-0.8004189633791413,-0.8385031440374351,0.0536835514103118,-0.5523153196437182,0.1950185201445682,-0.5449300568155095,-1.0,-0.0494902080440877,-1.0,0.2491874488779401,-0.7942384766841766,-0.3061036361534945
K9me2,,,,,,,,,,-1.0,-1.0,-1.0,0.0803604020044194,-0.007683960294829,-0.5134817462108974,-1.0,0.019809548964032,-0.2464995143071331,-1.0,-0.0414743762758675,0.0134106351830504,-0.2949193369636986,-0.5447441999691454,0.1519316840162381,-0.1187572927883124,0.0325679098719135,-0.3027245208773375,-1.0,0.0726896859919845,0.2607224487450303,-0.7333138155238792,0.24899137400632,0.097620182140586,0.1197108947764064,0.3274706906558794,-0.7042453426398587,0.436853019590782,0.0347772156188344
K9me3,,,,,,,,,,-1.0,-1.0,-0.3775816224934065,0.2509434313536124,-0.1770529922158152,-1.0,-1.0,0.0136431140834613,-1.0,-1.0,-0.0708069127629428,0.027089001059207,-1.0,-0.0614436671607547,-1.0,-0.4714195286932208,0.0747986989727889,-0.3346700059115512,-1.0,0.0446589149252707,-0.5929353132973287,0.2222233846586211,-1.0,-1.0,-0.6171035427445722,-0.8261757449951954,0.2912489073713692,-1.0,-1.0
K9ac,,,,,,,,,,0.1076993771200247,-1.0,-0.2662443016823571,-0.8295087617943487,-0.0410279128960294,-1.0,0.0292178923177357,-0.0521020711674035,0.2012940326551294,-0.690921829767362,-0.8048374159841396,-0.068102109557814,-0.6908497684439506,-0.4836106944979687,-0.4662154423559945,-0.3516291432125906,-0.0468044951103073,-1.0,-0.4933904884544948,0.0118085082753177,-1.0,0.0831996658290992,-0.2601112290032743,-1.0,-0.0721529695537958,-0.5136373718380094,0.1377515958299535,-1.0,-0.3228797402565956
K9un,,,,,,,,,,-0.5525978646958447,0.0635413042358354,-0.0572473201206353,-0.1048870027496441,0.1844639298005735,0.0282298261377462,0.0477916282457927,-0.0158688620868086,-0.1258931735581891,0.0773921043347075,-0.0264312486476481,0.0225040681838015,0.0417209068794848,0.0524064677968781,-0.0537807137375334,0.0477728192767943,-0.0482350333559715,0.0679949110866837,0.1318206333178215,-0.1051732930219823,-0.0845305364954193,0.0724278417155241,-0.012208591868594,-0.025034511752237,-0.0427785228744887,-0.0932390164945059,-0.0036539730092304,-0.234513475559414,0.1079299966701457
K14me1,,,,,,,,,,,,,,,0.0053596434381076,-1.0,-0.0081598620722494,0.4435597250409921,-1.0,0.213486094844873,-0.1427259224909502,-1.0,-1.0,-0.7296023724538807,0.1487589229889471,-0.0188243572320309,-0.7894446961914267,-1.0,0.048506443571236,-0.7276723893091308,0.0961068204065206,-0.4596256647124908,-1.0,0.1706914485948408,-1.0,0.1887868324601562,-0.7681235808147866,-0.1827535221533741
K14me2,,,,,,,,,,,,,,,-0.6143470978971176,-1.0,-0.0034577662907782,-1.0,-1.0,-0.4822568034131849,0.0141891539622813,-1.0,-0.7232363922421532,-1.0,-0.787433330283108,0.0524964507549233,-0.6184558958771409,-1.0,-0.0022366168053231,-0.3336637670077164,-1.0,0.0980123899874229,-1.0,0.0363858121147006,-0.7255053709522017,-1.0,-0.1242702995943694,0.1199170829714474
K14me3,,,,,,,,,,,,,,,-1.0,-1.0,0.0078597473060658,-1.0,-1.0,-1.0,0.0297273118519015,-1.0,-1.0,-1.0,0.0981476358405986,-0.0110070224188603,-0.7123074458140383,-1.0,0.0204749861762361,-0.6862514956365899,0.1072702201544402,-1.0,-1.0,-1.0,-0.6755054600978929,0.0985241270144993,-1.0,-0.3609879941516834
K14ac,,,,,,,,,,,,,,,-0.3986979627768294,-0.1357326961249222,0.0186391480249936,0.0836916601114585,0.3086380883965999,0.0222040202781375,-0.0584611665693321,0.167163974805937,0.153865265263712,0.3732001761745235,-0.2812727229595843,-0.0894047038352114,-0.3256123673617261,-0.3514137905395231,0.0445826954518854,0.0519587434017515,0.0759715753593661,-0.0823308733633869,-0.71595976957476,-0.1199226067069315,-0.0384644393735487,0.1205740069941728,-0.3112868522486492,-0.0984709241026167
K14un,,,,,,,,,,,,,,,-0.3484334291421084,0.0471672800922053,-0.0176877549597416,-0.2457576017785063,-0.298298270221145,-0.0500690425672146,0.1171717380020501,-0.0871446918466622,-0.0776125669001886,-0.3116703094774313,0.0605211788026787,0.0884528630772246,0.0465563447417691,0.083052680059603,-0.0649583631061798,-0.0383114152590593,-0.0637964484092981,0.0737794436110693,0.0339768052559511,0.0099799354034474,0.0339339887232705,-0.1069674946392747,0.0555938933363913,0.0842938965801776
R17me1,,,,,,,,,,,,,,,,,,-0.6791759534371908,-1.0,-0.4069831504389033,-0.0544922161031685,-0.2608958327397793,-0.2939814298585514,-1.0,-0.745174371918045,-0.1044742708637406,-0.6662378350203173,-1.0,-0.0068421586311225,-0.3414398965581584,-0.2631595313985407,-0.4960199683490089,-1.0,-0.4377540807812206,-0.6689299858103761,-0.2979775872898169,-0.6965358357385556,-0.213716857171396
R17me2,,,,,,,,,,,,,,,,,,-0.6741348207885494,-1.0,-0.2630107923983437,0.0095947699858698,-1.0,-1.0,-1.0,-0.2337221108617429,0.046749065111306,-1.0,-1.0,0.0462234085732903,-1.0,0.0723943742051378,-0.6320612988442044,-1.0,0.2766649672519957,-1.0,0.1049458172337229,-1.0,-0.0541682085844935
R17un,,,,,,,,,,,,,,,,,,-0.0143305697082009,0.0115054124986837,0.0035947229142542,-0.0039302826995811,-0.0036099734329937,0.0083217997020918,0.0143357873773908,0.0034776636349946,-0.0185730906225377,0.0125558700831245,0.0188857579768063,-0.0337703552291299,0.0112431318949137,-0.0101265021789715,0.0310801123382717,0.0089172620584826,-0.0505310288749725,0.0159489003510092,-0.0230745922794292,0.0071232493814656,0.0141018785366908
K18me1,,,,,,,,,,,,,,,,,,,,,,0.3127982452478076,0.1164533020170083,-0.4875253955669294,0.2051168683251514,-0.2915106937068549,-1.0,-1.0,0.0424142272373522,-0.1641539469204125,-0.0052995498203997,-0.3168164343989729,-1.0,-0.0825169472428811,-1.0,0.1562618869478822,-1.0,-0.3164654234967409
K18me2,,,,,,,,,,,,,,,,,,,,,,-0.2546219957843072,0.2361279900427449,-1.0,-0.0800948365367051,-0.3266376030465856,-0.0802582780887083,-1.0,0.0028262496448749,0.3611381996090906,-0.3496072361312335,-0.3133748664984265,-0.6007578010883278,-0.3531349772749879,-0.0630996990913845,-0.5137150176337688,-0.4699105395343119,-0.0334948070067464
K18ac,,,,,,,,,,,,,,,,,,,,,,0.1762137779678975,-0.2750409847660982,-0.5574997484836263,-0.0040189120851444,0.0186432141663231,-0.0829071599265633,-0.3248217162801416,0.0099421924674296,0.031940841815975,0.0683428688345926,-0.0758010500961774,-1.0,-0.1178815515813518,-0.0843773700576764,0.1252315262221806,-0.517271947705456,-0.085340569729846
K18un,,,,,,,,,,,,,,,,,,,,,,-0.159992950944923,-0.0462270498853401,0.0374581543993862,-0.0480459934381666,0.0894561210046208,-0.0042712025780606,0.034868283141842,-0.0269933048925811,-0.0753252528919332,-0.0198248814510053,0.049137083454506,-0.0027580642386821,0.0062501124902376,0.0042293201301517,-0.0598570908706227,0.0291452542141241,0.0508380237480764
K23me1,,,,,,,,,,,,,,,,,,,,,,,,,,,-0.7166142770461017,-1.0,0.032655129629532,0.3048179712038575,-0.3310907966648809,-0.0039961018009659,-1.0,-1.0,-0.7395505296862965,0.060218179921384,-1.0,-0.0225248324225324
K23me2,,,,,,,,,,,,,,,,,,,,,,,,,,,-0.2443053641436131,-1.0,0.0366287779213027,-0.0645421879829774,0.1524968171240485,-0.2080968028781057,-1.0,-0.6164454395837473,-0.7957396742131243,-0.1896388991846029,-0.6164158834710548,0.1683822401882467
K23me3,,,,,,,,,,,,,,,,,,,,,,,,,,,-1.0,-1.0,0.0538146598790253,-0.1159515737482177,-0.1401883589800962,0.1520856030736116,-0.7391335289560066,-0.5758202103821606,-0.4619011435955615,-0.1208288523742347,-0.804737698026334,0.0661191205573133
K23ac,,,,,,,,,,,,,,,,,,,,,,,,,,,-0.1083845503614326,-0.4845402757824345,0.0499591297209036,0.1006498871369885,0.0065202838826046,-0.120511319517822,0.3113866247466261,0.082963762562829,0.069171060824385,0.1317908978736748,0.008523105505509,-0.1666912428810899
K23un,,,,,,,,,,,,,,,,,,,,,,,,,,,0.0335158594220619,0.1176047664534467,-0.0886642912546426,-0.0477074106947754,-0.0237122133980667,0.0418817304883462,-0.3337622074965076,0.019236278590229,0.0217487312042477,-0.0250069300058759,0.023368934651466,0.0084151599886624
R26me1,,,,,,,,,,,,,,,,,,,,,,,,,,,,,,0.1650029547667903,-0.0880738662247649,0.0646758069458653,-0.7485450334332117,-0.8544960131507267,-0.1006733409367862,-0.420753026547881,-1.0,0.2124611936667011
R26me2,,,,,,,,,,,,,,,,,,,,,,,,,,,,,,-0.0005448160983965,0.0590766007252726,-0.9014081949874952,-1.0,0.4330764544654092,-0.4832310004565677,-0.043336702959761,-0.8012873034880698,0.1149834602145223
R26un,,,,,,,,,,,,,,,,,,,,,,,,,,,,,,-0.0266748633164168,-0.009311716466662,0.0845771597314015,0.0294001539606114,-0.1292289428875166,0.0498807341736615,0.0658185895902668,0.0477992835873253,-0.1007562165150799
K27me1,,,,,,,,,,,,,,,,,,,,,,,,,,,,,,,,,,,0.3668989417241917,-0.1227002719704158,0.264377729062369,-0.1849311394812957
K27me2,,,,,,,,,,,,,,,,,,,,,,,,,,,,,,,,,,,-0.1279155108106069,0.4469293697650842,-0.5023084686674122,-0.2663529382850656
K27me3,,,,,,,,,,,,,,,,,,,,,,,,,,,,,,,,,,,-0.0311632216720429,-0.6661454051511579,-1.0,0.5515846213289833
K27ac,,,,,,,,,,,,,,,,,,,,,,,,,,,,,,,,,,,0.2058178506040848,-0.6216663851710901,-1.0,0.0547040249890668
K27un,,,,,,,,,,,,,,,,,,,,,,,,,,,,,,,,,,,-0.165829886975905,0.1764715180033614,0.5525909366616428,-0.5787354167820207
K36me1,,,,,,,,,,,,,,,,,,,,,,,,,,,,,,,,,,,,,,
K36me2,,,,,,,,,,,,,,,,,,,,,,,,,,,,,,,,,,,,,,
K36me3,,,,,,,,,,,,,,,,,,,,,,,,,,,,,,,,,,,,,,
K36un,,,,,,,,,,,,,,,,,,,,,,,,,,,,,,,,,,,,,,
