delta_I_PTM_combos_merged,delta_I,source_node,target_node
R8un|K4un,-0.0004506605742256,R8un,K4un
K9un|K4un,-0.181247042017959,K9un,K4un
K14un|K4un,0.7050445645569156,K14un,K4un
R17un|K4un,-0.0042906155718508,R17un,K4un
K18un|K4un,0.8387721993583985,K18un,K4un
K23un|K4un,0.6859630269403965,K23un,K4un
R26un|K4un,-0.0220402314861337,R26un,K4un
K27me3|K4un,0.2288861116196874,K27me3,K4un
K36un|K4un,0.4674562248420539,K36un,K4un
K9un|R8un,-0.5131618620829915,K9un,R8un
K14un|R8un,0.6849901686650385,K14un,R8un
R17un|R8un,-0.0041685726344717,R17un,R8un
K18un|R8un,0.814914034081137,K18un,R8un
K23un|R8un,0.666451389235483,K23un,R8un
R26un|R8un,-0.0214133157470242,R26un,R8un
K27me3|R8un,-0.7780622020036617,K27me3,R8un
K36un|R8un,-0.5462780137271006,K36un,R8un
K14un|K9un,0.0522936767464609,K14un,K9un
R17un|K9un,-0.0039200334148995,R17un,K9un
K18un|K9un,-0.0566353269388629,K18un,K9un
K23un|K9un,-0.342622591607081,K23un,K9un
R26un|K9un,-0.0199779037614725,R26un,K9un
K27me3|K9un,0.2742307115536972,K27me3,K9un
K36un|K9un,0.1637660807967479,K36un,K9un
R17un|K14un,-0.0060855948512645,R17un,K14un
K18un|K14un,0.2200077549186204,K18un,K14un
K23un|K14un,0.312979261863927,K23un,K14un
R26un|K14un,-0.0001061099402014,R26un,K14un
K27me3|K14un,0.0682241849391087,K27me3,K14un
K36un|K14un,-0.0343379671432618,K36un,K14un
K18un|R17un,-0.1862185390594067,K18un,R17un
K23un|R17un,-0.3352371321492943,K23un,R17un
R26un|R17un,0.7036305664764517,R26un,R17un
K27me3|R17un,-0.0558517437720033,K27me3,R17un
K36un|R17un,0.176800407032467,K36un,R17un
K23un|K18un,0.1973159227771102,K23un,K18un
R26un|K18un,0.0361936315609778,R26un,K18un
K27me3|K18un,0.0945308433690606,K27me3,K18un
K36un|K18un,0.2028384654644822,K36un,K18un
R26un|K23un,0.0052997572318485,R26un,K23un
K27me3|K23un,-0.0369771765178604,K27me3,K23un
K36un|K23un,0.0507959459228999,K36un,K23un
K27me3|R26un,0.164028678538579,K27me3,R26un
K36un|R26un,0.3670062545893456,K36un,R26un
K36un|K27me3,0.6392598803331562,K36un,K27me3
K27me2|K4un,-0.3077290049932745,K27me2,K4un
K27me2|R8un,0.3969639179488782,K27me2,R8un
K27me2|K9un,0.1321543982097595,K27me2,K9un
K27me2|K14un,-0.2552526725109906,K27me2,K14un
K27me2|R17un,-0.3266736394924566,K27me2,R17un
K27me2|K18un,-0.2783125140479724,K27me2,K18un
K27me2|K23un,-0.2139517278608038,K27me2,K23un
K27me2|R26un,-0.0175665540671211,K27me2,R26un
K36un|K27me2,-0.4303751395533388,K36un,K27me2
K23me2|K4un,-0.3323483983073224,K23me2,K4un
K27un|K4un,-0.1683278741874112,K27un,K4un
K23me2|R8un,0.014175209361856,K23me2,R8un
K27un|R8un,0.140958079781685,K27un,R8un
K23me2|K9un,-0.0098423116634612,K23me2,K9un
K27un|K9un,-0.0671868400505029,K27un,K9un
K23me2|K14un,-0.0339471634316438,K23me2,K14un
K27un|K14un,0.1102470455215087,K27un,K14un
K23me2|R17un,0.014228291285359,K23me2,R17un
K27un|R17un,0.1414859256721471,K27un,R17un
K23me2|K18un,-0.0606997656059346,K23me2,K18un
K27un|K18un,-0.006187142972953,K27un,K18un
R26un|K23me2,0.0217115756489373,R26un,K23me2
K27un|K23me2,0.0269314616413492,K27un,K23me2
K36un|K23me2,-0.2906327834794605,K36un,K23me2
K27un|R26un,0.0990201845375653,K27un,R26un
K36un|K27un,-0.4938836359231424,K36un,K27un
K36me1|K4un,0.1796616861561975,K36me1,K4un
K36me1|R8un,0.1745513615584284,K36me1,R8un
K36me1|K9un,-0.1585104911846314,K36me1,K9un
K36me1|K14un,0.2135778851100565,K36me1,K14un
K36me1|R17un,0.1752050042514608,K36me1,R17un
K36me1|K18un,0.0730279278398588,K36me1,K18un
K36me1|K23un,0.0668661839620618,K36me1,K23un
K36me1|R26un,-0.2787038257249743,K36me1,R26un
K36me1|K27me2,-0.0948642533614505,K36me1,K27me2
K27me1|K4un,0.2429589061451065,K27me1,K4un
K36me2|K4un,-0.7083388657595742,K36me2,K4un
K27me1|R8un,0.2360481456992708,K27me1,R8un
K36me2|R8un,0.3122470756573505,K36me2,R8un
K27me1|K9un,-0.3475960950776238,K27me1,K9un
K36me2|K9un,-0.0216551858787369,K36me2,K9un
K27me1|K14un,0.0708075481608803,K27me1,K14un
K36me2|K14un,-0.2300877821091373,K36me2,K14un
K27me1|R17un,0.2369320754736515,K27me1,R17un
K36me2|R17un,-0.4117077210449496,K36me2,R17un
K27me1|K18un,0.1849473532133353,K27me1,K18un
K36me2|K18un,-0.3202641223866976,K36me2,K18un
K27me1|K23un,0.2581912694628142,K27me1,K23un
K36me2|K23un,-0.0822895983222661,K36me2,K23un
K27me1|R26un,-0.2496620394176414,K27me1,R26un
K36me2|R26un,-0.1040984437470096,K36me2,R26un
K36me2|K27me1,-0.2958059856466652,K36me2,K27me1
K36me3|K4un,0.0612209547614685,K36me3,K4un
K36me3|R8un,0.0594795765204537,K36me3,R8un
K36me3|K9un,0.0163995962666291,K36me3,K9un
K36me3|K14un,0.0508478641423549,K36me3,K14un
K36me3|R17un,0.0597023097620059,K36me3,R17un
K36me3|K18un,0.0443977290823799,K36me3,K18un
K27un|K23un,-0.0134024356865166,K27un,K23un
K36me3|K23un,-0.0353725315626832,K36me3,K23un
K36me3|R26un,0.0157960148828313,K36me3,R26un
K36me3|K27un,0.3697801804381769,K36me3,K27un
K9me2|K4un,0.3453160647333692,K9me2,K4un
K9me2|R8un,0.3354938415461866,K9me2,R8un
K14un|K9me2,0.0943093072838296,K14un,K9me2
R17un|K9me2,0.0010739780679478,R17un,K9me2
K18un|K9me2,0.1482117127531255,K18un,K9me2
K23un|K9me2,0.2839949466491718,K23un,K9me2
R26un|K9me2,0.0053389712766683,R26un,K9me2
K27me1|K9me2,0.5776064516367134,K27me1,K9me2
K36un|K9me2,0.1723009935076326,K36un,K9me2
K36un|K27me1,0.2776234558981647,K36un,K27me1
K36me2|K27me2,0.6238013591543141,K36me2,K27me2
K36me3|K27me1,-0.0427729864108373,K36me3,K27me1
K36me1|K9me2,0.2840652612565875,K36me1,K9me2
K36me1|K27me1,0.0609555161593436,K36me1,K27me1
K23ac|K4un,-0.4863333186817361,K23ac,K4un
K23ac|R8un,-0.8095702178306351,K23ac,R8un
K23ac|K9un,0.2015166210577597,K23ac,K9un
K23ac|K14un,0.0129312064709578,K23ac,K14un
K23ac|R17un,0.1915823662963428,K23ac,R17un
K23ac|K18un,-0.2478112192506454,K23ac,K18un
R26un|K23ac,-0.0274675031872517,R26un,K23ac
K27me2|K23ac,0.2066964086632904,K27me2,K23ac
K36un|K23ac,-0.2684988561364742,K36un,K23ac
K27un|K23ac,0.1244066789985252,K27un,K23ac
K36me2|K23ac,0.1540018556196811,K36me2,K23ac
K36me2|K27un,-0.2193587694133084,K36me2,K27un
K27un|K9me2,0.1616493076900731,K27un,K9me2
K36me3|K9me2,0.0132177635648503,K36me3,K9me2
K9me1|K4un,-0.3023692808951688,K9me1,K4un
K14me1|K4un,0.0348910629422954,K14me1,K4un
K9me1|R8un,0.0433015961534255,K9me1,R8un
K14me1|R8un,0.0338986161885602,K14me1,R8un
K14me1|K9me1,0.5120926211970633,K14me1,K9me1
R17un|K9me1,0.0043552552335826,R17un,K9me1
K18un|K9me1,-0.4892507917831534,K18un,K9me1
K23un|K9me1,0.0339051394068937,K23un,K9me1
R26un|K9me1,0.022372275474072,R26un,K9me1
K27un|K9me1,-0.0623834206933886,K27un,K9me1
K36me3|K9me1,0.0227439617685879,K36me3,K9me1
R17un|K14me1,0.0043128851190408,R17un,K14me1
K18un|K14me1,-0.182111376314409,K18un,K14me1
K23un|K14me1,0.2148006050889565,K23un,K14me1
R26un|K14me1,0.0221546267201968,R26un,K14me1
K27un|K14me1,0.1605866788766394,K27un,K14me1
K36me3|K14me1,0.1757790721691967,K36me3,K14me1
K14un|K9me1,-0.6599418769039228,K14un,K9me1
K27me2|K9me1,0.5141967978836102,K27me2,K9me1
K36me2|K9me1,0.6027075430012525,K36me2,K9me1
K36me2|K27me3,-0.3942267828115545,K36me2,K27me3
R26me2|K4un,0.0009696738123856,R26me2,K4un
R26me2|R8un,0.0009420922615204,R26me2,R8un
R26me2|K9un,0.0019333853925282,R26me2,K9un
R26me2|K14un,0.0013753369093697,R26me2,K14un
R26me2|R17un,0.0009456201155423,R26me2,R17un
R26me2|K18un,0.0011560633663435,R26me2,K18un
R26me2|K23un,0.0014135948648875,R26me2,K23un
K27un|R26me2,0.8599133737501135,K27un,R26me2
K36me3|R26me2,0.9414329833026474,K36me3,R26me2
K18ac|K4un,-0.8452026566259088,K18ac,K4un
K18ac|R8un,-0.821161582425385,K18ac,R8un
K18ac|K9un,0.0528690467858321,K18ac,K9un
K18ac|K14un,-0.2002024151327779,K18ac,K14un
K18ac|R17un,0.1799475955051984,K18ac,R17un
K23un|K18ac,-0.1743555192684495,K23un,K18ac
R26un|K18ac,-0.038078714533471,R26un,K18ac
K27me2|K18ac,0.2755902036000524,K27me2,K18ac
K36un|K18ac,-0.2020412388640975,K36un,K18ac
K14ac|K4un,-0.7561067638886404,K14ac,K4un
K14ac|R8un,-0.7345999469466191,K14ac,R8un
K14ac|K9un,0.0443810412234925,K14ac,K9un
R17un|K14ac,0.0056746160422187,R17un,K14ac
K18un|K14ac,-0.2278060578472363,K18un,K14ac
K23un|K14ac,-0.3287264487768332,K23un,K14ac
R26un|K14ac,-0.0053223975572987,R26un,K14ac
K27me2|K14ac,0.2046053936148198,K27me2,K14ac
K36un|K14ac,0.1293007142111217,K36un,K14ac
R26me1|K4un,0.0210705576738864,R26me1,K4un
R26me1|R8un,0.0204712234948898,R26me1,R8un
R26me1|K9un,0.0180445183689523,R26me1,K9un
R26me1|K14ac,0.0066048537641486,R26me1,K14ac
K27me1|K14ac,-0.0183818810191672,K27me1,K14ac
R26me1|R17un,-0.7045761865910377,R26me1,R17un
R26me1|K18un,-0.0373496949272994,R26me1,K18un
R26me1|K23un,-0.0067133520967233,R26me1,K23un
K27me1|R26me1,0.2719855909722968,K27me1,R26me1
K36un|R26me1,-0.3621990913193677,K36un,R26me1
K27me3|K9me2,-0.1361132746830688,K27me3,K9me2
K23me1|K4un,0.010895881592808,K23me1,K4un
K23me1|R8un,0.0105859574631319,K23me1,R8un
K23me1|K9me2,0.0142052869158296,K23me1,K9me2
K23me1|K14un,-0.0024563856430006,K23me1,K14un
K23me1|R17un,0.0106255987107438,K23me1,R17un
K23me1|K18un,-0.0126079223235283,K23me1,K18un
R26un|K23me1,0.0216328484016125,R26un,K23me1
K27me1|K23me1,0.7722263383265526,K27me1,K23me1
K36me1|K23me1,-0.0853214799166789,K36me1,K23me1
R26me1|K9me2,-0.0039221718755143,R26me1,K9me2
R26me1|K14un,-0.0012692269691548,R26me1,K14un
K36me1|R26me1,0.2994467281161037,K36me1,R26me1
K36me1|K23ac,0.0457728080829057,K36me1,K23ac
K27me3|K23ac,-0.1042183827067539,K27me3,K23ac
K36me1|K27me3,-0.1685873116106704,K36me1,K27me3
K27me2|K14me1,0.1744911957153221,K27me2,K14me1
K36me2|K14me1,0.331247690919987,K36me2,K14me1
K27me3|K14ac,-0.0430644412007978,K27me3,K14ac
K14me1|K9me2,-0.0108271522710826,K14me1,K9me2
K9me3|K4un,0.1326849382676741,K9me3,K4un
K9me3|R8un,0.1289108275026596,K9me3,R8un
K14un|K9me3,-0.0553643298859795,K14un,K9me3
R17un|K9me3,0.0047830676211629,R17un,K9me3
K18un|K9me3,0.0233855193985913,K18un,K9me3
K23un|K9me3,0.190079559793812,K23un,K9me3
R26un|K9me3,0.0245698818307247,R26un,K9me3
K27me2|K9me3,0.6924328379806708,K27me2,K9me3
K36me1|K9me3,-0.1355075806545746,K36me1,K9me3
K27me3|K18ac,-0.0876436014502592,K27me3,K18ac
K23me3|K4un,0.1218228084559887,K23me3,K4un
K23me3|R8un,0.1183576617798037,K23me3,R8un
K23me3|K9un,0.1561000015435266,K23me3,K9un
K23me3|K14un,-0.2895069192602286,K23me3,K14un
K23me3|R17un,0.1188008758578609,K23me3,R17un
K23me3|K18un,0.1238029844030179,K23me3,K18un
R26un|K23me3,0.0242759289219192,R26un,K23me3
K27me3|K23me3,0.2858285777915721,K27me3,K23me3
K36un|K23me3,0.3740683697044059,K36un,K23me3
K14ac|K9me2,-0.0598543576442104,K14ac,K9me2
K18ac|K9me2,-0.1388161119959009,K18ac,K9me2
K27me1|K18ac,-0.1799188947341999,K27me1,K18ac
K9ac|K4un,0.005615319912224,K9ac,K4un
K9ac|R8un,0.0054555968901054,K9ac,R8un
K14un|K9ac,-0.1000851451870866,K14un,K9ac
R17un|K9ac,0.0041895950047839,R17un,K9ac
K18un|K9ac,-0.2306642244275887,K18un,K9ac
K23un|K9ac,-0.0814528735840116,K23un,K9ac
R26un|K9ac,0.0215213043885642,R26un,K9ac
K27me2|K9ac,0.1893936391390915,K27me2,K9ac
K36me2|K9ac,0.6916613534552746,K36me2,K9ac
K27me2|K23me3,0.1312844290294629,K27me2,K23me3
K36me2|K23me3,-0.1087512892970294,K36me2,K23me3
K36me2|K14ac,0.1436450181795416,K36me2,K14ac
K36me2|K18ac,0.3267740987507394,K36me2,K18ac
K36me2|K9me3,0.7248632703871253,K36me2,K9me3
R26me1|K23ac,0.0286311975040188,R26me1,K23ac
K27me3|R26me1,-0.1609693778437257,K27me3,R26me1
K23ac|K9me2,-0.196174572385398,K23ac,K9me2
K36me3|K23ac,0.0687241924338926,K36me3,K23ac
K23ac|K9me1,-0.1192698976551907,K23ac,K9me1
K23ac|K14me1,-0.066727123128501,K23ac,K14me1
K23me3|K9me2,-0.0807077616963667,K23me3,K9me2
K27un|K18ac,-0.0030444511716367,K27un,K18ac
K36me3|K18ac,-0.043071162134827,K36me3,K18ac
K23me3|K14ac,0.3504012498148983,K23me3,K14ac
K23me1|K9un,-0.0051517193307359,K23me1,K9un
K18ac|K14ac,0.2158992812696721,K18ac,K14ac
K23me1|K14ac,0.0054071841013882,K23me1,K14ac
K23me1|K18ac,0.013397276381054,K23me1,K18ac
K36me2|K23me1,0.0538867239056728,K36me2,K23me1
K18me1|K4un,0.0064304572676445,K18me1,K4un
K18me1|R8un,0.0062475483533801,K18me1,R8un
K14me1|K9ac,0.3830540709842758,K14me1,K9ac
K18me1|K9ac,0.4108445848084365,K18me1,K9ac
K23ac|K9ac,0.2252934590018178,K23ac,K9ac
K27un|K9ac,0.2754547001127246,K27un,K9ac
K18me1|K14me1,0.0626429939378457,K18me1,K14me1
K18me1|R17un,0.006270943555194,K18me1,R17un
K23ac|K18me1,0.4807886416588831,K23ac,K18me1
R26un|K18me1,0.0215384478153433,R26un,K18me1
K27un|K18me1,0.2227565927692465,K27un,K18me1
K36me2|K18me1,0.0504666428624717,K36me2,K18me1
R8me1|K4un,0.0004506605743639,R8me1,K4un
K9un|R8me1,0.5131618620923796,K9un,R8me1
K14ac|R8me1,0.7345999469557525,K14ac,R8me1
R17un|R8me1,0.0041685726436081,R17un,R8me1
K18ac|R8me1,0.8211615824345181,K18ac,R8me1
K23ac|R8me1,0.8095702178402756,K23ac,R8me1
R26un|R8me1,0.0214133157564142,R26un,R8me1
K27me3|R8me1,0.778062202012795,K27me3,R8me1
K36un|R8me1,0.5462780137362349,K36un,R8me1
K23ac|K14ac,-0.0682449185290875,K23ac,K14ac
K23ac|K18ac,0.2342107028807846,K23ac,K18ac
K14ac|K9me1,0.1642640160627827,K14ac,K9me1
K18ac|K9me1,0.495778126194576,K18ac,K9me1
K27me3|K9me1,-0.2009188934159,K27me3,K9me1
K36un|K9me1,-0.4430831509108704,K36un,K9me1
K27ac|K4un,0.0042118614160358,K27ac,K4un
K27ac|R8un,0.0040920585829596,K27ac,R8un
K27ac|K9un,0.0083978253646789,K27ac,K9un
K27ac|K14un,0.0059738938895057,K27ac,K14un
K27ac|R17un,0.0041073821196443,K27ac,R17un
K27ac|K18un,0.0050214604385524,K27ac,K18un
K27ac|K23un,0.0061400706023792,K27ac,K23un
K27ac|R26un,0.0041797304088105,K27ac,R26un
K36un|K27ac,0.5482815533267176,K36un,K27ac
K36me1|K27un,0.3434622248982789,K36me1,K27un
K27un|K14ac,-0.1375886128072625,K27un,K14ac
K27un|K23me3,-0.1448699503619049,K27un,K23me3
K27me3|K14me1,-0.0866242186096526,K27me3,K14me1
K36un|K14me1,-0.3264325803470365,K36un,K14me1
R17me1|K4un,0.0011923506576555,R17me1,K4un
R17me1|R8un,0.0011584352523994,R17me1,R8un
R17me1|K9me2,0.0034529255352663,R17me1,K9me2
R17me1|K14un,0.0016911706260793,R17me1,K14un
K18un|R17me1,0.1856575914579302,K18un,R17me1
K23un|R17me1,0.3342272946417239,K23un,R17me1
R26un|R17me1,0.0214287571760477,R26un,R17me1
K27me3|R17me1,0.7786232727548918,K27me3,R17me1
K36un|R17me1,0.5466719418948901,K36un,R17me1
R17me2|K4un,0.0030982649143336,R17me2,K4un
R17me2|R8un,0.0030101373912046,R17me2,R8un
R17me2|K9un,0.00617747953079,R17me2,K9un
R17me2|K14un,0.0043944242251987,R17me2,K14un
K18un|R17me2,0.1860022606080136,K18un,R17me2
K23un|R17me2,0.3348477801100218,K23un,R17me2
R26me1|R17me2,0.9824938829907394,R26me1,R17me2
K27me2|R17me2,0.605030240517074,K27me2,R17me2
K36me2|R17me2,0.6899655615506011,K36me2,R17me2
K27me2|R26me1,0.036999173965311,K27me2,R26me1
K36me2|R26me1,0.1234478760935945,K36me2,R26me1
K36me3|K23me1,0.4902507014195196,K36me3,K23me1
K18me1|K9un,0.0037662801530395,K18me1,K9un
K18me1|K14ac,0.0119067765775705,K18me1,K14ac
K27me2|K18me1,0.2424620350730462,K27me2,K18me1
K36un|K18me1,-0.1485805347408064,K36un,K18me1
K18ac|K14me1,0.1194683823765677,K18ac,K14me1
K23me2|K14ac,0.04116293338964,K23me2,K14ac
K36me1|K14ac,-0.1919770680626216,K36me1,K14ac
K23me2|K18me1,0.3192543819240162,K23me2,K18me1
K36me1|K18me1,0.1579410466047668,K36me1,K18me1
K27me2|K23me2,0.442026632195712,K27me2,K23me2
K36me1|K23me2,-0.0288096268740393,K36me1,K23me2
K36me1|K18ac,-0.0816616977518109,K36me1,K18ac
K27me1|K23ac,-0.2218300988285173,K27me1,K23ac
K14ac|K9me3,-0.0276162150734114,K14ac,K9me3
K18ac|K9me3,-0.0162170114234352,K18ac,K9me3
K23ac|K9me3,-0.0258633895111591,K23ac,K9me3
R26me1|K18ac,0.0392259823570965,R26me1,K18ac
R8un|K4me1,0.0004506605743681,R8un,K4me1
K9un|K4me1,0.1812470420180513,K9un,K4me1
K14ac|K4me1,0.75610676388878,K14ac,K4me1
R17un|K4me1,0.0042906155719933,R17un,K4me1
K18ac|K4me1,0.8452026566260439,K18ac,K4me1
K23ac|K4me1,0.4863333186818247,K23ac,K4me1
R26un|K4me1,0.0220402314862762,R26un,K4me1
K27un|K4me1,0.168327874187455,K27un,K4me1
K36me2|K4me1,0.7083388657597215,K36me2,K4me1
K23me3|K18ac,-0.1221197188687405,K23me3,K18ac
K14me3|K4un,0.0161711363895677,K14me3,K4un
K14me3|R8un,0.0157111621021526,K14me3,R8un
K14me3|K9me3,0.1218762023836088,K14me3,K9me3
R17un|K14me3,0.0042332280916741,R17un,K14me3
K18un|K14me3,0.1884013215420809,K18un,K14me3
K23ac|K14me3,0.8221268240579316,K23ac,K14me3
R26un|K14me3,0.0217454408369105,R26un,K14me3
K27me2|K14me3,0.612833932844302,K27me2,K14me3
K36me2|K14me3,0.698864751373117,K36me2,K14me3
K9me1|K4me1,0.302369280895215,K9me1,K4me1
K23me2|K4me1,0.332348398307366,K23me2,K4me1
K27me2|K4me1,0.3077290049933773,K27me2,K4me1
K23me2|K9me1,0.2200829029365055,K23me2,K9me1
K23me2|K18ac,0.0488672588753559,K23me2,K18ac
K36me2|K23me2,0.3797504607218248,K36me2,K23me2
K4un|R8un,-0.0288819955105671,K4un,R8un
K4un|K9un,-0.0203393241380207,K4un,K9un
K4un|K14un,0.0915587527467574,K4un,K14un
K4un|R17un,-0.0289901499620118,K4un,R17un
K4un|K18un,0.1556781086848321,K4un,K18un
K4un|K23un,0.086476548039364,K4un,K23un
K4un|R26un,-0.0295007885377691,K4un,R26un
K4un|K27me3,0.0371204197363495,K4un,K27me3
K4un|K36un,0.0528705069460271,K4un,K36un
R8un|K9un,-0.0008985501725702,R8un,K9un
R8un|K14un,0.0013880017286406,R8un,K14un
R8un|R17un,-0.0004394815019516,R8un,R17un
R8un|K18un,0.0023600308816312,R8un,K18un
R8un|K23un,0.0013109571129426,R8un,K23un
R8un|R26un,-0.0004472226219839,R8un,R26un
R8un|K27me3,-0.0019689293123718,R8un,K27me3
R8un|K36un,-0.0009640701105495,R8un,K36un
K9un|K14un,0.0605155363893295,K9un,K14un
K9un|R17un,-0.2360233859315062,K9un,R17un
K9un|K18un,-0.0936710397897114,K9un,K18un
K9un|K23un,-0.3849001168102564,K9un,K23un
K9un|R26un,-0.238287795652241,K9un,R26un
K9un|K27me3,0.3963181277520621,K9un,K27me3
K9un|K36un,0.1650558391896682,K9un,K36un
K14un|R17un,-0.3166289305301685,K14un,R17un
K14un|K18un,0.3144403053671781,K14un,K18un
K14un|K23un,0.3038294727421674,K14un,K23un
K14un|R26un,-0.0010936799330365,K14un,R26un
K14un|K27me3,0.0852017458486572,K14un,K27me3
K14un|K36un,-0.0299063773544363,K14un,K36un
R17un|K18un,-0.0051153526252449,R17un,K18un
R17un|K23un,-0.0062548787667433,R17un,K23un
R17un|R26un,0.1393899021182127,R17un,R26un
R17un|K27me3,-0.001340600313723,R17un,K27me3
R17un|K36un,0.0029595448815992,R17un,K36un
K18un|K23un,0.1340220481990525,K18un,K23un
K18un|R26un,0.2610153899678558,K18un,R26un
K18un|K27me3,0.0826006472406498,K18un,K27me3
K18un|K36un,0.1236059350710162,K18un,K36un
K23un|R26un,0.0562698570768449,K23un,R26un
K23un|K27me3,-0.0475696051313071,K23un,K27me3
K23un|K36un,0.0455726142432793,K23un,K36un
R26un|K27me3,0.0198744788846224,R26un,K27me3
R26un|K36un,0.0310119103529642,R26un,K36un
K27me3|K36un,0.4458169120098621,K27me3,K36un
K4un|K27me2,-0.0360457325493491,K4un,K27me2
R8un|K27me2,0.0007255357661345,R8un,K27me2
K9un|K27me2,0.1379435679163156,K9un,K27me2
K14un|K27me2,-0.230235570988034,K14un,K27me2
R17un|K27me2,-0.0056632881231264,R17un,K27me2
K18un|K27me2,-0.175644533756661,K18un,K27me2
K23un|K27me2,-0.1987941428681287,K23un,K27me2
R26un|K27me2,-0.001537285486897,R26un,K27me2
K27me2|K36un,-0.4155605193384724,K27me2,K36un
K4un|K23me2,-0.6670624512449624,K4un,K23me2
K4un|K27un,-0.038987498827201,K4un,K27un
R8un|K23me2,0.0004439404893945,R8un,K23me2
R8un|K27un,0.0005094266730382,R8un,K27un
K9un|K23me2,-0.1760371902364995,K9un,K23me2
K9un|K27un,-0.1386717389599374,K9un,K27un
K14un|K23me2,-0.524678293130147,K14un,K23me2
K14un|K27un,0.1966314567106821,K14un,K27un
R17un|K23me2,0.0042266354883726,R17un,K23me2
R17un|K27un,0.0048501114595854,R17un,K27un
K18un|K23me2,-0.6564118305548213,K18un,K23me2
K18un|K27un,-0.0077210429551627,K18un,K27un
K23me2|R26un,0.0144789113889357,K23me2,R26un
K23me2|K27un,0.0031078235649715,K23me2,K27un
K23me2|K36un,-0.0163773723692751,K23me2,K36un
R26un|K27un,0.0171346640670438,R26un,K27un
K27un|K36un,-0.2411725237069763,K27un,K36un
K4un|K36me1,0.0349709024262112,K4un,K36me1
R8un|K36me1,0.0005301478183517,R8un,K36me1
K9un|K36me1,-0.2749437108415192,K9un,K36me1
K14un|K36me1,0.3201285081847324,K14un,K36me1
R17un|K36me1,0.005047391793851,R17un,K36me1
K18un|K36me1,0.0765873119037843,K18un,K36me1
K23un|K36me1,0.1032429178058441,K23un,K36me1
R26un|K36me1,-0.0405300206859409,R26un,K36me1
K27me2|K36me1,-0.1576407664139684,K27me2,K36me1
K4un|K27me1,0.0377843862399779,K4un,K27me1
K4un|K36me2,-0.0924972490419466,K4un,K36me2
R8un|K27me1,0.0005727993429722,R8un,K27me1
R8un|K36me2,0.0006362217240257,R8un,K36me2
K9un|K27me1,-0.4817135330319249,K9un,K27me1
K9un|K36me2,-0.0251990443446511,K9un,K36me2
K14un|K27me1,0.0847960858243647,K14un,K27me1
K14un|K36me2,-0.2313651824152615,K14un,K36me2
R17un|K27me1,0.0054534652471656,R17un,K27me1
R17un|K36me2,-0.0079569366297993,R17un,K36me2
K18un|K27me1,0.1549687570504845,K18un,K27me1
K18un|K36me2,-0.2253266267880934,K18un,K36me2
K23un|K27me1,0.3185102875631986,K23un,K27me1
K23un|K36me2,-0.0852383531291336,K23un,K36me2
R26un|K27me1,-0.0290077864275427,R26un,K27me1
R26un|K36me2,-0.010155808632936,R26un,K36me2
K27me1|K36me2,-0.2483791601087946,K27me1,K36me2
K4un|K36me3,0.0306942364840906,K4un,K36me3
R8un|K36me3,0.0004653149155171,R8un,K36me3
K9un|K36me3,0.0732696813960311,K9un,K36me3
K14un|K36me3,0.1963116858429545,K14un,K36me3
R17un|K36me3,0.0044301355298227,R17un,K36me3
K18un|K36me3,0.1199316956916058,K18un,K36me3
K23un|K27un,-0.0246238201660059,K23un,K27un
K23un|K36me3,-0.140677694489317,K23un,K36me3
R26un|K36me3,0.0059167987507752,R26un,K36me3
K27un|K36me3,0.8004441420202306,K27un,K36me3
K4un|K9me2,0.0434352298895103,K4un,K9me2
R8un|K9me2,0.0006584643451543,R8un,K9me2
K9me2|K14un,0.0973671622033606,K9me2,K14un
K9me2|R17un,0.057690051736622,K9me2,R17un
K9me2|K18un,0.2186959315305184,K9me2,K18un
K9me2|K23un,0.2846314649234427,K9me2,K23un
K9me2|R26un,0.0568132607465867,K9me2,R26un
K9me2|K27me1,0.7141447411259106,K9me2,K27me1
K9me2|K36un,0.1549298025628355,K9me2,K36un
K27me1|K36un,0.2019059581205609,K27me1,K36un
K27me2|K36me2,0.6954223402165186,K27me2,K36me2
K27me1|K36me3,-0.1378944420365691,K27me1,K36me3
K9me2|K36me1,0.439586304351592,K9me2,K36me1
K27me1|K36me1,0.0762930246434829,K27me1,K36me1
K4un|K23ac,-0.0883165711279085,K4un,K23ac
R8un|K23ac,-0.0022939559177901,R8un,K23ac
K9un|K23ac,0.326101996536186,K9un,K23ac
K14un|K23ac,0.0180827268563803,K14un,K23ac
R17un|K23ac,0.0051491180774027,R17un,K23ac
K18un|K23ac,-0.2424630815760738,K18un,K23ac
K23ac|R26un,-0.2024549880725355,K23ac,R26un
K23ac|K27me2,0.1333245661253938,K23ac,K27me2
K23ac|K36un,-0.1672271513744463,K23ac,K36un
K23ac|K27un,0.158673666650681,K23ac,K27un
K23ac|K36me2,0.1107402560868356,K23ac,K36me2
K27un|K36me2,-0.1236725768957003,K27un,K36me2
K9me2|K27un,0.2976581947187186,K9me2,K27un
K9me2|K36me3,0.0526852899090637,K9me2,K36me3
K4un|K9me1,-0.2047174978304292,K4un,K9me1
K4un|K14me1,0.0298818658890674,K4un,K14me1
R8un|K9me1,0.0004574499374628,R8un,K9me1
R8un|K14me1,0.0004529996342756,R8un,K14me1
K9me1|K14me1,0.6477758195554661,K9me1,K14me1
K9me1|R17un,0.043463747692489,K9me1,R17un
K9me1|K18un,-0.1341213013677845,K9me1,K18un
K9me1|K23un,0.0063131465922144,K9me1,K23un
K9me1|R26un,0.0442293272501505,K9me1,R26un
K9me1|K27un,-0.02134131731511,K9me1,K27un
K9me1|K36me3,0.0168424611998629,K9me1,K36me3
K14me1|R17un,0.0340255563772687,K14me1,R17un
K14me1|K18un,-0.0394663609692214,K14me1,K18un
K14me1|K23un,0.0316183807894655,K14me1,K23un
K14me1|R26un,0.0346248896557701,K14me1,R26un
K14me1|K27un,0.0434295510991933,K14me1,K27un
K14me1|K36me3,0.1029035582506664,K14me1,K36me3
K9me1|K14un,-0.1265819229817521,K9me1,K14un
K9me1|K27me2,0.0889605570197352,K9me1,K27me2
K9me1|K36me2,0.1162457473696372,K9me1,K36me2
K27me3|K36me2,-0.3174244923607959,K27me3,K36me2
K4un|R26me2,0.0288965666234144,K4un,R26me2
R8un|R26me2,0.0004380628090904,R8un,R26me2
K9un|R26me2,0.5134207546854486,K9un,R26me2
K14un|R26me2,0.3156068180978769,K14un,R26me2
R17un|R26me2,0.0041706757082761,R17un,R26me2
K18un|R26me2,0.1856174054755193,K18un,R26me2
K23un|R26me2,0.3341549504295737,K23un,R26me2
R26me2|K27un,0.0066834924466873,R26me2,K27un
R26me2|K36me3,0.015838920124061,R26me2,K36me3
K4un|K18ac,-0.1611032916643379,K4un,K18ac
R8un|K18ac,-0.0024422749394124,R8un,K18ac
K9un|K18ac,0.0898006439317609,K9un,K18ac
K14un|K18ac,-0.2938526243963673,K14un,K18ac
R17un|K18ac,0.005076434081645,R17un,K18ac
K18ac|K23un,-0.1153160548773273,K18ac,K23un
K18ac|R26un,-0.2673967912364245,K18ac,R26un
K18ac|K27me2,0.1693579696517703,K18ac,K27me2
K18ac|K36un,-0.119886143351825,K18ac,K36un
K4un|K14ac,-0.1086451407691236,K4un,K14ac
R8un|K14ac,-0.0016470259660607,R8un,K14ac
K9un|K14ac,0.0568275693777751,K9un,K14ac
K14ac|R17un,0.2668333784441872,K14ac,R17un
K14ac|K18un,-0.2942534775082802,K14ac,K18un
K14ac|K23un,-0.2884065380049923,K14ac,K23un
K14ac|R26un,-0.0495789814405576,K14ac,R26un
K14ac|K27me2,0.1667920388877969,K14ac,K27me2
K14ac|K36un,0.1017762083241545,K14ac,K36un
K4un|R26me1,0.0294724279141712,K4un,R26me1
R8un|R26me1,0.0004467926840947,R8un,R26me1
K9un|R26me1,0.2249156050580488,K9un,R26me1
K14ac|R26me1,0.0642948084202055,K14ac,R26me1
K14ac|K27me1,-0.0198949254132931,K14ac,K27me1
R17un|R26me1,-0.1458602613337553,R17un,R26me1
K18un|R26me1,-0.2814773305064821,K18un,R26me1
K23un|R26me1,-0.0744872039204224,K23un,R26me1
R26me1|K27me1,0.0302402628282421,R26me1,K27me1
R26me1|K36un,-0.029287344769442,R26me1,K36un
K9me2|K27me3,-0.1754965479233322,K9me2,K27me3
K4un|K23me1,0.0291780982320143,K4un,K23me1
R8un|K23me1,0.0004423307392191,R8un,K23me1
K9me2|K23me1,0.3024261045608343,K9me2,K23me1
K14un|K23me1,-0.050653313287741,K14un,K23me1
R17un|K23me1,0.0042113094990097,R17un,K23me1
K18un|K23me1,-0.181909178389158,K18un,K23me1
K23me1|R26un,0.0108127602325346,K23me1,R26un
K23me1|K27me1,0.0448466029325161,K23me1,K27me1
K23me1|K36me1,-0.0062017626461322,K23me1,K36me1
K9me2|R26me1,-0.0436155309468661,K9me2,R26me1
K14un|R26me1,-0.013670861279375,K14un,R26me1
R26me1|K36me1,0.0416707249884461,R26me1,K36me1
K23ac|K36me1,0.0490626214770853,K23ac,K36me1
K23ac|K27me3,-0.0930742598238251,K23ac,K27me3
K27me3|K36me1,-0.2023404988339726,K27me3,K36me1
K14me1|K27me2,0.0238652193323416,K14me1,K27me2
K14me1|K36me2,0.0505064789037198,K14me1,K36me2
K14ac|K27me3,-0.048605461321506,K14ac,K27me3
K9me2|K14me1,-0.073719505816727,K9me2,K14me1
K4un|K9me3,0.0331395298620236,K4un,K9me3
R8un|K9me3,0.000502384789601,R8un,K9me3
K9me3|K14un,-0.0287864844940332,K9me3,K14un
K9me3|R17un,0.1293935600330596,K9me3,R17un
K9me3|K18un,0.0173782412963107,K9me3,K18un
K9me3|K23un,0.0959419052002585,K9me3,K23un
K9me3|R26un,0.1316727253078818,K9me3,R26un
K9me3|K27me2,0.324741926593089,K9me3,K27me2
K9me3|K36me1,-0.1056064012449574,K9me3,K36me1
K18ac|K27me3,-0.0745710214122492,K18ac,K27me3
K4un|K23me3,0.0327430500878634,K4un,K23me3
R8un|K23me3,0.0004963742816441,R8un,K23me3
K9un|K23me3,0.3738762194052719,K9un,K23me3
K14un|K23me3,-0.599192231228849,K14un,K23me3
R17un|K23me3,0.0047258432254601,R17un,K23me3
K18un|K23me3,0.1792825909431084,K18un,K23me3
K23me3|R26un,0.120893459374417,K23me3,R26un
K23me3|K27me3,0.1724680131542565,K23me3,K27me3
K23me3|K36un,0.1574102428709071,K23me3,K36un
K9me2|K14ac,-0.068375043666267,K9me2,K14ac
K9me2|K18ac,-0.2103575458769225,K9me2,K18ac
K18ac|K27me1,-0.1467955066988537,K18ac,K27me1
K4un|K9ac,0.0290276491506223,K4un,K9ac
R8un|K9ac,0.0004400499787374,R8un,K9ac
K9ac|K14un,-0.0025142911168918,K9ac,K14un
K9ac|R17un,0.0054760264703247,K9ac,R17un
K9ac|K18un,-0.0082818316693095,K9ac,K18un
K9ac|K23un,-0.001986399905646,K9ac,K23un
K9ac|R26un,0.0055724823478196,K9ac,R26un
K9ac|K27me2,0.0042915428259703,K9ac,K27me2
K9ac|K36me2,0.0174720511909365,K9ac,K36me2
K23me3|K27me2,0.0572147649374854,K23me3,K27me2
K23me3|K36me2,-0.0528362071476997,K23me3,K36me2
K14ac|K36me2,0.1305422607744069,K14ac,K36me2
K18ac|K36me2,0.2238678920023343,K18ac,K36me2
K9me3|K36me2,0.3789824707281678,K9me3,K36me2
K23ac|R26me1,0.2205317996388134,K23ac,R26me1
R26me1|K27me3,-0.0186636601877531,R26me1,K27me3
K9me2|K23ac,-0.2832210629555942,K9me2,K23ac
K23ac|K36me3,0.1897396986700738,K23ac,K36me3
K9me1|K23ac,-0.0319905512797431,K9me1,K23ac
K14me1|K23ac,-0.0141487171400552,K14me1,K23ac
K9me2|K23me3,-0.1724568648531615,K9me2,K23me3
K18ac|K27un,-0.0036994297811976,K18ac,K27un
K18ac|K36me3,-0.1132921362306346,K18ac,K36me3
K14ac|K23me3,0.655434032606894,K14ac,K23me3
K9un|K23me1,-0.1229366038216084,K9un,K23me1
K14ac|K18ac,0.2863964123457856,K14ac,K18ac
K14ac|K23me1,0.1007716987451173,K14ac,K23me1
K18ac|K23me1,0.1882207775804144,K18ac,K23me1
K23me1|K36me2,0.0026276947836592,K23me1,K36me2
K4un|K18me1,0.029050771976674,K4un,K18me1
R8un|K18me1,0.0004404005134657,R8un,K18me1
K9ac|K14me1,0.0634623620940411,K9ac,K14me1
K9ac|K18me1,0.3590509056075326,K9ac,K18me1
K9ac|K23ac,0.0079144255219658,K9ac,K23ac
K9ac|K27un,0.0123419039301704,K9ac,K27un
K14me1|K18me1,0.330441675078297,K14me1,K18me1
R17un|K18me1,0.0041929323496725,R17un,K18me1
K18me1|K23ac,0.0193262037303886,K18me1,K23ac
K18me1|R26un,0.0063814012687596,K18me1,R26un
K18me1|K27un,0.0114204727363652,K18me1,K27un
K18me1|K36me2,0.0014587347857653,K18me1,K36me2
K4un|R8me1,0.0288819955197033,K4un,R8me1
R8me1|K9un,0.0008985501725781,R8me1,K9un
R8me1|K14ac,0.0016470259660661,R8me1,K14ac
R8me1|R17un,0.0004394815029107,R8me1,R17un
R8me1|K18ac,0.0024422749394172,R8me1,K18ac
R8me1|K23ac,0.0022939559177953,R8me1,K23ac
R8me1|R26un,0.0004472226221759,R8me1,R26un
R8me1|K27me3,0.0019689293123768,R8me1,K27me3
R8me1|K36un,0.0009640701105568,R8me1,K36un
K14ac|K23ac,-0.0862484524001101,K14ac,K23ac
K18ac|K23ac,0.2231368778456885,K18ac,K23ac
K9me1|K14ac,0.0348620019447415,K9me1,K14ac
K9me1|K18ac,0.1395769244912863,K9me1,K18ac
K9me1|K27me3,-0.0481279005249771,K9me1,K27me3
K9me1|K36un,-0.0740185315739734,K9me1,K36un
K4un|K27ac,0.0289879236735386,K4un,K27ac
R8un|K27ac,0.0004394477530712,R8un,K27ac
K9un|K27ac,0.515043944257825,K9un,K27ac
K14un|K27ac,0.3166046151121819,K14un,K27ac
R17un|K27ac,0.0041838613795947,R17un,K27ac
K18un|K27ac,0.186204238466336,K18un,K27ac
K23un|K27ac,0.3352113877203247,K23un,K27ac
R26un|K27ac,0.021491851638882,R26un,K27ac
K27ac|K36un,0.0090101729150337,K27ac,K36un
K27un|K36me1,0.2886429876311843,K27un,K36me1
K14ac|K27un,-0.221781156678598,K14ac,K27un
K23me3|K27un,-0.1248409664697385,K23me3,K27un
K14me1|K27me3,-0.0164036031945873,K14me1,K27me3
K14me1|K36un,-0.0431094530905109,K14me1,K36un
K4un|R17me1,0.0289028227011518,K4un,R17me1
R8un|R17me1,0.0004381576492501,R8un,R17me1
K9me2|R17me1,0.6654235001097983,K9me2,R17me1
K14un|R17me1,0.3156751466579511,K14un,R17me1
R17me1|K18un,0.0014215428915832,R17me1,K18un
R17me1|K23un,0.0017382141760231,R17me1,K23un
R17me1|R26un,0.0011832545778438,R17me1,R26un
R17me1|K27me3,0.0052093621985974,R17me1,K27me3
R17me1|K36un,0.0025507215313228,R17me1,K36un
K4un|R17me2,0.0289564801425588,K4un,R17me2
R8un|R17me2,0.0004389710790881,R8un,R17me2
K9un|R17me2,0.5144852702251608,K9un,R17me2
K14un|R17me2,0.3162611904800573,K14un,R17me2
R17me2|K18un,0.003693809733684,R17me2,K18un
R17me2|K23un,0.0045166645907328,R17me2,K23un
R17me2|R26me1,0.1470423783881812,R17me2,R26me1
R17me2|K27me2,0.0075828992386967,R17me2,K27me2
R17me2|K36me2,0.0096402420578882,R17me2,K36me2
R26me1|K27me2,0.003098400597442,R26me1,K27me2
R26me1|K36me2,0.0115247492053979,R26me1,K36me2
K23me1|K36me3,0.0917868262251108,K23me1,K36me3
K9un|K18me1,0.1516222205432734,K9un,K18me1
K14ac|K18me1,0.3743543134808497,K14ac,K18me1
K18me1|K27me2,0.0062865641048983,K18me1,K27me2
K18me1|K36un,-0.0037197917191831,K18me1,K36un
K14me1|K18ac,0.026589062926992,K14me1,K18ac
K14ac|K23me2,0.5749790716988872,K14ac,K23me2
K14ac|K36me1,-0.2600599885145097,K14ac,K36me1
K18me1|K23me2,0.141838441550928,K18me1,K23me2
K18me1|K36me1,0.0068050380633097,K18me1,K36me1
K23me2|K27me2,0.0257965100339817,K23me2,K27me2
K23me2|K36me1,-0.0027939337046333,K23me2,K36me1
K18ac|K36me1,-0.0833923499670895,K18ac,K36me1
K23ac|K27me1,-0.1899729846193501,K23ac,K27me1
K9me3|K14ac,-0.015887904617794,K9me3,K14ac
K9me3|K18ac,-0.0123762669116544,K9me3,K18ac
K9me3|K23ac,-0.0188048078228099,K9me3,K23ac
K18ac|R26me1,0.2878525970063266,K18ac,R26me1
K4me1|R8un,0.0288819955196994,K4me1,R8un
K4me1|K9un,0.0203393241380283,K4me1,K9un
K4me1|K14ac,0.1086451407691292,K4me1,K14ac
K4me1|R17un,0.028990149962971,K4me1,R17un
K4me1|K18ac,0.1611032916643421,K4me1,K18ac
K4me1|K23ac,0.0883165711279129,K4me1,K23ac
K4me1|R26un,0.0295007885379558,K4me1,R26un
K4me1|K27un,0.0389874988272059,K4me1,K27un
K4me1|K36me2,0.092497249041953,K4me1,K36me2
K18ac|K23me3,-0.1721998466596789,K18ac,K23me3
K4un|K14me3,0.0293299614113941,K4un,K14me3
R8un|K14me3,0.0004446329369793,R8un,K14me3
K9me3|K14me3,0.8850445837194815,K9me3,K14me3
K14me3|R17un,0.0157699957097248,K14me3,R17un
K14me3|K18un,0.0192795331103456,K14me3,K18un
K14me3|K23ac,0.0823144426837881,K14me3,K23ac
K14me3|R26un,0.0160477717180247,K14me3,R26un
K14me3|K27me2,0.0395783127679023,K14me3,K27me2
K14me3|K36me2,0.0503164427371404,K14me3,K36me2
K4me1|K9me1,0.2047174978304334,K4me1,K9me1
K4me1|K23me2,0.6670624512449593,K4me1,K23me2
K4me1|K27me2,0.0360457325493561,K4me1,K27me2
K9me1|K23me2,0.6524420041573648,K9me1,K23me2
K18ac|K23me2,0.5145733890038977,K18ac,K23me2
K23me2|K36me2,0.0247066094063446,K23me2,K36me2
