PTM_1,K4me1,K4un,R8un,R8me1,K9me2,K9ac,K9me3,K9un,K9me1,K14me3,K14me2,K14ac,K14un,K14me1,R17un,R17me2,R17me1,K18me1,K18un,K18me2,K18ac,K23ac,K23me2,K23un,K23me3,K23me1,R26un,R26me1,R26me2,K27un,K27ac,K27me2,K27me3,K27me1,K36me2,K36un,K36me1,K36me3
K4me1,,,0.0018128239680443,,-0.1795866950107695,,,-0.2254330161966435,0.4437549290059753,,,0.3344616709744937,-0.2551458167829577,,0.0031053469925718,,,0.157342121870758,-0.095739430790344,,0.2305042121504047,0.1669525126195316,0.0288975691287935,-0.1204241358205989,0.4044213604544029,,0.0100791756031143,0.0440357889160458,,0.0037358440298579,,0.0103831653167515,,0.1834999024864784,0.1000775565729319,-0.0098490754160863,,
K4un,,,-0.0035734940887366,0.0013970226287506,0.0026147180717159,0.0012670951669616,0.0021478673068898,0.0162866198558071,-0.0235846260934042,0.0012136254356186,0.001207623725085,-0.0140419190517296,0.0194270419862974,0.0021151064787397,-0.004446435106357,0.00133110219877,0.0013950288978591,-0.0026487844968015,0.0163525179107472,0.0014775139841214,-0.009281304325842,-0.0053761669817394,-0.000629450748305,0.0129893212295586,-0.0180252063049833,0.0017866470953752,-0.0031977526134308,-0.000306007283786,0.0024334817860941,0.0005182738558356,0.0014504225493733,-0.0038749148957777,0.005073567136343,-0.0038751796860416,-0.0079134178473208,0.0052227060025087,0.002486164991218,0.0022790050770387
R8un,,,,,0.0048582771212835,0.0016790524220903,0.0029537057289473,0.0142242465862928,-0.0267932407525649,0.0016325466780898,0.0016916060211654,0.0031989497861863,0.0014016005368219,-0.0100927957224196,0.128528973358653,0.00186678141847,-0.0813818563784198,0.0022537966275576,-0.0054609487444724,0.0019627087659068,0.0019509251036179,0.0027965401811397,0.0021924366626766,-0.0072812547153292,0.0022708272617697,0.0023666541499157,-0.0084696998349976,0.0026514458966331,0.0034167194544272,-0.0010408990145338,0.0021244068502917,-0.0038726715689583,0.0065105287136087,-0.002367498429499,-0.0077309420041615,0.0043967369884426,0.0033764363577831,0.0031329146637394
R8me1,,,,,-0.1901387487792545,,,-0.1222340239205584,0.4113321572032037,,,-0.1279237022046063,-0.0120533591992115,0.1778503013871471,-0.0774583348498103,,0.5981881737527301,,0.0197474210487025,,-0.1027105993774981,-0.1584893700970712,,0.0337863940984684,,,0.02473112034264,-0.0481225451353958,,0.0881195059957394,,0.0398190369616651,-0.1003725474743138,0.0248885019858167,0.0842205505129485,-0.1160648749035434,,
K9me2,,,,,,,,,,0.0431259487674932,-0.0284398785347606,0.1292784955196946,-0.0255442070500559,-0.2786063699033044,0.0078045534285684,,-0.1206082605464791,0.2404906928959528,-0.1088192649865311,-0.020069859087164,0.2475643306163638,-0.1818608400697097,0.0412881950822656,0.0320669367673651,0.0713969152912476,0.0343495958866965,0.01169832372999,0.1348155086308624,-0.1518485259439915,0.4334759488118602,0.1949721639692655,-0.5250175164078503,-0.019843677176838,0.23513624691644,-0.4638228746865295,0.1586429227935895,0.0090149816935792,0.4116771167092482
K9ac,,,,,,,,,,0.3520839421919366,,,-0.0047977578501542,,-0.0194600086914403,0.2373182319879628,,,-0.060949563320999,0.3445139324739735,,,0.44466441537613,-0.0563665255458677,,,0.0223418212144122,,,,,0.0322969269106715,,0.2096877766665623,0.1330988338183447,-0.1036712775517547,,0.0126316865624284
K9me3,,,,,,,,,,0.0495255404441104,,0.3504771676145601,-0.137961092278781,,0.0050302459645914,,,,0.0117324537765086,,-0.0726949121922704,-0.3865681792532803,0.0609272220816841,0.0646514312611856,,,0.0378865546059682,-0.2721085582745789,,-0.1031186607088717,0.0260914891681992,0.1868909065301436,,-0.2065002663132365,0.2017993175978216,-0.0753154056452157,-0.1571070508589299,
K9un,,,,,,,,,,-0.0655103901541447,0.0536534324771222,-0.1629286432594223,0.247878689813777,-0.4963723183408777,0.0023941680749788,0.0640341205311756,-0.0966775520071784,-0.3333237749993229,0.174656264427854,-0.0386393703192167,-0.1903592667944046,0.0884993728563054,-0.0303059767674191,-0.0325510096071081,-0.0147274403314491,-0.147985353204108,-0.0408749056795118,-0.0722585343399914,0.1174741023286078,-0.2302774467496776,-0.076943767626534,0.1396369546705763,0.1092869964279611,-0.1755319588813699,0.0504709367850312,-0.0001675372536718,0.0395123242877086,-0.1994166529350769
K9me1,,,,,,,,,,,,0.1405022876723888,-0.4186638524487088,0.8306534358134496,-0.0179500977433837,,0.3890210320356532,0.3437238536564648,-0.0702911958355826,,0.0958486852250456,-0.0477896921779051,-0.166730965915503,-0.030067445022046,0.0061791584280877,0.3953543286117402,0.0270307634556959,0.0069472047057768,-0.1618573812024027,0.074538926957039,-0.0801500074038327,0.0571273164694366,-0.2996097555826142,0.1364252474206108,0.1992099054548311,-0.1985231046709834,-0.3119088733998046,-0.1011892198662072
K14me3,,,,,,,,,,,,,,,0.0028057778996512,,,,0.0269399413683128,,,-0.088418078362595,,0.0254256532197748,,,0.0217858248398,,,0.0798619763781615,,0.0513408339453391,,,0.0076362307806576,0.030512327302628,,
K14me2,,,,,,,,,,,,,,,0.0028592044696886,,,,0.0126163880974879,,-0.044796743076111,-0.0769241799986054,,0.0191615724031095,,,0.0075562765034016,0.0927173870757911,,0.1648589287153944,0.2895742559050585,,0.0246326357511402,-0.0368313148087656,-0.1235380985912826,0.0654530498242925,,0.2812791013308503
K14ac,,,,,,,,,,,,,,,-0.0124389492295594,0.240978830640294,0.0726202033967963,0.2826614625162352,-0.1411389375604352,0.2618185294855342,0.2925219189800617,-0.1667449601638967,0.2046728316049579,-0.0638832284498314,0.3963376909862751,0.4002866863412002,0.0247831296263585,-0.1024233563522233,-0.1001107246774304,-0.0244006800509147,,0.0033077645734228,-0.0484745360123979,0.2156367952558716,0.1043613168380239,-0.0729102444925392,-0.0870938032242184,-0.0167465540485322
K14un,,,,,,,,,,,,,,,0.0259251427296657,-0.1374457699017645,-0.0757165745863805,-0.1654877309180157,0.149167857629509,-0.1190104372797703,-0.1304424568392634,0.0581890054728948,-0.0701650911891958,0.0369144373176733,-0.2670300899362178,-0.2650067335665621,-0.0378744930710615,0.0135665480137979,0.0531133998653707,-0.021484568964843,0.0406239639857661,-0.0105936817025659,0.0501357569421702,-0.0693440633592006,-0.0850260966847112,0.0599667113217764,0.054089397320777,0.0153213559794561
K14me1,,,,,,,,,,,,,,,-0.0109609321943492,0.0049508322839548,0.2826841293522053,0.0825747932844555,0.0189856942812326,,-0.2114465133418937,-0.1548216288712334,,0.0431073019020484,,,0.020731928806165,0.0252150414793619,,0.1380444675941947,-0.0407357482878734,0.0586966297170513,-0.2545156244435664,-0.0044095055835615,0.1495111057629659,-0.1296445387759395,,-0.0851316574364207
R17un,,,,,,,,,,,,,,,,,,-0.0018250077109052,0.0215884487470708,0.0033909827530384,-0.013639981327164,0.0065552324569689,0.0037712383841759,-0.0141973679447483,0.0039191084908245,0.0040937421106438,0.0042050208071485,-0.0104548137127276,0.0057695664044,-0.0175736516057335,0.0028998111183559,0.0008462775190849,0.0109526698083021,0.0018758317866413,-0.0102974828530858,0.0063725297873676,0.0054172471498589,0.0013131306093031
R17me2,,,,,,,,,,,,,,,,,,,-0.1079031672868594,,0.2398103978451105,-0.184373055984092,,0.0371570900785179,,,0.014157440098691,0.0347122590015892,,0.2878195963126407,0.0017683932866967,-0.0913708063168892,,,0.0647062822140526,-0.0652058517918316,,0.0722975209195662
R17me1,,,,,,,,,,,,,,,,,,0.1435893644683963,-0.0071290835225438,,-0.0007085244759876,-0.1107302547531392,,0.041234399233541,,,-0.0333765406033176,0.2627221345262245,,0.0421022628058806,,0.0260641218410945,-0.1846193126625542,0.0086659300560709,0.0929033552098117,-0.0970677296982961,-0.024626842214136,0.0755385126642861
K18me1,,,,,,,,,,,,,,,,,,,,,,-0.1429012230972726,0.3667606114592187,-0.1070211305850146,,0.6087552135032124,0.0251482119124753,0.0117860794464027,,0.2017732490398273,,-0.0037961683784987,-0.1558368582519378,-0.0225581475716085,0.0647311750957337,-0.055774296749904,,-0.0843015259971317
K18un,,,,,,,,,,,,,,,,,,,,,,-0.0335006474349771,-0.1217094676066298,0.1238316834608525,0.0254933701801736,-0.2977799398744092,-0.0348376619175216,-0.0021282786761824,0.0468117151103909,-0.1143681045681097,0.0358376106101886,0.0880458261960626,0.0548088194759928,-0.0951405572832516,0.0094742257104416,-0.0325790102600789,0.0374507505124136,0.0274373743390565
K18me2,,,,,,,,,,,,,,,,,,,,,,-0.0366279341028276,0.3412610960149554,-0.2075188513348857,,0.2423961643746127,-0.0003181270177659,0.105138955537514,,-0.0403748843103591,,-0.089079751701965,-0.2723912764858285,0.1493275218604931,0.050276277146753,-0.0045580129877709,,0.0809652435717653
K18ac,,,,,,,,,,,,,,,,,,,,,,0.1162105293702769,-0.0089530479894763,-0.0912678861824036,-0.0346062925597803,0.2196773623492968,0.0242150775345632,-0.0535148002661758,-0.2353119490962232,0.2811331033139952,,-0.2630257453048046,-0.11197879621579,0.2101046783217409,-0.1080090395637853,0.0745312509936226,-0.1590144299682261,-0.1258776891475137
K23ac,,,,,,,,,,,,,,,,,,,,,,,,,,,0.0258271414585348,-0.1176430868893869,-0.110560895948836,-0.0859604150694526,-0.070778308894918,0.1065017505384034,-0.1982792804152393,0.2172464894057745,0.1388673165767532,-0.2519141623971334,0.3058810501329054,-0.1391500116559676
K23me2,,,,,,,,,,,,,,,,,,,,,,,,,,,-0.032678564657378,0.2646526219212728,-0.0634947536275465,-0.105453940805326,,0.0283838376224573,-0.2373919726447355,0.2449774943073916,-0.0334911013417316,0.0208960647421229,-0.0540762866787221,-0.029603192836617
K23un,,,,,,,,,,,,,,,,,,,,,,,,,,,-0.0373200091726747,0.014519296988811,0.0459162329407674,0.0391406531045416,0.0178762757624661,-0.045217713820859,0.0869071489012439,-0.161423888101485,-0.0861638409880973,0.1168250671587277,-0.1060002466381359,0.0464619020142442
K23me3,,,,,,,,,,,,,,,,,,,,,,,,,,,0.0302454566666185,,,-0.0699473542544976,,-0.018534974725669,0.0772137730050836,-0.0201204663400591,-0.0558326698588946,0.0691808176957045,0.0163335171517179,-0.1296904059138758
K23me1,,,,,,,,,,,,,,,,,,,,,,,,,,,0.0129856697977577,-0.038708819188201,0.0210921793115695,-0.0130079395701721,,-0.0085415955408351,-0.2567792954522101,0.356502886245661,0.1394177849398824,-0.1977573649748093,-0.0267013237078427,
R26un,,,,,,,,,,,,,,,,,,,,,,,,,,,,,,-0.1349536432109219,0.0253959112433115,0.0134956174686948,0.0856789697389849,-0.0049125128287934,0.0333624090370354,-0.0422465112006531,0.0104786208083075,0.0161609494878338
R26me1,,,,,,,,,,,,,,,,,,,,,,,,,,,,,,0.1622429257070853,-0.0256769083157826,-0.039118985328152,-0.2898914054832573,0.1741025956154269,-0.2436440598272362,0.1461063495735164,0.0990093120216175,-0.1494747809625357
R26me2,,,,,,,,,,,,,,,,,,,,,,,,,,,,,,0.377614865493903,,-0.0213021980759818,-0.4056112080052505,-0.2556174919981083,0.0397594977987755,0.0181160074346531,-0.3393903062405168,-0.0083834883760099
K27un,,,,,,,,,,,,,,,,,,,,,,,,,,,,,,,,,,,-0.1190586086771064,-0.1072918116035879,-0.2598535727675046,0.4340616526095452
K27ac,,,,,,,,,,,,,,,,,,,,,,,,,,,,,,,,,,,-0.3200399516429822,0.0913105083291058,0.2142807513444433,
K27me2,,,,,,,,,,,,,,,,,,,,,,,,,,,,,,,,,,,0.5201327994655124,-0.4096938643402229,0.1278235409804374,-0.2639738840419424
K27me3,,,,,,,,,,,,,,,,,,,,,,,,,,,,,,,,,,,-0.5993332925451821,0.6126172113602093,-0.3279136425178567,
K27me1,,,,,,,,,,,,,,,,,,,,,,,,,,,,,,,,,,,0.0455364943303834,-0.4014348338333025,0.2600050640351961,0.2925374071388341
K36me2,,,,,,,,,,,,,,,,,,,,,,,,,,,,,,,,,,,,,,
K36un,,,,,,,,,,,,,,,,,,,,,,,,,,,,,,,,,,,,,,
K36me1,,,,,,,,,,,,,,,,,,,,,,,,,,,,,,,,,,,,,,
K36me3,,,,,,,,,,,,,,,,,,,,,,,,,,,,,,,,,,,,,,
