PTM_1,K4me1,K4un,R8un,R8me1,K9me2,K9ac,K9me3,K9un,K9me1,K14ac,K14un,K14me1,R17un,R17me1,K18me1,K18un,K18ac,K23ac,K23me2,K23un,K23me1,R26un,R26me1,R26me2,K27un,K27ac,K27me2,K27me3,K27me1,K36me2,K36un,K36me1,K36me3
K4me1,,,0.0278978551322283,,,,,,0.2045156986318723,0.3422933056159352,,,2.936422850463816e-17,,0.3831501514885121,,,,,0.0111987155868359,,2.936422850463816e-17,,,,,0.1475581723777856,,,0.2344612127074734,,,
K4un,,,-0.0114719371709304,0.0069489878550215,0.01778916619813,0.0033620099023037,0.0038165301314568,0.006791690713384,-0.0271634512785183,-0.0573822800883788,0.1013963802225974,0.003362009902304,8.693471017358757e-15,2.754620274324404e-16,-0.0743576116210614,0.0950011332562782,0.0040787682655299,0.0039046409061799,1.1323656026992904e-16,-0.0093989675245413,0.0032592889346247,1.01955269648832e-14,1.7190183129606142e-16,1.7192765658129046e-16,1.7192765658129046e-16,0.0050214937142301,-0.0206525775140249,0.0078831752044689,0.0106977898106835,-0.0315866695111724,0.0115757025230146,0.0054546796655854,0.0106977898106835
R8un,,,,,0.2192366844706116,0.0307469976930882,0.0811565761467915,0.0520302037273719,-0.3529618466442027,0.028709412839312,-0.0606091640751699,0.0703336560398059,0.500000000000001,,0.0364059038262768,-0.0796723108510785,0.0717838918264066,0.0693242590349833,0.0145908044355677,-0.0726148395339499,0.046023017140994,0.0941138889819831,,0.0221532940267988,0.0221532940267988,0.0685797258891078,-0.2416461284538524,0.1422273253131057,0.0978357970941256,-0.0185149063029246,-0.0997860749495506,0.0978997968889543,0.0978357970941256
R8me1,,,,,,,,0.0286302949654583,0.6776819051032618,0.0343652921802857,0.0684479752279701,,6.68918273084551e-17,0.5,,0.0698851417028154,,,,0.0625467387024193,,-0.0569960403168795,0.3120245518018304,,,,0.4812383092567458,,,0.1527613821352576,0.3001540442666656,,
K9me2,,,,,,,,,,,0.2909954316282234,,0.0565472611940579,,,0.1466970923336259,,-0.1483978296081776,,0.0660390374103675,0.0916088168024219,-0.024252157627413,,0.1958829973283194,0.1958829973283194,-0.1255927192679117,,0.3515591137785829,0.3006827214815792,,0.0723340956605683,0.1550533135555958,0.3006827214815792
K9ac,,,,,,,,,,,,0.5,3.236312834130452e-17,,0.4222803784766347,,,,,0.0123424141634538,,3.236312834130452e-17,,,,,,0.2132395776512751,,0.2584061868579769,,,
K9me3,,,,,,,,,,0.1723953105820759,-0.0256590212059977,,0.0462527993711536,,,0.0634961699104687,,,,0.0622733244616168,,0.0266762196125502,,,,,0.3736967939446248,,,0.4924069900328455,,,
K9un,,,,,,,,,,0.4187547836291688,-0.1075039146789895,,-0.0100826706438436,0.0286302949654583,,-0.2010979039888927,0.637476139296435,0.5898575268275281,0.1426842815206407,-0.2019572699369557,0.1585717409656335,-0.0293198282124137,0.2166057431636278,,,0.3898345583706225,0.0340952588598933,-0.0263321533737171,,0.1179719609059851,-0.114431580834536,0.3120640148096418,
K9me1,,,,,,,,,,0.0468090042478076,-0.1050297406204562,0.3750379412449788,-0.0853754004083033,0.2117943442368018,0.0876658501203845,0.0519931583969591,,,,0.0824484404973197,,0.0304389664953714,,,,-0.042269601905057,0.4590003513357697,-0.095620851068868,,0.0605288682694339,0.2438488547530697,,
K14ac,,,,,,,,,,,,,-0.0120419759178064,0.0343652921802857,0.2254434571044474,-0.0214046878801308,-0.0668800467084977,,0.1464620851244092,0.0371918392832415,0.1627701914753287,-0.0307527594630351,0.2223407403784552,,,,0.2611377267857366,-0.1096069678700848,,0.3597268964178373,-0.1011888219784776,-0.1324521454758838,
K14un,,,,,,,,,,,,,-0.0200028940251128,0.0341815258746204,,0.0990322772994942,0.1022795265103746,0.1400914268299462,,-0.0750435837088747,0.0160720181897492,0.0119881212328509,,0.0796360437815181,0.0796360437815181,0.0738019938728704,-0.1161708519737345,0.0264364469159807,0.0527523260061086,-0.2143939458029182,0.0195659746116945,0.1625784547356272,0.0527523260061086
K14me1,,,,,,,,,,,,,0.0395866583467177,,0.4222803784766347,0.0371530687850591,,,,0.0536489576507148,,0.0228315346560979,,,,0.0035378334870116,0.0281232260378353,0.1945009056698569,,0.3097340814368107,0.0546894287073939,,
R17un,,,,,,,,,,,,,,,3.831947917880253e-17,-0.0372861773328827,0.0344818367774466,0.033614672084517,0.0145908044355677,-0.0394937754087241,0.016215445995727,0.5941138889819824,,0.0221532940267988,0.0221532940267988,0.0226560492391696,-0.0759426098034531,0.0701323651941852,1.0297826439303926e-16,-0.078008446428547,0.049289115024357,0.0480144521196358,1.0297826439303926e-16
R17me1,,,,,,,,,,,,,,,,0.0333119576952327,,,,0.0370360208235957,,-0.0569960403168796,0.3120245518018304,,,,0.1451002158249016,,,0.1527613821352576,,,
K18me1,,,,,,,,,,,,,,,,,,,,0.0146140038615797,,3.831947917880253e-17,,,,,0.0307083238662977,0.1355199561279099,,0.3059651833577615,,,
K18un,,,,,,,,,,,,,,,,,,-0.1994726299998188,0.0136938348287976,0.2713921983046425,0.0323725492175512,-0.0271272321005657,0.020788297338993,0.0207914204221164,0.0207914204221164,-0.0800940967500468,-0.0095705857773543,-0.0409101520319368,0.0563034852533035,-0.103680530668442,0.0557957207142501,-0.0339325169942169,0.0563034852533035
K18ac,,,,,,,,,,,,,,,,,,0.4184031732992916,,-0.1864418550048186,,0.0198873379130638,,,,0.2263202419445337,0.0310851210339945,0.0801470050725623,,0.121968091050917,-0.1098786225913046,0.193301603398397,
K23ac,,,,,,,,,,,,,,,,,,,,,,0.0193872022217468,,,,0.6791445384197649,0.0114610561193648,-0.1359433600615201,,-0.0033183022537926,-0.1150697135453323,0.4467913380136062,
K23me2,,,,,,,,,,,,,,,,,,,,,,0.0084152204566828,,,,,0.0596476018403877,,,,0.1480124407626056,,
K23un,,,,,,,,,,,,,,,,,,,,,,-0.0283708694061319,0.0231122955960114,0.0231157678197891,0.0231157678197891,-0.3626412184474583,0.0369786011266444,0.0638169031237637,0.0392731004113214,0.0407195322816065,0.0476838941942256,-0.1832262327754986,0.0392731004113214
K23me1,,,,,,,,,,,,,,,,,,,,,,0.0093522295813135,,,,0.3245338060852658,,0.1156060112248398,,,0.164493174484001,0.2987608012243291,
R26un,,,,,,,,,,,,,,,,,,,,,,,,,,0.0130668360244973,0.0066895608606969,0.0404487166464234,1.0297826439303926e-16,0.0046322275737601,0.0284274092546715,-0.0328893685100335,1.0297826439303926e-16
R26me1,,,,,,,,,,,,,,,,,,,,,,,,,,,0.0905496596182275,,,0.0953306035867638,,,
R26me2,,,,,,,,,,,,,,,,,,,,,,,,,0.5,,,,,,,0.23069402074609,
K27un,,,,,,,,,,,,,,,,,,,,,,,,,,,,,,,,0.23069402074609,
K27ac,,,,,,,,,,,,,,,,,,,,,,,,,,,,,,-0.1172927265079611,,0.6552093998984767,
K27me2,,,,,,,,,,,,,,,,,,,,,,,,,,,,,,0.6819006909784273,-0.1147976095883409,-0.2883920056062521,
K27me3,,,,,,,,,,,,,,,,,,,,,,,,,,,,,,-0.0283542354907478,0.5248837167453021,0.1033340632732733,
K27me1,,,,,,,,,,,,,,,,,,,,,,,,,,,,,,,,,0.4999999999999999
K36me2,,,,,,,,,,,,,,,,,,,,,,,,,,,,,,,,,
K36un,,,,,,,,,,,,,,,,,,,,,,,,,,,,,,,,,
K36me1,,,,,,,,,,,,,,,,,,,,,,,,,,,,,,,,,
K36me3,,,,,,,,,,,,,,,,,,,,,,,,,,,,,,,,,
